ลำดับ,วันที่ใช้ห้อง,ช่วงเวลาใช้ห้อง,ชื่อห้อง,เรื่อง,ประธาน,จำนวนผู้เข้าร่วม,วัน/เวลาที่กดจอง,ผู้จอง,หน่วยงานผู้จอง,กองงานผู้จอง,สถานะปัจจุบัน,วัน/เวลา เปลี่ยนสถานะ
1,2025-06-18,13:00-16:30,ห้องประชุม (ศทส.),ประชุมคณะกรรมการจ้างควบคุมงานก่อสร้างอาคารสำนักงาน ป.ป.ท. ครั้งที่ 1/68,นางสาวอรณิช สุขบาล,10,2025-06-17 11:49:38,อนุพล พูลพินิจ,สำนักงานคณะกรรมการป้องกันปราบปรามการทุจริตในภาครัฐ,สำนักงานคณะกรรมการป้องกันปราบปรามการทุจริตในภาครัฐ,อนุมัติการจอง,2025-06-17 11:52:49
2,2025-06-18,13:00-16:30,Zoom Meeting Room 1,ประชุมคณะกรรมการจ้างควบคุมงานก่อสร้างอาคารสำนักงาน ป.ป.ท. ครั้งที่ 1/68,นางสาวอรณิช สุขบาล,10,2025-06-17 11:51:25,อนุพล พูลพินิจ,สำนักงานคณะกรรมการป้องกันปราบปรามการทุจริตในภาครัฐ,สำนักงานคณะกรรมการป้องกันปราบปรามการทุจริตในภาครัฐ,อนุมัติการจอง,2025-06-17 11:53:56
3,2025-06-19,09:00-12:00,ห้องประชุม (กปท.4),ประชุมไต่สวน,พลตรีสมพร เล็กพงษ์,5,2025-06-18 15:01:53,วรินยุพา นำนาผล,กลุ่มงานปราบปรามการทุจริตในองค์กรปกครองส่วนท้องถิ่น 1,กองปราบปรามการทุจริตในภาครัฐ 4,จองสำเร็จ,2025-06-18 15:01:53
4,2025-06-24,12:00-17:00,ห้องประชุม (กปท.4),สอบพยาน,นางสาวชิยา ศิริรักษ์,1,2025-06-18 14:48:03,อนาวิล เกตพันธ์,กลุ่มงานปราบปรามการทุจริตในองค์กรปกครองส่วนท้องถิ่น 1,กองปราบปรามการทุจริตในภาครัฐ 4,จองสำเร็จ,2025-06-18 14:48:03
5,2025-06-25,08:30-16:30,ห้องไต่สวน2,ประชุมคณะอนุกรรมการไต่สวนเพื่อวินิจฉัยชี้มูล,นายเทวิล ชาญกล้า,3,2025-06-23 09:21:21,โรสนา ศักดิ์นภาพรเลิศ,กลุ่มงานปราบปรามการทุจริตหน่วยงานไม่สังกัดกระทรวง ทบวง สำนักนายกรัฐมนตรี,กองปราบปรามการทุจริตในภาครัฐ 5,จองสำเร็จ,2025-06-23 09:24:12
6,2025-06-25,09:00-16:30,ห้องไต่สวน4,ไต่สวน,,1,2025-06-19 09:41:25,พรรณนิภา อารยะทรงศักดิ์,กลุ่มงานปราบปรามการทุจริตหน่วยงานไม่สังกัดกระทรวง ทบวง สำนักนายกรัฐมนตรี,กองปราบปรามการทุจริตในภาครัฐ 5,จองสำเร็จ,2025-06-19 09:41:25
7,2025-06-25,13:00-13:30,ห้องประชุม (ศทส.),ประชุมคณะกรรมการจัดทำร่างขอบเขตของงานจ้างที่ปรึกษาฯ (เขต 2),พันตำรวจโทวิโรจน์ มีดา,6,2025-06-23 16:16:28,เลอสันต์ หมู่หมื่นศรี,กลุ่มงานคอมพิวเตอร์และการสื่อสาร,ศูนย์เทคโนโลยีสารสนเทศและการสื่อสาร,อนุมัติการจอง,2025-06-23 16:21:02
8,2025-06-25,13:30-17:00,ห้องประชุม (ศทส.),ประชุมพิจารณาการออกแบบระบบ ความเสี่ยงระยะที่ 2,นางสาววรัญญา ชวศุภกุล,10,2025-06-23 16:19:20,เลอสันต์ หมู่หมื่นศรี,กลุ่มงานคอมพิวเตอร์และการสื่อสาร,ศูนย์เทคโนโลยีสารสนเทศและการสื่อสาร,อนุมัติการจอง,2025-06-23 16:20:58
9,2025-06-26,13:15-15:00,ห้องไต่สวน4,ประชุมคณะกรรมการทำลายเอกสาร,โรสนา,3,2025-06-26 09:12:05,พงศ์ศักดิ์ น้ำขาว,กลุ่มงานปราบปรามการทุจริตหน่วยงานไม่สังกัดกระทรวง ทบวง สำนักนายกรัฐมนตรี,กองปราบปรามการทุจริตในภาครัฐ 5,จองสำเร็จ,2025-06-26 09:12:05
10,2025-06-27,09:00-16:00,ห้องประชุม (กปท.4),สอบพยานแสวงหาข้อเท็จจริง,-,6,2025-06-17 16:05:34,สุกัญญา เลิศสุโภชวณิชย์,ฝ่ายบริหารทั่วไปและคดี,กองปราบปรามการทุจริตในภาครัฐ 4,จองสำเร็จ,2025-06-17 16:05:34
11,2025-06-30,09:00-16:30,ห้องไต่สวน3,ไต่สวน,,1,2025-06-19 09:48:59,พรรณนิภา อารยะทรงศักดิ์,กลุ่มงานปราบปรามการทุจริตหน่วยงานไม่สังกัดกระทรวง ทบวง สำนักนายกรัฐมนตรี,กองปราบปรามการทุจริตในภาครัฐ 5,จองสำเร็จ,2025-06-19 09:48:59
12,2025-06-30,09:30-12:00,ห้องประชุม(ห้องเล็ก 31),เชิญผู้กล่าวให้ถ้อยคำเพิ่มเติม,,4,2025-06-25 10:30:32,ปัทมา ช่างต่อ,กลุ่มงานปราบปรามการทุจริตในภาครัฐ 3,สำนักงานป้องกันและปราบปรามการทุจริตในภาครัฐ เขต 1,จองสำเร็จ,2025-06-25 10:30:32
13,2025-06-30,12:30-16:45,ห้องประชุม 2 (ห้องเล็ก),คณะอนุกรรมการพิจารณาและให้คำปรึกษาด้านกฎหมาย,นายสมชาย จุลนิติ์,10,2025-06-24 11:00:29,จิรวดี จินดาพล,กลุ่มงานกฎหมาย,กองกฎหมาย,จองสำเร็จ,2025-06-24 11:00:29
14,2025-06-30,15:00-17:30,Zoom Meeting Room 8,การประชุมการตรวจสอบ โรงพยาบาลขอนแก่น กรณีประสบภาวะวิกฤตทางการเงินการคลัง,พ.ต.ท.สิริพงษ์ ศรีตุลา,15,2025-06-30 12:12:05,ธันย์นภัทร ศรีนันทา,กลุ่มงานป้องกันการทุจริตในภาครัฐ,สำนักงานป้องกันและปราบปรามการทุจริตในภาครัฐ เขต 4,จองสำเร็จ,2025-06-30 12:12:05
15,2025-07-01,10:00-12:00,ห้องประชุม (ศทส.),นำเสนอระบบภายใต้โครงการ MA Connect,,10,2025-06-27 11:21:44,ตรียภรณ์ กองอ้น,กลุ่มงานป้องกันการทุจริตในภาครัฐ,สำนักงานป้องกันและปราบปรามการทุจริตในภาครัฐ เขต 5,อนุมัติการจอง,2025-06-27 11:21:54
16,2025-07-02,09:00-16:30,ห้องไต่สวน4,ไต่สวน,,3,2025-06-24 10:17:03,พรรณนิภา อารยะทรงศักดิ์,กลุ่มงานปราบปรามการทุจริตหน่วยงานไม่สังกัดกระทรวง ทบวง สำนักนายกรัฐมนตรี,กองปราบปรามการทุจริตในภาครัฐ 5,จองสำเร็จ,2025-06-24 10:17:03
17,2025-07-02,13:00-18:00,Zoom Meeting Room 1,คณะอนุกรรมการจัดทำคู่มือฯ ครั้งที่ 5/2568,,20,2025-06-27 10:33:10,ณัฐกิตติ์ วงศ์วิวัฒน์ชัย,กลุ่มงานกฎหมาย,กองกฎหมาย,จองสำเร็จ,2025-06-27 10:33:10
18,2025-07-03,08:30-16:30,ห้องประชุม (ศทส.),ประชุมคณะกรรมการจ้างควบคุมงานก่อสร้างอาคารสำนักงาน ป.ป.ท. ครั้งที่ 2/68,นางสาวอรณิช สุขบาล,10,2025-06-17 11:54:24,อนุพล พูลพินิจ,สำนักงานคณะกรรมการป้องกันปราบปรามการทุจริตในภาครัฐ,สำนักงานคณะกรรมการป้องกันปราบปรามการทุจริตในภาครัฐ,อนุมัติการจอง,2025-06-17 11:55:03
19,2025-07-03,08:30-16:30,Zoom Meeting Room 2,ประชุมคณะกรรมการจ้างควบคุมงานก่อสร้างอาคารสำนักงาน ป.ป.ท. ครั้งที่ 2/68,นางสาวอรณิช สุขบาล,10,2025-06-17 11:55:59,อนุพล พูลพินิจ,สำนักงานคณะกรรมการป้องกันปราบปรามการทุจริตในภาครัฐ,สำนักงานคณะกรรมการป้องกันปราบปรามการทุจริตในภาครัฐ,อนุมัติการจอง,2025-06-17 11:56:29
20,2025-07-03,09:00-15:00,ห้องไต่สวน3,สอบพยาน,ไม่มี,3,2025-07-01 12:59:49,พงศ์ศักดิ์ น้ำขาว,กลุ่มงานปราบปรามการทุจริตหน่วยงานไม่สังกัดกระทรวง ทบวง สำนักนายกรัฐมนตรี,กองปราบปรามการทุจริตในภาครัฐ 5,จองสำเร็จ,2025-07-01 12:59:49
21,2025-07-03,11:30-12:30,Zoom Meeting Room 3,ประชุมพิจารณาคำชี้แจงแก้ข้อกล่าวหาเพิ่มเติม สำนวนคดีเรื่องที่ 0122/2565 (โครงการส่งน้ำและบำรุงรักษาเพชรบุรี ร้านจิระยนต์),พันตำรวจเอก อืทธิพล กิจสุวรรณ,5,2025-06-27 12:51:01,ปุระเชษฐ์ สุระสัจจะ,กลุ่มงานกิจการคณะกรรมการ,กองบริหารคดี,จองสำเร็จ,2025-06-27 12:51:01
22,2025-07-03,12:00-17:00,ห้องประชุม(ห้องเล็ก 31),ประชุมกับบริษัทรับจ้าง E-learning,นางสาวพรหมพรรณ สายทองคำ,15,2025-07-01 11:31:15,กิติคุณ โตรักษา,กลุ่มงานวิชาการและพัฒนานวัตกรรมด้านการป้องกัน,กองป้องกันการทุจริตในภาครัฐ,จองสำเร็จ,2025-07-01 11:31:15
23,2025-07-03,13:00-18:00,Zoom Meeting Room 1,คณะอนุกรรมการจัดทำคู่มือฯ ครั้งที่ 6/2568,,20,2025-06-27 10:34:25,ณัฐกิตติ์ วงศ์วิวัฒน์ชัย,กลุ่มงานกฎหมาย,กองกฎหมาย,จองสำเร็จ,2025-06-27 10:34:25
24,2025-07-04,09:00-16:30,ห้องไต่สวน4,ไต่สวน,,3,2025-06-24 10:17:38,พรรณนิภา อารยะทรงศักดิ์,กลุ่มงานปราบปรามการทุจริตหน่วยงานไม่สังกัดกระทรวง ทบวง สำนักนายกรัฐมนตรี,กองปราบปรามการทุจริตในภาครัฐ 5,จองสำเร็จ,2025-06-24 10:17:38
25,2025-07-08,08:30-17:30,Zoom Meeting Room 2,ประชุมจัดทำร่าง TOR การจ้างที่ปรึกษากิจกรรมการจัดตั้งศูนย์ประสานงานเพื่ออำนวยความสะดวก การให้บริการภาครัฐในเขตพัฒนาพิเศษภาคตะวันออก (EEC) ระยะที่ 1 ฯ,,5,2025-07-07 17:34:18,ธนพล วัฒนเศรษฐ,ศูนย์เทคโนโลยีสารสนเทศและการสื่อสาร,ศูนย์เทคโนโลยีสารสนเทศและการสื่อสาร,จองสำเร็จ,2025-07-07 17:34:18
26,2025-07-08,09:00-16:30,ห้องไต่สวน4,ไต่สวน,,3,2025-06-25 09:29:13,พรรณนิภา อารยะทรงศักดิ์,กลุ่มงานปราบปรามการทุจริตหน่วยงานไม่สังกัดกระทรวง ทบวง สำนักนายกรัฐมนตรี,กองปราบปรามการทุจริตในภาครัฐ 5,จองสำเร็จ,2025-06-25 09:29:13
27,2025-07-09,08:30-16:30,ห้องไต่สวน4,ไต่สวนเบื้องต้น,,1,2025-07-02 08:06:53,โรสนา ศักดิ์นภาพรเลิศ,กลุ่มงานปราบปรามการทุจริตหน่วยงานไม่สังกัดกระทรวง ทบวง สำนักนายกรัฐมนตรี,กองปราบปรามการทุจริตในภาครัฐ 5,จองสำเร็จ,2025-07-02 08:06:53
28,2025-07-09,09:00-16:00,ห้องประชุม 2 (ห้องเล็ก),ประชุมคณะอนุกรรมการกลั่นกรองฯ คณะที่ 5 ครั้งที่ 22-6/2568,นายประพาฬ อนมาน,8,2025-06-26 09:55:06,พิศาล เฝื่อชาติ,กลุ่มงานคำวินิจฉัยและมติคณะกรรมการ,กองบริหารคดี,จองสำเร็จ,2025-06-26 09:55:06
29,2025-07-09,09:00-13:00,ห้องไต่สวน2,สอบพยาน,-,5,2025-06-30 14:58:31,สมศักดิ์ ทองประดับ,กลุ่มงานปราบปรามการทุจริตในองค์กรปกครองส่วนท้องถิ่น 2,กองปราบปรามการทุจริตในภาครัฐ 4,จองสำเร็จ,2025-06-30 14:58:31
30,2025-07-09,13:30-16:30,ห้องประชุม 1 (ห้องใหญ่),ประชุมหารือการจัดกิจกรรม มหกรรม GCNT EXPO 2025,เลขาธิการคณะกรรมการ ป.ป.ท.,20,2025-07-08 16:33:19,สุริยะ พรหมแก้ว,ฝ่ายบริหารทั่วไป,กองป้องกันการทุจริตในภาครัฐ,จองสำเร็จ,2025-07-08 16:33:19
31,2025-07-09,14:00-17:00,Zoom Meeting Room 1,การประชุมการใช้งานระบบ E-Report,,30,2025-07-08 09:51:21,นครินทร์ จันลา,ศูนย์รับเรื่องร้องเรียน,กองบริหารคดี,จองสำเร็จ,2025-07-08 09:52:11
32,2025-07-14,08:00-18:00,Zoom Meeting Room 1,โครงการสัมมนาเพื่อเพิ่มประสิทธิภาพในการปฏิบัติงานของพนักงาน ป.ป.ท.และเจ้าหน้าที่ ป.ป.ท. ตามกฎหมายว่าด้วยมาตรการของฝ่ายบริหารในการป้องกันและปราบปรามการทุจริตในภาครัฐ และที่แก้ไขเพิ่มเติม ประจำปีงบประมาณ พ.ศ. 2568,,300,2025-06-27 10:41:11,ณัฐกิตติ์ วงศ์วิวัฒน์ชัย,กลุ่มงานกฎหมาย,กองกฎหมาย,จองสำเร็จ,2025-06-27 10:41:11
33,2025-07-14,15:00-17:00,ห้องประชุม 2 (ห้องเล็ก),ประชุมพิจารณาค่าเช่าอาคารสำนักงาน ป.ป.ท. ส่วนกลาง,ผช.เลขาธิการ,15,2025-07-09 15:54:04,กฤติญา สยามพันธ์,กลุ่มงานส่งเสริมธรรมาภิบาลในภาครัฐ,กองป้องกันการทุจริตในภาครัฐ,จองสำเร็จ,2025-07-09 15:54:44
34,2025-07-15,08:00-18:00,Zoom Meeting Room 1,โครงการสัมมนาเพื่อเพิ่มประสิทธิภาพในการปฏิบัติงานของพนักงาน ป.ป.ท.และเจ้าหน้าที่ ป.ป.ท. ตามกฎหมายว่าด้วยมาตรการของฝ่ายบริหารในการป้องกันและปราบปรามการทุจริตในภาครัฐ และที่แก้ไขเพิ่มเติม ประจำปีงบประมาณ พ.ศ. 2568,,300,2025-06-27 10:42:35,ณัฐกิตติ์ วงศ์วิวัฒน์ชัย,กลุ่มงานกฎหมาย,กองกฎหมาย,จองสำเร็จ,2025-06-27 10:42:35
35,2025-07-16,08:00-12:00,ห้องประชุม(ห้องเล็ก 31),ประชุมคณะกรรมการจริยธรรมประจำสำนักงาน ป.ป.ท.,ประธานคณะกรรมการจริยธรรม,10,2025-07-09 13:41:22,พัทธนันท์ ประสิทธิวงษ์,กลุ่มงานจริยธรรม,ศูนย์ปฏิบัติการต่อต้านการทุจริต,จองสำเร็จ,2025-07-09 13:41:22
36,2025-07-16,09:00-14:00,ห้องประชุม 2 (ห้องเล็ก),ประชุมคณะอนุโยธาฯ,นายวิเชียร จัทรโณทัย,15,2025-06-18 14:54:26,สาริกา หันจางสิทธิ์,กลุ่มงานปราบปรามการทุจริตในองค์กรปกครองส่วนท้องถิ่น 2,กองปราบปรามการทุจริตในภาครัฐ 4,จองสำเร็จ,2025-07-16 12:54:53
37,2025-07-16,14:30-16:30,ห้องประชุม(ห้องเล็ก 31),หารือเตรียมการจัดกิจกรรม UNGCNT,นางสาวพรหมพรรณ สายทองคำ,10,2025-07-16 14:22:08,ปิยนุช จันทน์สุคนธ์,กลุ่มงานวิชาการและพัฒนานวัตกรรมด้านการป้องกัน,กองป้องกันการทุจริตในภาครัฐ,จองสำเร็จ,2025-07-16 14:22:08
38,2025-07-17,13:00-17:00,ห้องไต่สวน4,สอบถ้อยคำผู้ร้อง,,4,2025-07-16 09:45:01,นวพร ปั้นจันทร์,กลุ่มงานปราบปรามการทุจริตหน่วยงานในสังกัดสำนักนายกรัฐมนตรี,กองปราบปรามการทุจริตในภาครัฐ 5,จองสำเร็จ,2025-07-16 09:45:01
39,2025-07-18,08:30-12:00,ห้องประชุม 2 (ห้องเล็ก),ประชุมแนวทางการพิจารณาผลงานจ้างก่อสร้างอาคาร,,10,2025-07-16 11:42:43,อนุพล พูลพินิจ,สำนักงานคณะกรรมการป้องกันปราบปรามการทุจริตในภาครัฐ,สำนักงานคณะกรรมการป้องกันปราบปรามการทุจริตในภาครัฐ,จองสำเร็จ,2025-07-16 11:42:43
40,2025-07-18,08:30-12:00,Zoom Meeting Room 2,ประชุมแนวทางการพิจารณาผลงานจ้างก่อสร้างอาคาร,,10,2025-07-16 11:56:16,อนุพล พูลพินิจ,สำนักงานคณะกรรมการป้องกันปราบปรามการทุจริตในภาครัฐ,สำนักงานคณะกรรมการป้องกันปราบปรามการทุจริตในภาครัฐ,จองสำเร็จ,2025-07-16 11:56:16
41,2025-07-18,09:00-17:00,OneConferenceRoom 1,การประชุมคณะอนุกรรมการกลั่นกรองฯ คณะที่ 4,,9,2025-07-15 15:47:28,ณัฐฐพิชา นาวินธรรม,กลุ่มงานคำวินิจฉัยและมติคณะกรรมการ,กองบริหารคดี,จองสำเร็จ,2025-07-15 15:47:28
42,2025-07-18,09:00-17:00,ห้องประชุมคณะกรรมการ,การประชุมคณะอนุกรรมการกลั่นกรองฯ คณะที่ 4,,9,2025-07-15 15:47:28,ณัฐฐพิชา นาวินธรรม,กลุ่มงานคำวินิจฉัยและมติคณะกรรมการ,กองบริหารคดี,จองสำเร็จ,2025-07-15 15:47:28
43,2025-07-18,12:30-17:00,ห้องประชุม(กยผ),"ประชุมคณะทำงานประเมินผลสัมฤทธิ์กลุ่มภารกิจ และประชุมคณะทำงานประเมินผลจัดตั้งสำนักงานเขตพื้นที่ 3 , 4 ส่วนหน้า",พันตำรวจโท สิริพงษ์  สรีตุลา,15,2025-07-17 07:48:34,สลักจิต ณ ลำพูน,ฝ่ายบริหารทั่วไป,กองยุทธศาสตร์และแผนงาน,จองสำเร็จ,2025-07-17 07:48:34
44,2025-07-18,13:00-16:00,Zoom Meeting Room 1,คณะทำงานประเมินผลสัมฤทธิ์การดำเนินงานเพื่อบรรลุเป้าหมายของกลุ่มภารกิจ ครั้งที่ 1/2568,ผู้อำนวยการกองยุทธศาสตร์และแผนงาน,1,2025-07-15 12:48:57,วาสนา จัตุพร,กลุ่มงานนโยบายและยุทธศาสตร์,กองยุทธศาสตร์และแผนงาน,จองสำเร็จ,2025-07-16 15:02:10
45,2025-07-18,13:00-16:30,ห้องประชุม(ห้องเล็ก 31),ประชุมผลิตสื่อประชาสัมพันธ์,,10,2025-07-17 15:13:16,วลัยพร พ่วงเจริญ,กลุ่มงานปราบปรามการทุจริตในองค์กรปกครองส่วนท้องถิ่น 2,กองปราบปรามการทุจริตในภาครัฐ 4,จองสำเร็จ,2025-07-17 15:13:16
46,2025-07-18,13:00-17:00,Zoom Meeting Room 3,การประชุมชี้แจงการใช้งานระบบ E-REPORT ในระยะเริ่มแรก ให้กับธุรการคดี,กบค.,20,2025-07-15 18:45:31,พิสิษฐ์ แก้วเกตุ,ศูนย์รับเรื่องร้องเรียน,กองบริหารคดี,จองสำเร็จ,2025-07-15 18:45:31
47,2025-07-18,14:00-17:00,Zoom Meeting Room 6,งานป้องฯ เทสระบบ,,5,2025-07-18 13:34:33,เขมณัฏฐ์ บัวอยู่,กลุ่มงานบริหารคดีและบริหารทั่วไป,สำนักงานป้องกันและปราบปรามการทุจริตในภาครัฐ เขต 2,จองสำเร็จ,2025-07-18 13:34:33
48,2025-07-21,09:30-12:30,ห้องประชุม(กยผ),กตน. เปิดตรวจสอบการดำเนินโครงการของ กนป.,ผอ.กตน.,10,2025-07-16 10:22:11,พัชรียา ต่อประดิษฐ์,กลุ่มงานประสานการป้องกันและปราบปรามการทุจริตระหว่างประเทศ,กองการต่างประเทศ,จองสำเร็จ,2025-07-16 10:22:11
49,2025-07-21,09:30-17:00,Zoom Meeting Room 7,งานป้องฯ เทสระบบ ครั้งที่ 2,,6,2025-07-21 08:59:05,เขมณัฏฐ์ บัวอยู่,กลุ่มงานบริหารคดีและบริหารทั่วไป,สำนักงานป้องกันและปราบปรามการทุจริตในภาครัฐ เขต 2,จองสำเร็จ,2025-07-21 08:59:05
50,2025-07-22,09:00-16:30,ห้องประชุม(ห้องเล็ก 31),ประชุม กปก.,-,15,2025-07-17 16:06:05,สุริยะ พรหมแก้ว,ฝ่ายบริหารทั่วไป,กองป้องกันการทุจริตในภาครัฐ,จองสำเร็จ,2025-07-17 16:06:05
51,2025-07-22,09:00-15:00,OneConferenceRoom 1,ประชุมคณะอนุกรรมการกลั่นกรองฯ คณะที่ 1,พลโท นพพร โควหกุล ประธานอนุกรรมการฯ,9,2025-07-16 12:51:03,ปิยะนุช ชูเมือง,กลุ่มงานคำวินิจฉัยและมติคณะกรรมการ,กองบริหารคดี,จองสำเร็จ,2025-07-16 12:51:03
52,2025-07-22,09:00-15:00,ห้องประชุมคณะกรรมการ,ประชุมคณะอนุกรรมการกลั่นกรองฯ คณะที่ 1,พลโท นพพร โควหกุล ประธานอนุกรรมการฯ,9,2025-07-16 12:51:03,ปิยะนุช ชูเมือง,กลุ่มงานคำวินิจฉัยและมติคณะกรรมการ,กองบริหารคดี,จองสำเร็จ,2025-07-16 12:51:03
53,2025-07-22,13:00-17:00,Zoom Meeting Room 6,งานป้องฯ เทสระบบ ครั้งที่ 3,,6,2025-07-22 12:23:52,เขมณัฏฐ์ บัวอยู่,กลุ่มงานบริหารคดีและบริหารทั่วไป,สำนักงานป้องกันและปราบปรามการทุจริตในภาครัฐ เขต 2,จองสำเร็จ,2025-07-22 12:23:52
54,2025-07-22,13:30-14:30,OneConferenceRoom 2,ประชุมคณะอนุกรรมการไต่สวน,นายสุภาพ ศิริ,3,2025-07-18 15:06:51,ชุติมน แปงคำเรือง,กลุ่มงานปราบปรามการทุจริตในภาครัฐ 2,สำนักงานป้องกันและปราบปรามการทุจริตในภาครัฐ เขต 6,จองสำเร็จ,2025-07-18 15:06:51
55,2025-07-22,16:30-19:00,Zoom Meeting Room 1,ประชุมกับทีมพัฒนาระบบรับเรื่องร้องเรียนผ่านเว็บไซต์,อรวรรณ ผดุงเกียรติ,8,2025-07-22 14:33:24,ประดับ วาหมงคล,กลุ่มงานบริหารเทคโนโลยีและพัฒนาระบบ,ศูนย์เทคโนโลยีสารสนเทศและการสื่อสาร,จองสำเร็จ,2025-07-22 14:33:24
56,2025-07-23,08:30-16:00,ห้องไต่สวน3,สอบพยาน,,3,2025-07-16 09:35:50,วิชาญ พิเนตรเสถียร,กลุ่มงานปราบปรามการทุจริตหน่วยงานไม่สังกัดกระทรวง ทบวง สำนักนายกรัฐมนตรี,กองปราบปรามการทุจริตในภาครัฐ 5,จองสำเร็จ,2025-07-16 09:35:50
57,2025-07-23,09:00-12:00,ห้องไต่สวน4,สอบปากคำผู้ร้องเรียน,,2,2025-07-21 10:31:32,ภัทร คงคาทิพย์,กลุ่มงานปราบปรามการทุจริตในองค์กรปกครองส่วนท้องถิ่น 1,กองปราบปรามการทุจริตในภาครัฐ 4,จองสำเร็จ,2025-07-21 10:31:32
58,2025-07-23,09:00-16:00,ห้องประชุม (กปท.4),สอบปากคำพยาน,,2,2025-07-21 16:15:21,ภัทร คงคาทิพย์,กลุ่มงานปราบปรามการทุจริตในองค์กรปกครองส่วนท้องถิ่น 1,กองปราบปรามการทุจริตในภาครัฐ 4,จองสำเร็จ,2025-07-21 16:15:21
59,2025-07-23,09:00-16:30,OneConferenceRoom 1,ประชุมคณะกรรมการ ป.ป.ท. ครั้งที่ 53/2568,,10,2025-07-22 09:12:10,ธนพล วัฒนเศรษฐ,ศูนย์เทคโนโลยีสารสนเทศและการสื่อสาร,ศูนย์เทคโนโลยีสารสนเทศและการสื่อสาร,จองสำเร็จ,2025-07-23 15:58:57
60,2025-07-23,13:00-18:00,Zoom Meeting Room 1,คณะอนุกรรมการจัดทำคู่มือฯ ครั้งที่ 7/2568,พันตำรวจโท วันนพ สมจินตนากุล,20,2025-07-16 09:48:05,ณัฐกิตติ์ วงศ์วิวัฒน์ชัย,กลุ่มงานกฎหมาย,กองกฎหมาย,จองสำเร็จ,2025-07-16 09:48:05
61,2025-07-23,13:00-16:30,ห้องไต่สวน2,สอบพยาน,,4,2025-07-16 11:05:37,ประภัสรา นิลจันทึก,กลุ่มงานปราบปรามการทุจริตในองค์กรปกครองส่วนท้องถิ่น 2,กองปราบปรามการทุจริตในภาครัฐ 4,จองสำเร็จ,2025-07-16 11:07:06
62,2025-07-23,13:00-16:00,Zoom Meeting Room 6,MOU ระหว่างสำนักงาน ป.ป.ท. กับกรมที่ดิน กับ EEC,,10,2025-07-22 09:02:40,ธนพล วัฒนเศรษฐ,ศูนย์เทคโนโลยีสารสนเทศและการสื่อสาร,ศูนย์เทคโนโลยีสารสนเทศและการสื่อสาร,จองสำเร็จ,2025-07-22 09:02:40
63,2025-07-23,13:30-15:00,OneConferenceRoom 2,ประชุมคณะอนุกรรมการไต่สวน,นายสุภาพ ศิริ,3,2025-07-22 14:01:28,จารวี ฉัตรเสถียรศักดิ์,กลุ่มงานปราบปรามการทุจริตในภาครัฐ 3,สำนักงานป้องกันและปราบปรามการทุจริตในภาครัฐ เขต 6,จองสำเร็จ,2025-07-22 14:01:28
64,2025-07-24,08:00-16:30,ห้องประชุม(ห้องเล็ก 31),ประชุมพิจารณาคัดเลือกเครือข่าย(ฝ่ายเลขานุการ),-,6,2025-07-17 23:44:04,ญาณัชชา นนทจันทร์,กลุ่มงานเครือข่ายภาคประชาสังคมป้องกันการทุจริต,กองป้องกันการทุจริตในภาครัฐ,จองสำเร็จ,2025-07-17 23:44:04
65,2025-07-24,08:00-17:00,Zoom Meeting Room 10,อบรมการพัฒนาระบบ หัวข้อ การออกแบบ UX/UI และการพัฒนา Frontend โครงการพัฒนาประสิทธิภาพการบริหารจัดการและแลกเปลี่ยนข้อมูลตามกรอบการดูแลข้อมูลภาครัฐ,,10,2025-07-21 11:32:16,เลอสันต์ หมู่หมื่นศรี,กลุ่มงานคอมพิวเตอร์และการสื่อสาร,ศูนย์เทคโนโลยีสารสนเทศและการสื่อสาร,จองสำเร็จ,2025-07-24 13:38:27
66,2025-07-24,08:30-16:30,ห้องไต่สวน1,ไต่สวนพยาน,พลตรี พันธุ์ไชย อินทุลักษ์,3,2025-07-07 09:28:46,นันทการ มีเหม,กลุ่มงานปราบปรามการทุจริตในภาครัฐ 1,สำนักงานป้องกันและปราบปรามการทุจริตในภาครัฐ เขต 1,จองสำเร็จ,2025-07-07 09:28:46
67,2025-07-24,09:00-12:00,Zoom Meeting Room 6,ประชุมประจำเดือน กรกฎาคม 2568,นายจิรวัฒน์ สุภาพ,40,2025-07-23 14:03:10,ธันย์นภัทร ศรีนันทา,กลุ่มงานป้องกันการทุจริตในภาครัฐ,สำนักงานป้องกันและปราบปรามการทุจริตในภาครัฐ เขต 4,จองสำเร็จ,2025-07-23 14:03:10
68,2025-07-24,09:00-17:00,Zoom Meeting Room 9,บรรยายให้ความรู้เกี่ยวกับการตรวจสอบโครงการก่อสร้าง,ผอ.ปปท.เขต 2,10,2025-07-21 12:58:25,นาถยา รักหนู,กลุ่มงานป้องกันการทุจริตในภาครัฐ,สำนักงานป้องกันและปราบปรามการทุจริตในภาครัฐ เขต 2,จองสำเร็จ,2025-07-22 18:18:36
69,2025-07-24,09:00-16:00,OneConferenceRoom 1,ประชุมคณะกรรมการ ป.ป.ท. ครั้งที่ 54/2568,,1,2025-07-22 09:16:38,ธนพล วัฒนเศรษฐ,ศูนย์เทคโนโลยีสารสนเทศและการสื่อสาร,ศูนย์เทคโนโลยีสารสนเทศและการสื่อสาร,จองสำเร็จ,2025-07-22 09:16:38
70,2025-07-24,10:00-12:00,Zoom Meeting Room 1,ประชุม คกก. ประเมินบุคคลฯ,,10,2025-07-22 09:09:23,ธนพล วัฒนเศรษฐ,ศูนย์เทคโนโลยีสารสนเทศและการสื่อสาร,ศูนย์เทคโนโลยีสารสนเทศและการสื่อสาร,จองสำเร็จ,2025-07-22 09:09:23
71,2025-07-24,12:00-16:30,ห้องประชุม(กยผ),ประชุมตัวชี้วัดกระบวนการยุติธรรม,กยผ.,10,2025-07-23 13:37:06,สลักจิต ณ ลำพูน,ฝ่ายบริหารทั่วไป,กองยุทธศาสตร์และแผนงาน,จองสำเร็จ,2025-07-23 13:37:06
72,2025-07-24,14:00-15:00,OneConferenceRoom 2,ประชุมคณะอนุกรรมการไต่สวนข้อเท็จจริง ตามคำสั่งคณะกรรมการ ป.ป.ท. ลับ ที่ 217/2558 ลงวันที่ 15 พ.ค. 2558 ประกอบคำสั่ง ลับ ที่ 48/2567 ลงวันที่ 12 ก.พ. 2567 ครั้งที่ 7-2/2568,กฤษณ์  กระแสเวส,3,2025-07-17 11:48:37,ภัคภิณญา อุตสาย,กลุ่มงานบริหารคดีและบริหารทั่วไป,สำนักงานป้องกันและปราบปรามการทุจริตในภาครัฐ เขต 5,จองสำเร็จ,2025-07-22 10:00:10
73,2025-07-25,08:00-16:00,ห้องประชุม 2 (ห้องเล็ก),พิจารณาผลการประกวดราคาจ้างก่อสร้างอาคารสำนักงาน ปปท. (ส่วนกลาง),,1,2025-07-22 14:50:36,ตรียภรณ์ กองอ้น,กลุ่มงานป้องกันการทุจริตในภาครัฐ,สำนักงานป้องกันและปราบปรามการทุจริตในภาครัฐ เขต 5,จองสำเร็จ,2025-07-22 14:51:02
74,2025-07-25,08:00-16:00,ห้องประชุม 1 (ห้องใหญ่),ประชุมคณะอนุกรรมการพิจารณาเครือข่ายต้นแบบฯ 3/2568,,1,2025-07-22 14:49:12,ตรียภรณ์ กองอ้น,กลุ่มงานป้องกันการทุจริตในภาครัฐ,สำนักงานป้องกันและปราบปรามการทุจริตในภาครัฐ เขต 5,จองสำเร็จ,2025-07-22 14:49:12
75,2025-07-25,08:00-16:00,Zoom Meeting Room 6,ประชุมคณะทำงานพิจารณาเครือข่ายต้นแบบฯ ครั้งที่ 3,,1,2025-07-22 09:21:39,ธนพล วัฒนเศรษฐ,ศูนย์เทคโนโลยีสารสนเทศและการสื่อสาร,ศูนย์เทคโนโลยีสารสนเทศและการสื่อสาร,จองสำเร็จ,2025-07-22 09:21:39
76,2025-07-25,08:00-17:00,Zoom Meeting Room 10,อบรมการพัฒนาระบบ หัวข้อ การออกแบบ UX/UI และการพัฒนา Frontend โครงการพัฒนาประสิทธิภาพการบริหารจัดการและแลกเปลี่ยนข้อมูลตามกรอบการดูแลข้อมูลภาครัฐ,,10,2025-07-21 11:32:16,เลอสันต์ หมู่หมื่นศรี,กลุ่มงานคอมพิวเตอร์และการสื่อสาร,ศูนย์เทคโนโลยีสารสนเทศและการสื่อสาร,จองสำเร็จ,2025-07-24 13:38:27
77,2025-07-25,09:00-12:00,ห้องไต่สวน3,สอบปากคำผู้ร้อง,,2,2025-07-21 16:20:51,ภัทร คงคาทิพย์,กลุ่มงานปราบปรามการทุจริตในองค์กรปกครองส่วนท้องถิ่น 1,กองปราบปรามการทุจริตในภาครัฐ 4,จองสำเร็จ,2025-07-21 16:20:51
78,2025-07-25,09:00-13:30,ห้องประชุม(ห้องเล็ก 31),ประชุมคณะอนุกรรมการไต่สวน,,4,2025-07-17 13:03:13,สาริศ บรรเทิง,กลุ่มงานปราบปรามการทุจริตในรัฐวิสาหกิจ 2,กองปราบปรามการทุจริตในภาครัฐ 3,จองสำเร็จ,2025-07-17 13:04:34
79,2025-07-25,09:30-16:30,ห้องไต่สวน2,แจ้งข้อกล่าวหา,,1,2025-07-17 16:06:25,จักรกฤษณ์ ประจันพล,กลุ่มงานอำนวยการด้านคุ้มครองพยาน,กองอำนวยการต่อต้านการทุจริต,จองสำเร็จ,2025-07-17 16:06:25
80,2025-07-25,10:00-12:00,Zoom Meeting Room 1,ประชุมคณะทำงานการเข้าร่วมเป็นสมาชิกองค์การเพื่อความร่วมมือและการพัฒนาทางเศรษฐกิจ ครั้งที่ 1/2568,,10,2025-07-16 15:56:03,สุพจน์ หินทอง,ศูนย์รับเรื่องร้องเรียน,กองบริหารคดี,จองสำเร็จ,2025-07-21 14:33:17
81,2025-07-25,10:00-12:00,Zoom Meeting Room 9,การประชุมขับเคลื่อนธรรมาภิบาลข้อมูลภาครัฐ สำนักงาน ป.ป.ท.,นายสัมพันธ์ บุญเลิศ,5,2025-07-22 09:07:35,ณัฐกฤตา วงษ์สายตา,กลุ่มงานบริหารเทคโนโลยีและพัฒนาระบบ,ศูนย์เทคโนโลยีสารสนเทศและการสื่อสาร,จองสำเร็จ,2025-07-22 09:07:35
82,2025-07-25,13:00-17:00,ห้องประชุม(กยผ),ประชุมคณะอนุกรรมขับเคลื่อนแผนแม่บทภายใต้ยุทธศาสตร์ชาติฯ ปี 2561-2580,พันตำรวจโท สิริพงษ  ศรีตุลา,10,2025-07-17 07:44:05,สลักจิต ณ ลำพูน,ฝ่ายบริหารทั่วไป,กองยุทธศาสตร์และแผนงาน,จองสำเร็จ,2025-07-17 07:44:05
83,2025-07-25,13:15-15:00,OneConferenceRoom 2,ประชุมไต่สวนสำนวน 0076/2566,นายศานต์ชาติ ตึดสันโดษ,3,2025-07-18 15:39:06,กฤตพร ใจโฮ้ง,กลุ่มตรวจสอบภายใน,กลุ่มตรวจสอบภายใน,จองสำเร็จ,2025-07-25 13:22:14
84,2025-07-25,14:00-16:00,ห้องประชุม (กปท.4),ประชุม กปท.1 ครั้งที่ 7/2568,นายรักษ์กล้า  สถานสุข,17,2025-07-16 09:40:55,พิกุล โกสินทร์,ฝ่ายบริหารทั่วไปและคดี,กองปราบปรามการทุจริตในภาครัฐ 1,จองสำเร็จ,2025-07-16 09:47:21
85,2025-07-27,13:00-17:00,Zoom Meeting Room 9,ประเมินสถานะหน่วยงานในการเป็นการเป็นระบบ PMQA 4.0,นางสาวปภรดา เขียวประดิษฐ,4,2025-07-21 10:43:37,ศักดิ์ดา สารจันทร์,กลุ่มพัฒนาระบบบริหาร,กลุ่มพัฒนาระบบบริหาร,จองสำเร็จ,2025-07-21 10:43:37
86,2025-07-28,08:30-17:30,ห้องประชุม 2 (ห้องเล็ก),พิจารณาผลการประกวดราคาจ้างก่อสร้างอาคารสำนักงาน ปปท. (ส่วนกลาง),,13,2025-07-18 10:44:38,จารุณี ชูสุวรรณ์,กลุ่มงานคลัง,สำนักงานเลขาธิการ,จองสำเร็จ,2025-07-18 10:44:38
87,2025-07-29,08:00-12:00,ห้องประชุม 2 (ห้องเล็ก),ประชุม สปท. ป.ป.ท. ครั้งที่ 7/2568,เลขาธิการคณะกรรมการ ป.ป.ท. มอบหมายรองเลขาธิการคณะกรรมการ ป.ป.ท. 1 เป็นประธาน,15,2025-07-17 14:09:51,เสาวณีย์ แจ้งอักษร,กลุ่มงานป้องกันและปราบปรามการทุจริตและประพฤติมิชอบ,ศูนย์ปฏิบัติการต่อต้านการทุจริต,จองสำเร็จ,2025-07-17 14:09:51
88,2025-07-29,08:00-12:00,Zoom Meeting Room 9,ประชุม สปท.ป.ป.ท. ครั้งที่ 7/2568,,15,2025-07-22 09:23:59,ธนพล วัฒนเศรษฐ,ศูนย์เทคโนโลยีสารสนเทศและการสื่อสาร,ศูนย์เทคโนโลยีสารสนเทศและการสื่อสาร,จองสำเร็จ,2025-07-22 09:23:59
89,2025-07-29,08:00-16:30,OneConferenceRoom 2,ประชุมคณะกรรมการ ป.ป.ท. ครั้งที่ 55/2568,,1,2025-07-22 09:28:19,ธนพล วัฒนเศรษฐ,ศูนย์เทคโนโลยีสารสนเทศและการสื่อสาร,ศูนย์เทคโนโลยีสารสนเทศและการสื่อสาร,จองสำเร็จ,2025-07-22 09:28:19
90,2025-07-29,08:30-12:00,ห้องไต่สวน2,ประชุมคดีไต่สวน,,5,2025-07-24 15:32:08,ดวงใจ เชยชม,กลุ่มงานปราบปรามการทุจริตในองค์กรปกครองส่วนท้องถิ่น 1,กองปราบปรามการทุจริตในภาครัฐ 4,จองสำเร็จ,2025-07-24 15:32:08
91,2025-07-29,09:30-12:00,ห้องประชุม 1 (ห้องใหญ่),การประชุมผู้บริหารสำนักงาน ป.ป.ท. ครั้งที่ 6/2568,เลขาธิการคณะกรรมการ ป.ป.ท.,30,2025-07-15 09:13:36,ตรียภรณ์ กองอ้น,กลุ่มงานป้องกันการทุจริตในภาครัฐ,สำนักงานป้องกันและปราบปรามการทุจริตในภาครัฐ เขต 5,จองสำเร็จ,2025-07-15 09:13:36
92,2025-07-29,09:30-12:00,ห้องประชุม (กปท.4),ประชุมข้อมูลข่าวสาร(คุณอรวรรณ  กองกฎหมาย),,13,2025-07-18 09:59:32,ศิริขวัญ บุญปลูก,ฝ่ายบริหารทั่วไปและคดี,กองปราบปรามการทุจริตในภาครัฐ 4,จองสำเร็จ,2025-07-18 09:59:32
93,2025-07-29,09:30-12:00,Zoom Meeting Room 2,การประชุมผู้บริหารสำนักงาน ป.ป.ท. ครั้งที่ 6/2568,เลขาธิการคณะกรรมการ ป.ป.ท.,30,2025-07-15 09:13:36,ตรียภรณ์ กองอ้น,กลุ่มงานป้องกันการทุจริตในภาครัฐ,สำนักงานป้องกันและปราบปรามการทุจริตในภาครัฐ เขต 5,จองสำเร็จ,2025-07-15 09:13:36
94,2025-07-29,10:00-12:00,OneConferenceRoom 3,ประชุมคณะอนุกรรมการ คำสั่งที่ 376/2567,,1,2025-07-22 09:36:20,ธนพล วัฒนเศรษฐ,ศูนย์เทคโนโลยีสารสนเทศและการสื่อสาร,ศูนย์เทคโนโลยีสารสนเทศและการสื่อสาร,จองสำเร็จ,2025-07-22 09:36:20
95,2025-07-29,12:00-17:00,Zoom Meeting Room 1,คณะอนุกรรมการพิจารณากลั่นกรองการเปิดเผยข้อมูลข่าวสาร,รองเลขาธิการคณะกรรมการ ป.ป.ท.,1,2025-07-22 10:06:40,อานนท์ ชนประชา,กลุ่มงานความเห็นแย้ง,กองกฎหมาย,จองสำเร็จ,2025-07-22 10:06:40
96,2025-07-29,12:45-17:00,ห้องประชุม(ห้องเล็ก 31),ประชุมหารือคัดเลือกเครือข่ายฯ,-,10,2025-07-17 14:23:27,สุริยะ พรหมแก้ว,ฝ่ายบริหารทั่วไป,กองป้องกันการทุจริตในภาครัฐ,จองสำเร็จ,2025-07-17 14:23:27
97,2025-07-29,13:00-17:00,ห้องประชุม 1 (ห้องใหญ่),อนุข้อมูลข่าวสารของราชการฯ,รองเลขาธิการคณะกรรมการ ป.ป.ท.,1,2025-07-18 10:43:02,ภูธนิตย์ สุขจิตร์,ฝ่ายบริหารทั่วไป,กองการต่างประเทศ,จองสำเร็จ,2025-07-18 10:43:02
98,2025-07-29,13:00-16:30,ห้องประชุม (กปท.4),ประชุมคดีไต่สวน,,6,2025-07-18 10:01:21,นวีนา วัฒนประดิษฐ์,กลุ่มงานปราบปรามการทุจริตในองค์กรปกครองส่วนท้องถิ่น 1,กองปราบปรามการทุจริตในภาครัฐ 4,จองสำเร็จ,2025-07-18 10:01:21
99,2025-07-29,13:00-16:00,Zoom Meeting Room 9,ประชุมชี้แจงผลงานโดดเด่น,,20,2025-07-22 09:34:07,ธนพล วัฒนเศรษฐ,ศูนย์เทคโนโลยีสารสนเทศและการสื่อสาร,ศูนย์เทคโนโลยีสารสนเทศและการสื่อสาร,จองสำเร็จ,2025-07-22 09:34:07
100,2025-07-29,13:30-16:30,OneConferenceRoom 1,1088/2563,นายสุภาพ  ศิริ,1,2025-07-21 09:48:33,กมลทิพย์ โล่ห์เลขา,กลุ่มงานปราบปรามการทุจริตในภาครัฐ 2,สำนักงานป้องกันและปราบปรามการทุจริตในภาครัฐ เขต 6,จองสำเร็จ,2025-07-21 09:48:33
101,2025-07-29,16:00-20:00,Zoom Meeting Room 5,การประชุมคณะกรรมการจัดทำร่างขอบเขตของงานจ้างที่ปรึกษาและกำหนดราคากลาง ครั้งที่ ๔/๒๕๖๘ (คำสั่งสำนักงาน ปปท. เขต ๒ ที่ ๑๐/๒๕๖๘ ลงวันที่ ๒๐ มิถุนายน พ.ศ. ๒๕๖๘),"พันตำรวจโท วิโรจน์  มีดา นักสืบสวนสอบสวนชำนาญการพิเศษ ปปท.เขต ๒	ประธานกรรมการ",10,2025-07-25 09:22:06,วันนา วิลุนระพันธ์,กลุ่มความร่วมมือและพัฒนานวัตกรรมความโปร่งใสในภาครัฐ,กองการต่างประเทศ,จองสำเร็จ,2025-07-25 09:22:38
102,2025-07-30,08:00-17:00,ห้องประชุม(ห้องเล็ก 31),ประชุมพิจารณาคัดเลือกเครือข่าย(ฝ่ายเลขานุการ),ว่าที่ ร.ท.เจนรบ พละเดช,1,2025-07-24 16:45:47,ญาณัชชา นนทจันทร์,กลุ่มงานเครือข่ายภาคประชาสังคมป้องกันการทุจริต,กองป้องกันการทุจริตในภาครัฐ,จองสำเร็จ,2025-07-24 16:45:47
103,2025-07-30,08:00-16:00,OneConferenceRoom 1,ประชุมคณะกรรมการ ป.ป.ท. ครั้งที่ 56/2568,,1,2025-07-22 09:29:22,ธนพล วัฒนเศรษฐ,ศูนย์เทคโนโลยีสารสนเทศและการสื่อสาร,ศูนย์เทคโนโลยีสารสนเทศและการสื่อสาร,จองสำเร็จ,2025-07-22 09:29:22
104,2025-07-30,08:30-16:30,ห้องไต่สวน4,ไต่สวน,,3,2025-07-22 13:35:53,พรรณนิภา อารยะทรงศักดิ์,กลุ่มงานปราบปรามการทุจริตหน่วยงานไม่สังกัดกระทรวง ทบวง สำนักนายกรัฐมนตรี,กองปราบปรามการทุจริตในภาครัฐ 5,จองสำเร็จ,2025-07-22 13:35:53
105,2025-07-30,09:00-10:30,OneConferenceRoom 3,ประชุมคณะอนุกรรมการไต่สวน,นายสุภาพ ศิริ,3,2025-07-29 08:29:41,กาญจนา วงศ์สุนา,กลุ่มตรวจสอบภายใน,กลุ่มตรวจสอบภายใน,จองสำเร็จ,2025-07-29 08:29:41
106,2025-07-30,10:00-12:00,ห้องประชุมคณะกรรมการ,ประชุม คทง. โครงการสัมมนาเชิงปฏิบัติการเพื่อพัฒนาศักยภาพ หน่วยงานบังคับใช้กฎหมายปราบปรามการทุจริตในภาครัฐ,"	นางสาวณพัสตร์ ศรีสมเกียรติ",20,2025-07-29 09:45:41,ลลิตตา พานิชผล,กลุ่มงานบริหารคดีและบริหารทั่วไป,กองบริหารคดี,จองสำเร็จ,2025-07-29 10:52:54
107,2025-07-30,13:00-17:00,ห้องประชุม 2 (ห้องเล็ก),ประชุมพิจารณาผลการประกวดราคางานจ้างก่อสร้าง ครั้งที่ 2,,10,2025-07-25 20:03:32,อนุพล พูลพินิจ,สำนักงานคณะกรรมการป้องกันปราบปรามการทุจริตในภาครัฐ,สำนักงานคณะกรรมการป้องกันปราบปรามการทุจริตในภาครัฐ,จองสำเร็จ,2025-07-25 20:03:32
108,2025-07-31,08:30-18:00,ห้องประชุม(ห้องเล็ก 31),ประชุมพิจารณาคัดเลือกเครือข่าย(ฝ่ายเลขานุการ),ว่าที่ ร.ท.เจนรบ  พละเดช,5,2025-07-24 16:47:01,ญาณัชชา นนทจันทร์,กลุ่มงานเครือข่ายภาคประชาสังคมป้องกันการทุจริต,กองป้องกันการทุจริตในภาครัฐ,จองสำเร็จ,2025-07-24 16:47:01
109,2025-07-31,09:00-16:30,ห้องไต่สวน3,สอบพยาน,-,5,2025-07-17 18:04:19,นวีนา วัฒนประดิษฐ์,กลุ่มงานปราบปรามการทุจริตในองค์กรปกครองส่วนท้องถิ่น 1,กองปราบปรามการทุจริตในภาครัฐ 4,จองสำเร็จ,2025-07-17 18:04:19
110,2025-07-31,09:30-16:30,ห้องไต่สวน2,แจ้งข้อกล่าวหา,,1,2025-07-17 15:33:17,จักรกฤษณ์ ประจันพล,กลุ่มงานอำนวยการด้านคุ้มครองพยาน,กองอำนวยการต่อต้านการทุจริต,จองสำเร็จ,2025-07-17 15:33:17
111,2025-07-31,13:00-17:00,ห้องประชุม 2 (ห้องเล็ก),ขอเชิญประชุมเพื่อจัดทำข้อมูลประเมินองค์กรตามเกณฑ์ประเมินสถานะหน่วยงานในการเป็นระบบราชการ 4.0 (PMQA 4.0),กพร.,15,2025-07-29 16:00:17,ศักดิ์ดา สารจันทร์,กลุ่มพัฒนาระบบบริหาร,กลุ่มพัฒนาระบบบริหาร,จองสำเร็จ,2025-07-29 16:00:17
112,2025-07-31,13:00-17:00,ห้องประชุมคณะกรรมการ,ประชุมคณะอนุกรรมการกลั่นกรองฯ คณะที่ 6,นายภาส ภาสสัทธา,9,2025-07-15 15:44:31,นงค์ลักษณ์ ยั่งยืน,กลุ่มงานคำวินิจฉัยและมติคณะกรรมการ,กองบริหารคดี,จองสำเร็จ,2025-07-15 15:44:31
113,2025-08-01,08:00-17:00,ห้องประชุม 1 (ห้องใหญ่),ประชุม อ.ก.พ. สำนักงาน ป.ป.ท. ปฏิบัติหน้าที่ อ.ก.พ. กระทรวง ครั้งที่ 2/2568,ประธานกรรมการ ป.ป.ท.,1,2025-07-21 10:06:17,วิทยา สีดา,กลุ่มพัฒนาระบบบริหาร,กลุ่มพัฒนาระบบบริหาร,จองสำเร็จ,2025-07-21 10:08:15
114,2025-08-01,08:00-12:45,ห้องประชุม(ห้องเล็ก 31),ประชุมพิจารณาคัดเลือกเครือข่าย(ฝ่ายเลขานุการ),ว่าที่ ร.ท.เจนรบ  พละเดช,4,2025-07-31 23:59:47,ญาณัชชา นนทจันทร์,กลุ่มงานเครือข่ายภาคประชาสังคมป้องกันการทุจริต,กองป้องกันการทุจริตในภาครัฐ,จองสำเร็จ,2025-07-31 23:59:47
115,2025-08-01,08:00-16:00,ห้องประชุม(กยผ),ประชุมผลการสำรวจความเชื่อมั่นของผู้มีส่วนได้เสียต่อการดำเนินงานฯ,กยผ.,5,2025-07-31 07:21:06,สลักจิต ณ ลำพูน,ฝ่ายบริหารทั่วไป,กองยุทธศาสตร์และแผนงาน,จองสำเร็จ,2025-07-31 07:21:06
116,2025-08-01,08:00-16:00,Zoom Meeting Room 8,ประชุมขับเคลื่อนการประเมินตามเกณฑ์ชี้วัดความเสี่ยงการทุจริตเชิงนโยบายในการดำเนินโครงการขนาดใหญ่ ประจำปีงบประมาณ พ.ศ. 2568 (ชุมพร),นายธรรมนูญ คงรัตน์,20,2025-07-22 11:42:31,สิงหา พรมเพ็ง,กลุ่มงานป้องกันการทุจริตในภาครัฐ,สำนักงานป้องกันและปราบปรามการทุจริตในภาครัฐ เขต 8,จองสำเร็จ,2025-07-22 11:42:31
117,2025-08-01,09:00-16:00,OneConferenceRoom 1,การประชุมคณะอนุกรรมการสนับสนุนเลขาธิการคณะกรรมการ ป.ป.ท.ฯ คณะที่ 2,พันตำรวจโท ชัยวิณ เสมาทอง,13,2025-07-15 15:32:19,กฤติยาวดี ณ ถลาง,กลุ่มงานกิจการคณะกรรมการ,กองบริหารคดี,จองสำเร็จ,2025-07-15 15:32:19
118,2025-08-01,09:00-16:00,ห้องประชุมคณะกรรมการ,การประชุมคณะอนุกรรมการสนับสนุนเลขาธิการคณะกรรมการ ป.ป.ท.ฯ คณะที่ 2,พันตำรวจโท ชัยวิณ เสมาทอง,13,2025-07-15 15:32:19,กฤติยาวดี ณ ถลาง,กลุ่มงานกิจการคณะกรรมการ,กองบริหารคดี,จองสำเร็จ,2025-07-15 15:32:19
119,2025-08-01,09:30-16:00,ห้องประชุม 2 (ห้องเล็ก),ประชุม กนป.,กนป.,9,2025-07-31 14:17:33,แพรววนิต เวียงมูล,กลุ่มความร่วมมือและพัฒนานวัตกรรมความโปร่งใสในภาครัฐ,กองการต่างประเทศ,จองสำเร็จ,2025-07-31 15:57:04
120,2025-08-01,09:30-16:30,ห้องไต่สวน2,สอบผู้ร้องเรียน,,1,2025-07-24 15:26:05,นันทการ มีเหม,กลุ่มงานปราบปรามการทุจริตในภาครัฐ 1,สำนักงานป้องกันและปราบปรามการทุจริตในภาครัฐ เขต 1,จองสำเร็จ,2025-07-24 15:26:05
121,2025-08-01,10:00-12:00,Zoom Meeting Room 6,ประชุมหารือ,นายเอกชัย เกษมสุขธวัช,20,2025-08-01 09:29:38,วิศิษฏ์ นาคะเสงี่ยม,กลุ่มงานสารบรรณ,สำนักงานเลขาธิการ,จองสำเร็จ,2025-08-01 09:30:35
122,2025-08-01,13:00-16:00,ห้องประชุม(ห้องเล็ก 31),ประชุมหารือหลักสูตร Star Stem,ผอ.กปก.,9,2025-07-22 15:02:22,ณรัธน์นันท์ อำนวยธนากูล,กลุ่มงานวิชาการและพัฒนานวัตกรรมด้านการป้องกัน,กองป้องกันการทุจริตในภาครัฐ,จองสำเร็จ,2025-07-22 15:02:22
123,2025-08-04,08:00-12:30,ห้องไต่สวน4,ประชุม,ประทีป,1,2025-07-29 10:49:42,ประทีป ศิริดำรงค์,กลุ่มงานปราบปรามการทุจริตหน่วยงานไม่สังกัดกระทรวง ทบวง สำนักนายกรัฐมนตรี,กองปราบปรามการทุจริตในภาครัฐ 5,จองสำเร็จ,2025-07-29 10:49:42
124,2025-08-04,08:00-13:00,ห้องอบรม (กพบ),กิจกรรมฉีดวัคซีนไข้หวัดใหญ่,,200,2025-07-24 15:53:17,ตะวัน ราชไลกิจ,กลุ่มงานบริหารงานบุคคล,สำนักงานเลขาธิการ,จองสำเร็จ,2025-07-24 15:53:17
125,2025-08-04,08:30-17:00,ห้องประชุม 2 (ห้องเล็ก),ประชุมพิจารณาผลจ้างควบคุมงงานก่อสร้าง ครั้งที่ 1,,6,2025-08-01 12:48:35,อนุพล พูลพินิจ,สำนักงานคณะกรรมการป้องกันปราบปรามการทุจริตในภาครัฐ,สำนักงานคณะกรรมการป้องกันปราบปรามการทุจริตในภาครัฐ,จองสำเร็จ,2025-08-01 12:48:35
126,2025-08-04,09:00-16:00,ห้องไต่สวน3,สอบปากคำ,,5,2025-07-22 14:53:52,วิชาญ พิเนตรเสถียร,กลุ่มงานปราบปรามการทุจริตหน่วยงานไม่สังกัดกระทรวง ทบวง สำนักนายกรัฐมนตรี,กองปราบปรามการทุจริตในภาครัฐ 5,จองสำเร็จ,2025-07-22 14:53:52
127,2025-08-04,09:00-12:00,ห้องประชุม(ห้องเล็ก 31),ประชุมเร่งรัดการใช้จ่ายงบประมาณ ปีงบประมาณ พ.ศ. 2568,รองเลขาธิการคณะกรรมการ ป.ป.ท.,10,2025-07-31 15:55:25,เกศรารัตติ์ บุนนท์,กลุ่มงานเครือข่ายภาคประชาสังคมป้องกันการทุจริต,กองป้องกันการทุจริตในภาครัฐ,จองสำเร็จ,2025-07-31 15:55:25
128,2025-08-04,09:00-12:00,Zoom Meeting Room 9,ประชุมเร่งรัดการใช้จ่ายงบประมาณ ปีงบประมาณ พ.ศ. 2568,รองเลขาธิการคณะกรรมการ ป.ป.ท.,10,2025-07-31 15:55:25,เกศรารัตติ์ บุนนท์,กลุ่มงานเครือข่ายภาคประชาสังคมป้องกันการทุจริต,กองป้องกันการทุจริตในภาครัฐ,จองสำเร็จ,2025-07-31 15:55:25
129,2025-08-04,09:15-17:00,ห้องไต่สวน2,ประชุมไต่สวน,,3,2025-08-04 09:12:32,เริงจิตร ฉิมพินิจ,กลุ่มงานปราบปรามการทุจริตกระทรวงด้านความมั่นคง 1,กองปราบปรามการทุจริตในภาครัฐ 1,จองสำเร็จ,2025-08-04 09:12:32
130,2025-08-04,09:30-15:00,ห้องประชุมคณะกรรมการ,คณะอนุกรรมการกลั่นกรองฯ คณะที่ 7,นายพิพัฒน์ วงศาโรจน์,8,2025-07-16 14:12:16,นฤชัย สวัสดิ์ผล,กลุ่มงานคำวินิจฉัยและมติคณะกรรมการ,กองบริหารคดี,จองสำเร็จ,2025-07-16 14:12:16
131,2025-08-04,10:00-12:00,ห้องประชุม 1 (ห้องใหญ่),ประชุมงานป้องฯ,รอง1,20,2025-08-04 09:22:54,มนัชญา เกตุสุทธิ,กลุ่มงานช่วยอำนวยการ,สำนักงานเลขาธิการ,จองสำเร็จ,2025-08-04 09:22:54
132,2025-08-04,12:00-17:00,Zoom Meeting Room 1,ประชุมคณะกรรมการสวัสดิการฯ,นายเอกชัย เกษมสุขธวัช (รองเลขาธิการคณะกรรมการ ป.ป.ท.),20,2025-07-24 16:26:26,ตะวัน ราชไลกิจ,กลุ่มงานบริหารงานบุคคล,สำนักงานเลขาธิการ,จองสำเร็จ,2025-07-24 16:26:26
133,2025-08-04,13:00-14:00,OneConferenceRoom 1,ประชุมคณะอนุกรรมการไต่สวนข้อเท็จจริง,พ.ต.ท.งามพล บุญลิ่มเต็ง,3,2025-08-04 11:57:09,ทวีศักดิ์ นันทะพงษ์,กลุ่มงานปราบปรามการทุจริตในรัฐวิสาหกิจ 1,กองปราบปรามการทุจริตในภาครัฐ 3,จองสำเร็จ,2025-08-04 11:57:09
134,2025-08-04,13:30-17:00,ห้องไต่สวน1,ไต่่สวน,พ.ต.ต.มงคล ขุมทอง พนักงานผู้รับผิดชอบสำนวน,3,2025-07-22 13:06:27,พงษ์พัฒน์ มิ่งขวัญ,กลุ่มงานปราบปรามการทุจริตในภาครัฐ 3,สำนักงานป้องกันและปราบปรามการทุจริตในภาครัฐ เขต 3,จองสำเร็จ,2025-07-22 13:06:27
135,2025-08-05,08:00-16:30,ห้องประชุม 2 (ห้องเล็ก),ประชุมผู้บริหาร ครั้งที่ 6/2568,,30,2025-07-25 14:16:05,มานพ ธงชัย,กลุ่มงานปราบปรามการทุจริตในองค์กรปกครองส่วนท้องถิ่น 2,กองปราบปรามการทุจริตในภาครัฐ 4,จองสำเร็จ,2025-07-25 14:16:05
136,2025-08-05,08:00-12:30,ห้องไต่สวน2,ประชุม,ประทีป,1,2025-07-29 10:50:45,ประทีป ศิริดำรงค์,กลุ่มงานปราบปรามการทุจริตหน่วยงานไม่สังกัดกระทรวง ทบวง สำนักนายกรัฐมนตรี,กองปราบปรามการทุจริตในภาครัฐ 5,จองสำเร็จ,2025-07-29 10:52:31
137,2025-08-05,08:00-17:00,ห้องไต่สวน4,สอบปากคำผู้ร้องเรียน,,1,2025-07-16 10:42:58,ชรินดา มีแป้น,กลุ่มงานปราบปรามการทุจริตหน่วยงานในสังกัดสำนักนายกรัฐมนตรี,กองปราบปรามการทุจริตในภาครัฐ 5,จองสำเร็จ,2025-07-16 10:42:58
138,2025-08-05,08:00-16:00,ห้องประชุม 1 (ห้องใหญ่),ประชุมคณะอนุกรรมการพิจารณาและคัดเลือกเครือข่ายต้นแบบในการป้องกันและเฝ้าระวังการทุจริต ครั้งที่ 4/2568,นายเอกชัย เกษมสุขธวัช รองเลขาธิการคณะกรรมการ ป.ป.ท.,20,2025-07-09 15:27:01,เกศรารัตติ์ บุนนท์,กลุ่มงานเครือข่ายภาคประชาสังคมป้องกันการทุจริต,กองป้องกันการทุจริตในภาครัฐ,จองสำเร็จ,2025-07-09 15:27:01
139,2025-08-05,08:00-17:00,ห้องประชุม (กปท.4),บันทึกถ้อยคำพยาน,,3,2025-07-29 16:28:13,วรินยุพา นำนาผล,กลุ่มงานปราบปรามการทุจริตในองค์กรปกครองส่วนท้องถิ่น 1,กองปราบปรามการทุจริตในภาครัฐ 4,จองสำเร็จ,2025-07-29 16:28:13
140,2025-08-05,08:00-16:00,Zoom Meeting Room 8,ประชุมคณะอนุกรรมการพิจารณาและคัดเลือกเครือข่ายต้นแบบในการป้องกันและเฝ้าระวังการทุจริต ครั้งที่ 4/2568,นายเอกชัย เกษมสุขธวัช รองเลขาธิการคณะกรรมการ ป.ป.ท.,15,2025-07-15 10:16:40,เกศรารัตติ์ บุนนท์,กลุ่มงานเครือข่ายภาคประชาสังคมป้องกันการทุจริต,กองป้องกันการทุจริตในภาครัฐ,จองสำเร็จ,2025-07-15 10:16:40
141,2025-08-05,08:30-15:00,ห้องไต่สวน3,สอบพยาน,,1,2025-07-22 15:22:26,มะลิไล แก้วมาดีงาม,กลุ่มงานปราบปรามการทุจริตหน่วยงานไม่สังกัดกระทรวง ทบวง สำนักนายกรัฐมนตรี,กองปราบปรามการทุจริตในภาครัฐ 5,จองสำเร็จ,2025-07-22 15:22:26
142,2025-08-05,08:30-17:00,ห้องประชุม(ห้องเล็ก 31),ประชุมพิจารณาผลจ้างควบคุมงงานก่อสร้าง ครั้งที่ 1,,6,2025-08-01 12:57:17,อนุพล พูลพินิจ,สำนักงานคณะกรรมการป้องกันปราบปรามการทุจริตในภาครัฐ,สำนักงานคณะกรรมการป้องกันปราบปรามการทุจริตในภาครัฐ,จองสำเร็จ,2025-08-01 12:57:17
143,2025-08-05,09:00-12:00,ห้องไต่สวน1,สอบผู้ร้อง,,3,2025-07-22 15:03:07,สหราช เกษอินทร์,กลุ่มงานปราบปรามการทุจริตในองค์กรปกครองส่วนท้องถิ่น 1,กองปราบปรามการทุจริตในภาครัฐ 4,จองสำเร็จ,2025-07-22 15:03:07
144,2025-08-05,09:00-14:00,OneConferenceRoom 3,ไต่สวน,พล.ต.อ.,3,2025-07-30 13:39:40,ประทีป ศิริดำรงค์,กลุ่มงานปราบปรามการทุจริตหน่วยงานไม่สังกัดกระทรวง ทบวง สำนักนายกรัฐมนตรี,กองปราบปรามการทุจริตในภาครัฐ 5,จองสำเร็จ,2025-07-30 13:39:40
145,2025-08-05,09:00-17:00,ห้องประชุมคณะกรรมการ,ประชุมคณะอนุกรรมการกลั่นกรองฯ คณะที่ 2 ครั้งที่ 25-8/2568,นายพิทักษ์ คงจันทร์,9,2025-07-15 16:20:22,ฤาฤทธิ์ เริงสมุทร์,กลุ่มงานคำวินิจฉัยและมติคณะกรรมการ,กองบริหารคดี,จองสำเร็จ,2025-07-15 16:20:22
146,2025-08-05,09:30-12:00,Zoom Meeting Room 2,การประชุมผู้บริหารสำนักงาน ป.ป.ท. ครั้งที่ 6/2568,,30,2025-08-04 15:54:36,ธนภัทร์ ไชยพิตร,ศูนย์เทคโนโลยีสารสนเทศและการสื่อสาร,ศูนย์เทคโนโลยีสารสนเทศและการสื่อสาร,จองสำเร็จ,2025-08-04 15:58:02
147,2025-08-05,12:30-16:30,ห้องประชุม(กยผ),ประชุมคณะอนุกรรมการกำกับและติดตามโครงการ/กิจกรรมงบบูรณาการฯ ปี 2568 แผนงานบูรณาการต่อต้านการทุจริต,พันตำรวจโท สิริพงษ์ ศรีตุลา,10,2025-07-17 07:40:40,สลักจิต ณ ลำพูน,ฝ่ายบริหารทั่วไป,กองยุทธศาสตร์และแผนงาน,จองสำเร็จ,2025-07-17 07:40:40
148,2025-08-05,13:00-16:30,Zoom Meeting Room 1,ประชุมพิจารณาผลจ้างควบคุมงงานก่อสร้าง ครั้งที่ 2,,6,2025-08-04 18:29:28,อนุพล พูลพินิจ,สำนักงานคณะกรรมการป้องกันปราบปรามการทุจริตในภาครัฐ,สำนักงานคณะกรรมการป้องกันปราบปรามการทุจริตในภาครัฐ,จองสำเร็จ,2025-08-04 18:29:28
149,2025-08-05,13:00-15:00,OneConferenceRoom 2,ประชุมคณะอนุกรรมการไต่สวนข้อเท็จจริง,นายไพรัตน์ ปัจจะวงษ์,3,2025-07-30 09:27:34,ไชยา สุวรรณพันธ์,กลุ่มงานปราบปรามการทุจริตในภาครัฐ 1,สำนักงานป้องกันและปราบปรามการทุจริตในภาครัฐ เขต 4,จองสำเร็จ,2025-07-30 09:27:34
150,2025-08-06,08:00-17:00,ห้องไต่สวน1,สอบพยาน,,3,2025-07-17 16:01:13,วรินยุพา นำนาผล,กลุ่มงานปราบปรามการทุจริตในองค์กรปกครองส่วนท้องถิ่น 1,กองปราบปรามการทุจริตในภาครัฐ 4,จองสำเร็จ,2025-07-17 16:01:13
151,2025-08-06,08:00-12:30,ห้องไต่สวน3,ประชุม,ประทีป,1,2025-07-29 10:51:36,ประทีป ศิริดำรงค์,กลุ่มงานปราบปรามการทุจริตหน่วยงานไม่สังกัดกระทรวง ทบวง สำนักนายกรัฐมนตรี,กองปราบปรามการทุจริตในภาครัฐ 5,จองสำเร็จ,2025-07-29 10:51:36
152,2025-08-06,08:30-16:30,ห้องไต่สวน4,ไต่สวนเบื้องต้น,,3,2025-07-23 13:20:43,พรรณนิภา อารยะทรงศักดิ์,กลุ่มงานปราบปรามการทุจริตหน่วยงานไม่สังกัดกระทรวง ทบวง สำนักนายกรัฐมนตรี,กองปราบปรามการทุจริตในภาครัฐ 5,จองสำเร็จ,2025-07-23 13:20:43
153,2025-08-06,08:30-12:00,ห้องประชุม(ห้องเล็ก 31),ประชุมหารือตัวชี้วัดระดับกรม 69,,14,2025-08-05 16:09:20,สุริยะ พรหมแก้ว,ฝ่ายบริหารทั่วไป,กองป้องกันการทุจริตในภาครัฐ,จองสำเร็จ,2025-08-05 16:09:20
154,2025-08-06,08:30-13:00,OneConferenceRoom 1,ประชุมคณะกรรมการ ป.ป.ท. ครั้งที่ 57/2568,,1,2025-07-16 14:25:51,ลลิตตา พานิชผล,กลุ่มงานบริหารคดีและบริหารทั่วไป,กองบริหารคดี,จองสำเร็จ,2025-08-05 15:13:09
155,2025-08-06,09:00-16:00,ห้องไต่สวน2,สอบพยาน,,3,2025-07-22 15:05:05,สหราช เกษอินทร์,กลุ่มงานปราบปรามการทุจริตในองค์กรปกครองส่วนท้องถิ่น 1,กองปราบปรามการทุจริตในภาครัฐ 4,จองสำเร็จ,2025-07-22 15:05:05
156,2025-08-06,09:00-16:30,ห้องประชุม(กยผ),คณะทำงานประเมินผลการจัดตั้ง ปปท.เขต 3 (ส่วนหน้า) และ ปปท.เขต 4 (ส่วนหน้า),,15,2025-07-31 14:16:33,ศิริรัตน์ สีชมภู,กลุ่มงานติดตามและประเมินผล,กองยุทธศาสตร์และแผนงาน,จองสำเร็จ,2025-07-31 14:16:33
157,2025-08-06,09:00-16:30,Zoom Meeting Room 2,คณะทำงานประเมินผลการจัดตั้ง ปปท.เขต 3 (ส่วนหน้า) และ ปปท.เขต 4 (ส่วนหน้า),,15,2025-07-31 14:17:26,ศิริรัตน์ สีชมภู,กลุ่มงานติดตามและประเมินผล,กองยุทธศาสตร์และแผนงาน,จองสำเร็จ,2025-07-31 14:17:45
158,2025-08-06,13:00-17:00,Zoom Meeting Room 1,คณะอนุกรรมการพิจารณาและให้คำปรึกษาด้านกฎหมาย,,1,2025-07-23 14:18:17,จิรวดี จินดาพล,กลุ่มงานกฎหมาย,กองกฎหมาย,จองสำเร็จ,2025-07-23 14:18:17
159,2025-08-06,13:00-17:00,ห้องประชุม 2 (ห้องเล็ก),คณะอนุกรรมการพิจารณาและให้คำปรึกษาด้านกฎหมาย,,10,2025-07-23 14:19:11,จิรวดี จินดาพล,กลุ่มงานกฎหมาย,กองกฎหมาย,จองสำเร็จ,2025-07-23 14:19:11
160,2025-08-06,13:00-17:00,ห้องประชุม(ห้องเล็ก 31),เครือข่ายขอเข้าหารือ,เจนรบ พละเดช,5,2025-08-06 08:26:50,ญาณัชชา นนทจันทร์,กลุ่มงานเครือข่ายภาคประชาสังคมป้องกันการทุจริต,กองป้องกันการทุจริตในภาครัฐ,จองสำเร็จ,2025-08-06 08:26:50
161,2025-08-06,13:00-17:00,Zoom Meeting Room 3,สอบถ้อยคำพยานชาวต่างชาติ,,1,2025-08-04 16:41:37,เพชรรพี จรัสเจษฎา,กลุ่มงานปราบปรามการทุจริตหน่วยงานในสังกัดสำนักนายกรัฐมนตรี,กองปราบปรามการทุจริตในภาครัฐ 5,จองสำเร็จ,2025-08-04 16:41:37
162,2025-08-06,13:00-17:00,ห้องประชุมคณะกรรมการ,สอบถ้อยคำพยานชาวต่างชาติ,,5,2025-08-04 16:49:10,เพชรรพี จรัสเจษฎา,กลุ่มงานปราบปรามการทุจริตหน่วยงานในสังกัดสำนักนายกรัฐมนตรี,กองปราบปรามการทุจริตในภาครัฐ 5,จองสำเร็จ,2025-08-04 16:49:33
163,2025-08-06,14:30-15:30,OneConferenceRoom 1,ประชุมสำนวนที่ 111348/2561 (คำสั่งที่ 144/2564 ลว 26 มค 64),นายธีรเดช นรัตถรักษา,1,2025-08-05 09:08:40,อัศวิน เบญจโอฬาร,กลุ่มงานปราบปรามการทุจริตในภาครัฐ 2,สำนักงานป้องกันและปราบปรามการทุจริตในภาครัฐ เขต 6,จองสำเร็จ,2025-08-05 09:08:40
164,2025-08-07,08:30-17:00,ห้องไต่สวน1,ประชุมไต่สวน,พลโท นพพร โควหกุล,1,2025-07-30 10:21:02,เริงจิตร ฉิมพินิจ,กลุ่มงานปราบปรามการทุจริตกระทรวงด้านความมั่นคง 1,กองปราบปรามการทุจริตในภาครัฐ 1,จองสำเร็จ,2025-07-30 10:21:02
165,2025-08-07,08:30-16:30,ห้องไต่สวน4,ไต่สวนเบื้องต้น,,3,2025-07-23 13:22:30,พรรณนิภา อารยะทรงศักดิ์,กลุ่มงานปราบปรามการทุจริตหน่วยงานไม่สังกัดกระทรวง ทบวง สำนักนายกรัฐมนตรี,กองปราบปรามการทุจริตในภาครัฐ 5,จองสำเร็จ,2025-07-23 13:22:30
166,2025-08-07,08:30-13:00,OneConferenceRoom 1,ประชุมคณะกรรมการ ป.ป.ท. ครั้งที่ 58/2568,นายอำนาจ พวงชมพู,1,2025-07-16 14:37:27,ลลิตตา พานิชผล,กลุ่มงานบริหารคดีและบริหารทั่วไป,กองบริหารคดี,จองสำเร็จ,2025-08-04 16:18:22
167,2025-08-07,08:30-13:00,ห้องประชุมคณะกรรมการ,ประชุมคณะกรรมการ ป.ป.ท. ประจำเดือน สิงหาคม 2568,นายอำนาจ พวงชมพู,20,2025-07-16 14:12:01,ลลิตตา พานิชผล,กลุ่มงานบริหารคดีและบริหารทั่วไป,กองบริหารคดี,จองสำเร็จ,2025-07-16 14:12:01
168,2025-08-07,09:00-16:30,ห้องไต่สวน3,แจ้งข้อกล่าวหา,นายไพรัตน์ ปัจจะวงษ์,4,2025-08-04 09:33:35,พิกุล โกสินทร์,ฝ่ายบริหารทั่วไปและคดี,กองปราบปรามการทุจริตในภาครัฐ 1,จองสำเร็จ,2025-08-04 09:33:35
169,2025-08-07,09:30-13:00,ห้องไต่สวน2,สอบพยาน,,4,2025-07-25 12:46:32,ประภัสรา นิลจันทึก,กลุ่มงานปราบปรามการทุจริตในองค์กรปกครองส่วนท้องถิ่น 2,กองปราบปรามการทุจริตในภาครัฐ 4,จองสำเร็จ,2025-07-25 12:46:32
170,2025-08-07,09:30-12:00,ห้องประชุม (กปท.4),ประชุมกอง กปท. 4,นางสาวชิยา ศิริรักษ์,21,2025-07-25 14:54:09,สาริกา หันจางสิทธิ์,กลุ่มงานปราบปรามการทุจริตในองค์กรปกครองส่วนท้องถิ่น 2,กองปราบปรามการทุจริตในภาครัฐ 4,จองสำเร็จ,2025-07-25 14:54:09
171,2025-08-07,09:45-11:00,Zoom Meeting Room 1,การประชุมคณะกรรมการประเมินบุคคลฯ ครั้งที่ 4/2568,พ.ต.ท.สิริพงษ์ ศรีตุลา,5,2025-08-01 11:28:00,พัชร์ณิษา ภูมิพิริยะไชย,กลุ่มงานบริหารงานบุคคล,สำนักงานเลขาธิการ,จองสำเร็จ,2025-08-01 11:28:00
172,2025-08-07,10:15-12:00,Zoom Meeting Room 8,ประชุมภายในสำนักงาน ปปท.เขต 3,,30,2025-08-06 12:15:22,แก้วกาญจน์ ป้อมอุ่นเรือน,กลุ่มงานบริหารคดีและบริหารทั่วไป,สำนักงานป้องกันและปราบปรามการทุจริตในภาครัฐ เขต 3,จองสำเร็จ,2025-08-06 12:15:22
173,2025-08-07,13:00-18:00,Zoom Meeting Room 1,คณะอนุกรรมการจัดทำคู่มือฯ ครั้งที่ 8/2568,พันตำรวจโท วันนพ สมจินตนากุล,20,2025-07-30 13:52:55,ณัฐกิตติ์ วงศ์วิวัฒน์ชัย,กลุ่มงานกฎหมาย,กองกฎหมาย,จองสำเร็จ,2025-07-30 13:52:55
174,2025-08-07,13:00-16:30,ห้องประชุม(ห้องเล็ก 31),ประชุมเตรียมจัดงานมอบรางวัลเครือข่ายต้นแบบฯ ประจำปีงบประมาณ พ.ศ. 2568,ผอ.กปก.,15,2025-08-05 14:46:51,เกศรารัตติ์ บุนนท์,กลุ่มงานเครือข่ายภาคประชาสังคมป้องกันการทุจริต,กองป้องกันการทุจริตในภาครัฐ,จองสำเร็จ,2025-08-05 14:46:51
175,2025-08-07,13:00-19:00,Zoom Meeting Room 10,ประชุมคณะกรรมการจ้างที่ปรึกษา EEC,,8,2025-08-05 16:33:20,นาถยา รักหนู,กลุ่มงานป้องกันการทุจริตในภาครัฐ,สำนักงานป้องกันและปราบปรามการทุจริตในภาครัฐ เขต 2,จองสำเร็จ,2025-08-06 15:34:28
176,2025-08-07,14:00-18:00,ห้องประชุม 1 (ห้องใหญ่),ประชุมพิจารณาผลจ้างควบคุมงงานก่อสร้าง ครั้งที่ 6,,10,2025-08-06 12:48:22,อนุพล พูลพินิจ,สำนักงานคณะกรรมการป้องกันปราบปรามการทุจริตในภาครัฐ,สำนักงานคณะกรรมการป้องกันปราบปรามการทุจริตในภาครัฐ,จองสำเร็จ,2025-08-06 14:20:03
177,2025-08-07,14:00-18:00,Zoom Meeting Room 2,ประชุมพิจารณาผลจ้างควบคุมงงานก่อสร้าง ครั้งที่ 6,,10,2025-08-06 13:05:49,อนุพล พูลพินิจ,สำนักงานคณะกรรมการป้องกันปราบปรามการทุจริตในภาครัฐ,สำนักงานคณะกรรมการป้องกันปราบปรามการทุจริตในภาครัฐ,จองสำเร็จ,2025-08-06 14:19:28
178,2025-08-07,14:30-16:30,ห้องประชุม 2 (ห้องเล็ก),การประชุมหาเพื่อแบ่งความรับผิดชอบการดำเนินการเรื่องตราสาร OECD ระหว่างสำนักงาน ป.ป.ท. และสำนักงาน กพร.,เลขาธิการคณะกรรมการ ป.ป.ท.,10,2025-07-16 11:29:41,สุภาภรณ์ บุญยิ้ม,กลุ่มงานประสานการป้องกันและปราบปรามการทุจริตระหว่างประเทศ,กองการต่างประเทศ,จองสำเร็จ,2025-07-16 11:29:41
179,2025-08-08,08:00-17:00,ห้องไต่สวน1,ไต่สวนข้อเท็จจริง,,1,2025-07-23 09:24:38,รัตติกาล ณ ราช,กลุ่มงานปราบปรามการทุจริตหน่วยงานในสังกัดสำนักนายกรัฐมนตรี,กองปราบปรามการทุจริตในภาครัฐ 5,จองสำเร็จ,2025-07-23 09:24:38
180,2025-08-08,08:00-16:45,ห้องไต่สวน2,ไต่สวนข้อเท็จจริง,,1,2025-07-30 11:08:45,อภิรักษ์ คงคาเพชร,กลุ่มงานปราบปรามการทุจริตในองค์กรปกครองส่วนท้องถิ่น 2,กองปราบปรามการทุจริตในภาครัฐ 4,จองสำเร็จ,2025-07-30 11:09:38
181,2025-08-08,08:00-17:00,ห้องไต่สวน3,ไต่สวน,,1,2025-07-30 15:34:06,พูนทรัพย์ เตชะเกียรติสุจิตร,กลุ่มงานปราบปรามการทุจริตกระทรวงด้านความมั่นคง 1,กองปราบปรามการทุจริตในภาครัฐ 1,จองสำเร็จ,2025-07-30 15:34:06
182,2025-08-08,08:00-12:45,ห้องไต่สวน4,ไต่สวน,น.ส.ชิยา ศิริรักษ์,1,2025-08-07 09:25:21,สมศักดิ์ ทองประดับ,กลุ่มงานปราบปรามการทุจริตในองค์กรปกครองส่วนท้องถิ่น 2,กองปราบปรามการทุจริตในภาครัฐ 4,จองสำเร็จ,2025-08-07 09:25:21
183,2025-08-08,08:00-12:00,Zoom Meeting Room 8,ประชุมขับเคลื่อนการประเมินตามเกณฑ์ชี้วัดความเสี่ยงการทุจริตเชิงนโยบายในการดำเนินโครงการขนาดใหญ่ ประจำปีงบประมาณ พ.ศ. 2568 (จ.นครศรีธรรมราช),นายธรรมนูญ คงรัตน์,10,2025-08-05 15:37:33,อมรรัตน์ สองแก้ว,กลุ่มงานป้องกันการทุจริตในภาครัฐ,สำนักงานป้องกันและปราบปรามการทุจริตในภาครัฐ เขต 8,จองสำเร็จ,2025-08-05 15:48:28
184,2025-08-08,10:15-12:00,OneConferenceRoom 2,ประชุมคณะอนุกรรมการไต่สวน,นายสุภาพ  ศิริ,3,2025-08-08 10:10:50,สมภพ แพงมะจริน,กลุ่มงานปราบปรามการทุจริตในภาครัฐ 3,สำนักงานป้องกันและปราบปรามการทุจริตในภาครัฐ เขต 6,จองสำเร็จ,2025-08-08 10:11:12
185,2025-08-08,11:00-14:00,ห้องประชุม (กปท.4),ประชุมไต่สวน,,7,2025-08-06 10:15:22,วรินยุพา นำนาผล,กลุ่มงานปราบปรามการทุจริตในองค์กรปกครองส่วนท้องถิ่น 1,กองปราบปรามการทุจริตในภาครัฐ 4,จองสำเร็จ,2025-08-06 10:15:22
186,2025-08-08,12:00-16:30,ห้องประชุม(กยผ),ประชุมคณะอนุกรรมการผลักดันแผนแม่บทภายใต้ยุทธศาสตร์ชาติฯ ด้านป้องกัน,นางสาวอาภรณีย์  เสมรสุต,10,2025-07-30 16:15:20,สลักจิต ณ ลำพูน,ฝ่ายบริหารทั่วไป,กองยุทธศาสตร์และแผนงาน,จองสำเร็จ,2025-07-30 16:15:20
187,2025-08-08,13:00-16:30,ห้องประชุม(ห้องเล็ก 31),งบประมาณ 2569,นายเอกชัย เกษมสุขธวัช,20,2025-08-08 08:30:13,อุรารัตน์ คงเกลี้ยง,กลุ่มงานแผนงานและงบประมาณ,กองยุทธศาสตร์และแผนงาน,จองสำเร็จ,2025-08-08 08:30:13
188,2025-08-08,13:00-14:30,OneConferenceRoom 1,คดีไต่สวน คำสั่งที่ 438/2567,รองศาสตราจารย์ ลาวัลย์ หอนพรัตน์,5,2025-08-07 10:19:30,ดนัย พุทธรักษาไพบูลย์,กลุ่มงานปราบปรามการทุจริตกระทรวงด้านเศรษฐกิจ,กองปราบปรามการทุจริตในภาครัฐ 2,จองสำเร็จ,2025-08-07 10:25:48
189,2025-08-08,14:30-16:30,Zoom Meeting Room 8,ประชุมคณะทำงานพิจารณาแบ่งหน่วยงานภายในของสำนักงานคณะกรรมการป้องกัน   และปราบปรามการทุจริตในภาครัฐ ครั้งที่ 1/2568,เลขาธิการคณะกรรมการ ป.ป.ท.,1,2025-08-07 08:57:37,อัมมรรัตน์ หุ่นทอง,กลุ่มพัฒนาระบบบริหาร,กลุ่มพัฒนาระบบบริหาร,จองสำเร็จ,2025-08-07 08:57:37
190,2025-08-08,14:30-16:30,OneConferenceRoom 1,คดีไต่สวน คำสั่งที่ 162/2567,รองศาสตรจารย์ ลาวัลย์ หอนพรัตน์,5,2025-08-07 10:29:55,ดนัย พุทธรักษาไพบูลย์,กลุ่มงานปราบปรามการทุจริตกระทรวงด้านเศรษฐกิจ,กองปราบปรามการทุจริตในภาครัฐ 2,จองสำเร็จ,2025-08-07 10:30:27
191,2025-08-13,08:00-17:00,ห้องไต่สวน2,สอบพยาน,-,1,2025-08-06 08:49:18,สมศักดิ์ ทองประดับ,กลุ่มงานปราบปรามการทุจริตในองค์กรปกครองส่วนท้องถิ่น 2,กองปราบปรามการทุจริตในภาครัฐ 4,จองสำเร็จ,2025-08-06 08:49:18
192,2025-08-13,08:00-17:00,ห้องประชุม(ห้องเล็ก 31),ประชุมสอบสวน,,5,2025-08-05 18:24:14,ไตรรัตน์ ศรีสุพรรณ,กองปราบปรามการทุจริตในภาครัฐ 2,กองปราบปรามการทุจริตในภาครัฐ 2,จองสำเร็จ,2025-08-05 18:24:14
193,2025-08-13,08:30-16:30,ห้องไต่สวน1,ไต่สวน,พลโท นพพร โควหกุล,3,2025-08-01 15:11:54,กาญจณา นาวิกนันทน์,กลุ่มงานปราบปรามการทุจริตกระทรวงด้านความมั่นคง 2,กองปราบปรามการทุจริตในภาครัฐ 1,จองสำเร็จ,2025-08-01 15:11:54
194,2025-08-13,08:30-13:00,OneConferenceRoom 1,ประชุมคณะกรรมการ ป.ป.ท. ประจำเดือน สิงหาคม 2568 ครั้งที่ 59/68,นายอำนาจ พวงชมพู,20,2025-07-16 14:41:37,ลลิตตา พานิชผล,กลุ่มงานบริหารคดีและบริหารทั่วไป,กองบริหารคดี,จองสำเร็จ,2025-07-16 14:58:39
195,2025-08-13,08:30-13:00,ห้องประชุมคณะกรรมการ,ประชุมคณะกรรมการ ป.ป.ท. ประจำเดือน สิงหาคม 2568 ครั้งที่ 59/68,นายอำนาจ พวงชมพู,1,2025-07-16 14:13:17,ลลิตตา พานิชผล,กลุ่มงานบริหารคดีและบริหารทั่วไป,กองบริหารคดี,จองสำเร็จ,2025-07-16 14:59:17
196,2025-08-13,09:00-10:30,Zoom Meeting Room 1,ประชุมงาน OECD,,20,2025-08-05 18:12:59,ธนพล วัฒนเศรษฐ,ศูนย์เทคโนโลยีสารสนเทศและการสื่อสาร,ศูนย์เทคโนโลยีสารสนเทศและการสื่อสาร,จองสำเร็จ,2025-08-07 13:47:48
197,2025-08-13,09:00-16:00,ห้องไต่สวน3,สอบพยาน,,5,2025-07-22 14:54:57,วิชาญ พิเนตรเสถียร,กลุ่มงานปราบปรามการทุจริตหน่วยงานไม่สังกัดกระทรวง ทบวง สำนักนายกรัฐมนตรี,กองปราบปรามการทุจริตในภาครัฐ 5,จองสำเร็จ,2025-07-22 14:54:57
198,2025-08-13,09:00-16:00,Zoom Meeting Room 10,อบรมการใช้งานระบบขอลงพื้นที่ และรายงานผลการลงพื้นที่,,50,2025-07-29 09:49:20,ตรียภรณ์ กองอ้น,กลุ่มงานป้องกันการทุจริตในภาครัฐ,สำนักงานป้องกันและปราบปรามการทุจริตในภาครัฐ เขต 5,จองสำเร็จ,2025-07-29 09:49:20
199,2025-08-13,10:00-16:30,ห้องประชุม(กยผ),ประชุมพิจารณา (ร่าง) รายงานงวดที่ 1,,7,2025-08-06 10:37:44,กิริยา พิชยวัฒน์,กลุ่มความร่วมมือและพัฒนานวัตกรรมความโปร่งใสในภาครัฐ,กองการต่างประเทศ,จองสำเร็จ,2025-08-06 14:08:53
200,2025-08-13,10:00-16:30,Zoom Meeting Room 3,ประชุมพิจารณา (ร่าง) รายงานงวดที่ 1,,7,2025-08-06 10:47:56,กิริยา พิชยวัฒน์,กลุ่มความร่วมมือและพัฒนานวัตกรรมความโปร่งใสในภาครัฐ,กองการต่างประเทศ,จองสำเร็จ,2025-08-06 14:08:34
201,2025-08-13,11:00-12:00,ห้องไต่สวน4,สอบพยาน,-,3,2025-08-13 10:16:11,สุนิสา รักษา,กลุ่มงานปราบปรามการทุจริตในองค์กรปกครองส่วนท้องถิ่น 1,กองปราบปรามการทุจริตในภาครัฐ 4,จองสำเร็จ,2025-08-13 10:16:11
202,2025-08-13,12:00-16:30,Zoom Meeting Room 8,ประชุมขับเคลื่อนการประเมินตามเกณฑ์ชี้วัดความเสี่ยงการทุจริตเชิงนโยบายในการดำเนินโครงการขนาดใหญ่ ประจำปีงบประมาณ พ.ศ. 2568 (จ.ภูเก็ต),นายธรรมนูญ คงรัตน์,10,2025-08-05 15:40:42,อมรรัตน์ สองแก้ว,กลุ่มงานป้องกันการทุจริตในภาครัฐ,สำนักงานป้องกันและปราบปรามการทุจริตในภาครัฐ เขต 8,จองสำเร็จ,2025-08-05 15:58:26
203,2025-08-13,12:30-17:00,Zoom Meeting Room 1,หารือการดำเนินโครงการเสริมสร้างความร่วมมือในการจัดทำมาตรการและแนวทางในการควบคุมความเสี่ยงการทุจริต,ผู้ช่วยเลขาธิการ,30,2025-08-06 13:30:46,ใหม่ วงศ์สร้างทรัพย์,กลุ่มงานปราบปรามการทุจริตกระทรวงด้านเศรษฐกิจ,กองปราบปรามการทุจริตในภาครัฐ 2,จองสำเร็จ,2025-08-06 13:30:46
204,2025-08-13,12:30-17:00,ห้องประชุม 1 (ห้องใหญ่),หารือการดำเนินโครงการเสริมสร้างความร่วมมือในการจัดทำมาตรการและแนวทางในการควบคุมความเสี่ยงการทุจริต,ผู้ช่วยเลขาธิการ,30,2025-08-06 13:30:45,ใหม่ วงศ์สร้างทรัพย์,กลุ่มงานปราบปรามการทุจริตกระทรวงด้านเศรษฐกิจ,กองปราบปรามการทุจริตในภาครัฐ 2,จองสำเร็จ,2025-08-06 13:30:45
205,2025-08-13,14:30-16:30,ห้องประชุม 2 (ห้องเล็ก),การประชุมหารือเพื่อแบ่งความรับผิดชอบการดำเนินการเรื่องตราสาร OECD ระหว่างสำนักงาน ป.ป.ท. และสำนักงาน กพร.,,15,2025-08-06 08:39:01,สุพจน์ หินทอง,ศูนย์รับเรื่องร้องเรียน,กองบริหารคดี,จองสำเร็จ,2025-08-06 08:41:33
206,2025-08-14,08:00-16:45,ห้องไต่สวน1,ไต่สวนข้อเท็จจริง,พ.ต.ท. สมศักดิ์ แววพานิช,4,2025-07-25 14:49:52,อภิรักษ์ คงคาเพชร,กลุ่มงานปราบปรามการทุจริตในองค์กรปกครองส่วนท้องถิ่น 2,กองปราบปรามการทุจริตในภาครัฐ 4,จองสำเร็จ,2025-07-25 14:49:52
207,2025-08-14,08:00-16:30,ห้องไต่สวน4,ไต่สวนเบื้องต้น,-,3,2025-08-04 09:10:47,สรศักดิ์ ชัยอนันต์วรพล,กลุ่มงานปราบปรามการทุจริตหน่วยงานไม่สังกัดกระทรวง ทบวง สำนักนายกรัฐมนตรี,กองปราบปรามการทุจริตในภาครัฐ 5,จองสำเร็จ,2025-08-04 09:10:47
208,2025-08-14,08:00-13:00,ห้องประชุม (กปท.4),สอบพยาน,-,3,2025-08-13 15:00:23,สมศักดิ์ ทองประดับ,กลุ่มงานปราบปรามการทุจริตในองค์กรปกครองส่วนท้องถิ่น 2,กองปราบปรามการทุจริตในภาครัฐ 4,จองสำเร็จ,2025-08-13 15:00:23
209,2025-08-14,08:30-17:00,ห้องไต่สวน2,สอบพยาน,-,5,2025-07-18 09:42:23,นวีนา วัฒนประดิษฐ์,กลุ่มงานปราบปรามการทุจริตในองค์กรปกครองส่วนท้องถิ่น 1,กองปราบปรามการทุจริตในภาครัฐ 4,จองสำเร็จ,2025-07-18 09:42:23
210,2025-08-14,08:30-16:30,ห้องประชุม 1 (ห้องใหญ่),ประชุมเร่งรัดติดตามผลการเบิกจ่ายงบประมาณ พ.ศ. 2568,,30,2025-08-05 10:29:54,ศิริรัตน์ สีชมภู,กลุ่มงานติดตามและประเมินผล,กองยุทธศาสตร์และแผนงาน,จองสำเร็จ,2025-08-05 10:29:54
211,2025-08-14,08:30-16:30,ห้องประชุม(ห้องเล็ก 31),ประชุมสอบสวน,,5,2025-08-05 18:27:06,ไตรรัตน์ ศรีสุพรรณ,กองปราบปรามการทุจริตในภาครัฐ 2,กองปราบปรามการทุจริตในภาครัฐ 2,จองสำเร็จ,2025-08-05 18:27:06
212,2025-08-14,08:30-16:30,Zoom Meeting Room 2,ประชุมเร่งรัดติดตามผลการเบิกจ่ายงบประมาณ พ.ศ. 2568,,30,2025-08-05 10:31:55,ศิริรัตน์ สีชมภู,กลุ่มงานติดตามและประเมินผล,กองยุทธศาสตร์และแผนงาน,จองสำเร็จ,2025-08-05 10:31:55
213,2025-08-14,08:30-16:30,Zoom Meeting Room 8,ประชุมขับเคลื่อนการประเมินตามเกณฑ์ชี้วัดความเสี่ยงการทุจริตเชิงนโยบายในการดำเนินโครงการขนาดใหญ่ ประจำปีงบประมาณ พ.ศ. 2568 (จ.พังงา),นายธรรมนูญ คงรัตน์,10,2025-08-05 15:58:05,อมรรัตน์ สองแก้ว,กลุ่มงานป้องกันการทุจริตในภาครัฐ,สำนักงานป้องกันและปราบปรามการทุจริตในภาครัฐ เขต 8,จองสำเร็จ,2025-08-05 15:58:05
214,2025-08-14,08:45-15:45,ห้องไต่สวน3,สอบพยาน,ไม่มี,1,2025-08-07 09:03:23,พงศ์ศักดิ์ น้ำขาว,กลุ่มงานปราบปรามการทุจริตหน่วยงานไม่สังกัดกระทรวง ทบวง สำนักนายกรัฐมนตรี,กองปราบปรามการทุจริตในภาครัฐ 5,จองสำเร็จ,2025-08-07 09:03:23
215,2025-08-14,08:45-10:30,ห้องประชุม(กยผ),ประชุมคณะกรรมการฯ,พัชรียา ต่อประดิษฐ์,5,2025-08-13 15:42:43,พัชรียา ต่อประดิษฐ์,กลุ่มงานประสานการป้องกันและปราบปรามการทุจริตระหว่างประเทศ,กองการต่างประเทศ,จองสำเร็จ,2025-08-13 15:42:43
216,2025-08-14,12:00-17:00,Zoom Meeting Room 1,คณะอนุกรรมการพิจารณากลั่นกรองการเปิดเผยข้อมูลข่าวสาร,รองเลขาธิการคณะกรรมการ ป.ป.ท.,1,2025-07-24 10:45:50,อานนท์ ชนประชา,กลุ่มงานความเห็นแย้ง,กองกฎหมาย,จองสำเร็จ,2025-07-24 10:45:50
217,2025-08-14,12:00-16:45,ห้องประชุม 2 (ห้องเล็ก),คณะอนุกรรมการพิจารณากลั่นกรองการเปิดเผยข้อมูลข่าวสาร,รองเลขาธิการคณะกรรมการ ป.ป.ท.,1,2025-07-24 10:38:55,อานนท์ ชนประชา,กลุ่มงานความเห็นแย้ง,กองกฎหมาย,จองสำเร็จ,2025-07-24 10:38:55
218,2025-08-14,13:00-18:00,Zoom Meeting Room 10,ประชุมคณะกรรมการจ้างที่ปรึกษา EEC,,8,2025-08-06 15:34:08,นาถยา รักหนู,กลุ่มงานป้องกันการทุจริตในภาครัฐ,สำนักงานป้องกันและปราบปรามการทุจริตในภาครัฐ เขต 2,จองสำเร็จ,2025-08-06 15:34:08
219,2025-08-15,08:00-17:00,Zoom Meeting Room 1,ติดตามตรวจสอบและประเมินผลการดำเนินโครงการขนาดใหญ่ ในพื้นที่จังหวัดกระบี่,ผู้อำนวยการกลุ่มงานป้องกันการทุจริตในภาครัฐ สำนักงาน ปปท. เขต 8,50,2025-08-05 16:21:23,วัลภา บุศนุกูล,กลุ่มงานป้องกันการทุจริตในภาครัฐ,สำนักงานป้องกันและปราบปรามการทุจริตในภาครัฐ เขต 8,จองสำเร็จ,2025-08-05 16:21:23
220,2025-08-15,08:00-17:00,ห้องประชุม 1 (ห้องใหญ่),การตรวจสุขภาพจิตของบุคลากรสำนักงาน ป.ป.ท.,,70,2025-07-16 14:27:17,ตะวัน ราชไลกิจ,กลุ่มงานบริหารงานบุคคล,สำนักงานเลขาธิการ,จองสำเร็จ,2025-07-16 14:27:17
221,2025-08-15,08:00-17:00,ห้องอบรม (กพบ),การตรวจสุขภาพจิตของบุคลากรสำนักงาน ป.ป.ท.,,70,2025-07-24 15:54:53,ตะวัน ราชไลกิจ,กลุ่มงานบริหารงานบุคคล,สำนักงานเลขาธิการ,จองสำเร็จ,2025-07-24 15:54:53
222,2025-08-15,08:30-16:30,ห้องไต่สวน3,ไต่สวน,,3,2025-07-23 13:26:56,พรรณนิภา อารยะทรงศักดิ์,กลุ่มงานปราบปรามการทุจริตหน่วยงานไม่สังกัดกระทรวง ทบวง สำนักนายกรัฐมนตรี,กองปราบปรามการทุจริตในภาครัฐ 5,จองสำเร็จ,2025-07-23 13:29:27
223,2025-08-15,08:30-13:00,ห้องประชุม(กยผ),ประชุมคณะอนุกรรมขับเคลื่อนแผนแม่บทภายใต้ยุทธศาสตร์ชาติฯ ปี 2561-2580,พันตำรวจโท สิริพงษ์  ศรีตุลา,10,2025-07-30 16:22:41,สลักจิต ณ ลำพูน,ฝ่ายบริหารทั่วไป,กองยุทธศาสตร์และแผนงาน,จองสำเร็จ,2025-07-30 16:22:41
224,2025-08-15,08:30-12:00,ห้องประชุม (กปท.4),ไต่สวนพยาน,พ.ต.ต.จิระเดช สอนเต็ม,4,2025-08-04 15:17:51,จิระเดช สอนเต็ม,กลุ่มงานปราบปรามการทุจริตในองค์กรปกครองส่วนท้องถิ่น 1,กองปราบปรามการทุจริตในภาครัฐ 4,จองสำเร็จ,2025-08-04 15:17:51
225,2025-08-15,08:30-13:00,OneConferenceRoom 1,ประชุมคณะกรรมการ ป.ป.ท. ประจำเดือน สิงหาคม 2568 ครั้งที่ 60/68,นายอำนาจ พวงชมพู,20,2025-07-16 14:43:08,ลลิตตา พานิชผล,กลุ่มงานบริหารคดีและบริหารทั่วไป,กองบริหารคดี,จองสำเร็จ,2025-07-16 14:57:59
226,2025-08-15,08:30-13:00,ห้องประชุมคณะกรรมการ,ประชุมคณะกรรมการ ป.ป.ท. ประจำเดือน สิงหาคม 2568 ครั้งที่ 60/68,นายอำนาจ พวงชมพู,20,2025-07-16 14:14:34,ลลิตตา พานิชผล,กลุ่มงานบริหารคดีและบริหารทั่วไป,กองบริหารคดี,จองสำเร็จ,2025-07-16 14:56:32
227,2025-08-15,09:00-12:00,ห้องประชุม 2 (ห้องเล็ก),ประชุมคณะคณะกรรมการขับเคลื่อนแผนแม่บทภายใต้ยุทธศาสตร์ชาติปี 61-80,พันตำรวจโท สิริพงษ์  ศรีตุลา,6,2025-08-14 13:27:12,สลักจิต ณ ลำพูน,ฝ่ายบริหารทั่วไป,กองยุทธศาสตร์และแผนงาน,จองสำเร็จ,2025-08-14 13:27:12
228,2025-08-15,09:00-16:30,ห้องไต่สวน2,สอบพยาน,,5,2025-07-29 09:23:18,วิชาญ พิเนตรเสถียร,กลุ่มงานปราบปรามการทุจริตหน่วยงานไม่สังกัดกระทรวง ทบวง สำนักนายกรัฐมนตรี,กองปราบปรามการทุจริตในภาครัฐ 5,จองสำเร็จ,2025-07-29 09:23:18
229,2025-08-15,09:00-17:00,ห้องไต่สวน4,ไต่สวนข้อเท็จจริง,,4,2025-08-07 11:03:47,รัตติกาล ณ ราช,กลุ่มงานปราบปรามการทุจริตหน่วยงานในสังกัดสำนักนายกรัฐมนตรี,กองปราบปรามการทุจริตในภาครัฐ 5,จองสำเร็จ,2025-08-07 11:03:47
230,2025-08-15,09:30-12:00,ห้องไต่สวน1,สอบพยาน,,5,2025-07-31 15:09:22,ดวงใจ เชยชม,กลุ่มงานปราบปรามการทุจริตในองค์กรปกครองส่วนท้องถิ่น 1,กองปราบปรามการทุจริตในภาครัฐ 4,จองสำเร็จ,2025-07-31 15:09:22
231,2025-08-15,10:00-12:00,ห้อง Command,ประชุมหารือข้อราชการ ระหว่าง ลธ.ปปท. กับ เอกอัครราชทูตสิงคโปร์,,5,2025-08-07 14:28:33,ตรียภรณ์ กองอ้น,กลุ่มงานป้องกันการทุจริตในภาครัฐ,สำนักงานป้องกันและปราบปรามการทุจริตในภาครัฐ เขต 5,จองสำเร็จ,2025-08-07 14:28:33
232,2025-08-15,12:00-17:00,Zoom Meeting Room 9,ประชุมอนุเงินเพิ่มฯ ครั้งที่ 7/2568,นายวิเชียร จันทรโณทัย,10,2025-08-06 11:41:06,อธิวัฒน์ ธัมมารัตน์นนท์,กลุ่มงานบริหารงานบุคคล,สำนักงานเลขาธิการ,จองสำเร็จ,2025-08-06 11:41:35
233,2025-08-15,13:00-17:00,ห้องประชุม 2 (ห้องเล็ก),ประชุมอนุเงินเพิ่มฯ ครั้งที่ 7/2568,นายวิเชียร จันทรโณทัย,20,2025-08-06 11:37:44,อธิวัฒน์ ธัมมารัตน์นนท์,กลุ่มงานบริหารงานบุคคล,สำนักงานเลขาธิการ,จองสำเร็จ,2025-08-06 11:37:44
234,2025-08-15,13:00-16:30,ห้องไต่สวน1,ประชุมคดีไต่สวน,,6,2025-07-31 14:46:53,ดวงใจ เชยชม,กลุ่มงานปราบปรามการทุจริตในองค์กรปกครองส่วนท้องถิ่น 1,กองปราบปรามการทุจริตในภาครัฐ 4,จองสำเร็จ,2025-07-31 14:46:53
235,2025-08-15,13:00-17:00,ห้องประชุม(ห้องเล็ก 31),ประชุมเร่งรัด ติดตาม สำนวนคดีตามคำรับรองการปฏิบัติราชการ ประจำปีงบประมาณ พ.ศ.2568,พ.ต.ท.สิริพงษ์ ศรีตุลา,10,2025-08-07 13:13:12,นิลมณี จิรอร่าม,กลุ่มพัฒนาระบบบริหาร,กลุ่มพัฒนาระบบบริหาร,จองสำเร็จ,2025-08-07 13:13:12
236,2025-08-15,13:00-17:00,Zoom Meeting Room 2,ประชุมเร่งรัด ติดตาม สำนวนคดี ตามคำรับรองฯ,พ.ต.ท.สิริพงษ์ ศรีตุลา,10,2025-08-07 13:27:33,นิลมณี จิรอร่าม,กลุ่มพัฒนาระบบบริหาร,กลุ่มพัฒนาระบบบริหาร,จองสำเร็จ,2025-08-07 13:27:33
237,2025-08-15,13:00-17:00,ห้อง Command,ประชุมชี้แจงแนวทางตรวจสอบระบบเนื้อหา IM,,1,2025-08-14 16:13:30,ธนพล วัฒนเศรษฐ,ศูนย์เทคโนโลยีสารสนเทศและการสื่อสาร,ศูนย์เทคโนโลยีสารสนเทศและการสื่อสาร,จองสำเร็จ,2025-08-14 16:13:30
238,2025-08-18,08:00-12:30,ห้องประชุม (กปท.4),สอบพยาน,,4,2025-08-14 09:51:39,กชมน สุธีรวัฒนกุล,กลุ่มงานปราบปรามการทุจริตในองค์กรปกครองส่วนท้องถิ่น 1,กองปราบปรามการทุจริตในภาครัฐ 4,จองสำเร็จ,2025-08-14 09:51:39
239,2025-08-18,08:30-16:30,Zoom Meeting Room 1,ประชุมพิจารณาผลการประกวดราคาฯ การจ้างก่อสร้างฯ ครั้งที่ 3/2568,ผอ.กปท.5,15,2025-08-07 17:12:02,พิชาภัค นิลมณี,กลุ่มงานพัสดุและอาคารสถานที่,สำนักงานเลขาธิการ,จองสำเร็จ,2025-08-07 17:12:02
240,2025-08-18,08:30-16:30,ห้องประชุม 2 (ห้องเล็ก),ประชุมพิจารณาผลการประกวดราคาฯ การจ้างก่อสร้างฯ ครั้งที่ 3/2568,ผอ.ปกท.5,15,2025-08-02 13:03:35,พิชาภัค นิลมณี,กลุ่มงานพัสดุและอาคารสถานที่,สำนักงานเลขาธิการ,จองสำเร็จ,2025-08-02 13:03:35
241,2025-08-18,08:30-12:00,ห้องไต่สวน1,ประชุมไต่สวนข้อเท็จจริง,,3,2025-08-05 13:46:21,สรศักดิ์ ชัยอนันต์วรพล,กลุ่มงานปราบปรามการทุจริตหน่วยงานไม่สังกัดกระทรวง ทบวง สำนักนายกรัฐมนตรี,กองปราบปรามการทุจริตในภาครัฐ 5,จองสำเร็จ,2025-08-05 13:46:21
242,2025-08-18,08:30-13:00,ห้องไต่สวน2,ประชุมอนุกรรมการไต่สวนข้อเท็จจริง,นายวลลฺภ ยุติธรรมดำรง,3,2025-08-05 15:08:27,ปิยพนธ์ เปรมโยธิน,กลุ่มงานอำนวยการด้านคุ้มครองพยาน,กองอำนวยการต่อต้านการทุจริต,จองสำเร็จ,2025-08-05 15:08:27
243,2025-08-18,08:30-16:30,ห้องอบรม (กพบ),ประชุมพิจารณาผลจ้างควบคุมงงานก่อสร้าง ครั้งที่ 7,,10,2025-08-07 16:25:29,อนุพล พูลพินิจ,สำนักงานคณะกรรมการป้องกันปราบปรามการทุจริตในภาครัฐ,สำนักงานคณะกรรมการป้องกันปราบปรามการทุจริตในภาครัฐ,จองสำเร็จ,2025-08-07 16:25:29
244,2025-08-18,08:30-14:00,Zoom Meeting Room 10,ประชุมขับเคลื่อนการประเมินตามเกณฑ์ชี้วัดความเสี่ยงการทุจริตเชิงนโยบายในการดำเนินโครงการขนาดใหญ่ ประจำปีงบประมาณ พ.ศ. 2568,นายธรรมนูญ คงรัตน์,20,2025-08-10 00:16:59,สิงหา พรมเพ็ง,กลุ่มงานป้องกันการทุจริตในภาครัฐ,สำนักงานป้องกันและปราบปรามการทุจริตในภาครัฐ เขต 8,จองสำเร็จ,2025-08-10 00:17:33
245,2025-08-18,09:00-16:30,ห้องไต่สวน3,ประชุมคณะอนุกรรมการไต่สวนเพื่อวินิจฉัยชี้มูล,พ.ต.ท.เทวิล ชาญกล้า,3,2025-08-05 08:52:15,โรสนา ศักดิ์นภาพรเลิศ,กลุ่มงานปราบปรามการทุจริตหน่วยงานไม่สังกัดกระทรวง ทบวง สำนักนายกรัฐมนตรี,กองปราบปรามการทุจริตในภาครัฐ 5,จองสำเร็จ,2025-08-05 08:52:52
246,2025-08-18,09:00-16:00,ห้องไต่สวน4,ไต่สวนและประชุม,พลเรือตรี พันธ์ุธัช สุภาชัย,5,2025-07-18 14:51:12,มะลิไล แก้วมาดีงาม,กลุ่มงานปราบปรามการทุจริตหน่วยงานไม่สังกัดกระทรวง ทบวง สำนักนายกรัฐมนตรี,กองปราบปรามการทุจริตในภาครัฐ 5,จองสำเร็จ,2025-07-18 14:51:12
247,2025-08-18,09:00-13:00,ห้องประชุม(กยผ),ประชุมแผนแม่บทฯ,กยผ.,5,2025-08-13 15:40:28,สลักจิต ณ ลำพูน,ฝ่ายบริหารทั่วไป,กองยุทธศาสตร์และแผนงาน,จองสำเร็จ,2025-08-13 15:40:28
248,2025-08-18,09:30-12:00,ห้องประชุม(ห้องเล็ก 31),ประชุมไต่สวนข้อเท็จจริง,ท่านธวัช ประสพพระ,3,2025-08-15 14:59:57,พิมพ์ชนก เกียรติยศวรากุล,กลุ่มงานปราบปรามคดีพิเศษ,กองอำนวยการต่อต้านการทุจริต,จองสำเร็จ,2025-08-15 14:59:57
249,2025-08-18,12:30-16:45,ห้องประชุม 1 (ห้องใหญ่),คณะอนุกรรมการพิจารณากลั่นกรองการเปิดเผยข้อมูลข่าวสาร,รองเลขาธิการคณะกรรมการ ป.ป.ท.,1,2025-08-06 15:30:24,อานนท์ ชนประชา,กลุ่มงานความเห็นแย้ง,กองกฎหมาย,จองสำเร็จ,2025-08-06 15:30:24
250,2025-08-18,12:30-16:45,Zoom Meeting Room 2,คณะอนุกรรมการพิจารณากลั่นกรองการเปิดเผยข้อมูลข่าวสาร,,5,2025-08-12 19:37:12,อานนท์ ชนประชา,กลุ่มงานความเห็นแย้ง,กองกฎหมาย,จองสำเร็จ,2025-08-12 19:37:12
251,2025-08-18,13:00-16:30,ห้องประชุม(กยผ),หารือการดำเนินโครงการเสริมสร้างความร่วมมือในการจัดทำมาตรการและแนวทางในการควบคุมความเสี่ยงการทุจริต,ผู้ช่วยเลขาธิการ,30,2025-08-14 15:42:08,ใหม่ วงศ์สร้างทรัพย์,กลุ่มงานปราบปรามการทุจริตกระทรวงด้านเศรษฐกิจ,กองปราบปรามการทุจริตในภาครัฐ 2,จองสำเร็จ,2025-08-14 15:42:08
252,2025-08-18,13:00-17:00,ห้องประชุม (กปท.4),ประชุมข้อมูลข่าวสาร(คุณอรวรรณ  กองกฎหมาย),,12,2025-08-06 15:16:29,ศิริขวัญ บุญปลูก,ฝ่ายบริหารทั่วไปและคดี,กองปราบปรามการทุจริตในภาครัฐ 4,จองสำเร็จ,2025-08-06 15:16:29
253,2025-08-18,13:00-16:30,Zoom Meeting Room 5,หารือการดำเนินโครงการเสริมสร้างความร่วมมือในการจัดทำมาตรการและแนวทางในการควบคุมความเสี่ยงการทุจริต,ผู้ช่วยเลขาธิการ,30,2025-08-14 15:42:08,ใหม่ วงศ์สร้างทรัพย์,กลุ่มงานปราบปรามการทุจริตกระทรวงด้านเศรษฐกิจ,กองปราบปรามการทุจริตในภาครัฐ 2,จองสำเร็จ,2025-08-14 15:46:28
254,2025-08-18,15:00-17:00,OneConferenceRoom 1,ไต่สวน,,6,2025-08-08 13:44:04,ทนายศักดิ์ โสภิณสูงเนิน,กลุ่มงานปราบปรามการทุจริตในภาครัฐ 2,สำนักงานป้องกันและปราบปรามการทุจริตในภาครัฐ เขต 3,จองสำเร็จ,2025-08-08 13:44:04
255,2025-08-19,06:30-13:00,ห้องไต่สวน1,ไต่สวนข้อเท็จจริง,,1,2025-08-01 15:01:19,อภิรักษ์ คงคาเพชร,กลุ่มงานปราบปรามการทุจริตในองค์กรปกครองส่วนท้องถิ่น 2,กองปราบปรามการทุจริตในภาครัฐ 4,จองสำเร็จ,2025-08-01 15:01:19
256,2025-08-19,08:30-16:30,ห้องประชุม(ห้องเล็ก 31),ประชุมพิจารณาผลการประกวดราคาฯ การจ้างก่อสร้างฯ ครั้งที่ 4/2568,ผอ.กปท.5,1,2025-08-13 13:27:39,พิชาภัค นิลมณี,กลุ่มงานพัสดุและอาคารสถานที่,สำนักงานเลขาธิการ,จองสำเร็จ,2025-08-13 13:27:39
257,2025-08-19,08:30-16:30,Zoom Meeting Room 2,ประชุมพิจารณาผลการประกวดราคาฯ การจ้างก่อสร้างฯ ครั้งที่ 4/2568,ผอ.กปท.5,15,2025-08-13 13:34:28,พิชาภัค นิลมณี,กลุ่มงานพัสดุและอาคารสถานที่,สำนักงานเลขาธิการ,จองสำเร็จ,2025-08-13 13:35:44
258,2025-08-19,08:45-12:00,ห้องประชุม 2 (ห้องเล็ก),ประชุมชี้แจงเพื่อเสริมสร้างความรู้ความเข้าใจเครือข่าย ศปท. ด้านการป้องกันและปราบปรามการทุจริตและประพฤติมิชอบ ตามพระราชบัญญัติมาตรการของฝ่ายบริหารในการ ป้องกันและปราบปรามการทุจริต ฉบับที่ 4 และตามกลไกมาตรการของรัฐบาล,เลขาธิการคณะกรรมการ ป.ป.ท. หรือผู้ที่ได้รับมอบหมาย,10,2025-07-22 10:11:06,พันธ์ศักดิ์ ประกอบผล,-,กองกำกับและขับเคลื่อนการดำเนินงานนโยบายภาครัฐ,จองสำเร็จ,2025-07-22 10:12:58
259,2025-08-19,08:45-12:00,Zoom Meeting Room 9,ประชุมชี้แจงเพื่อเสริมสร้างความรู้ความเข้าใจเครือข่าย ศปท. ด้านการป้องกันและปราบปรามการทุจริตและประพฤติมิชอบ ตามพระราชบัญญัติมาตรการของฝ่ายบริหารในการ ป้องกันและปราบปรามการทุจริต ฉบับที่ 4 และตามกลไกมาตรการของรัฐบาล,เลขาธิการคณะกรรมการ ป.ป.ท. หรือผู้ที่ได้รับมอบหมาย,100,2025-07-22 09:53:56,พันธ์ศักดิ์ ประกอบผล,-,กองกำกับและขับเคลื่อนการดำเนินงานนโยบายภาครัฐ,จองสำเร็จ,2025-07-22 09:53:56
260,2025-08-19,08:45-13:00,OneConferenceRoom 1,ประชุมคณะอนุกรรมการกลั่นกรองฯ คณะที่ 1,พลโท นพพร โควหกุล ประธานอนุกรรมการ,9,2025-07-30 16:55:57,ปิยะนุช ชูเมือง,กลุ่มงานคำวินิจฉัยและมติคณะกรรมการ,กองบริหารคดี,จองสำเร็จ,2025-07-30 16:55:57
261,2025-08-19,08:45-13:00,ห้องประชุมคณะกรรมการ,ประชุมคณะอนุกรรมการกลั่นกรองฯ คณะที่ 1,พลโท นพพร โควหกุล ประธานคณะอนุกรรมการฯ,9,2025-07-30 16:52:20,ปิยะนุช ชูเมือง,กลุ่มงานคำวินิจฉัยและมติคณะกรรมการ,กองบริหารคดี,จองสำเร็จ,2025-07-30 16:52:20
262,2025-08-19,09:00-13:00,ห้องไต่สวน3,สอบปากคำพยาน,-,3,2025-08-07 15:54:24,สัณหภณ พงษ์ประเสริฐ,กลุ่มงานปราบปรามการทุจริตกระทรวงด้านความมั่นคง 2,กองปราบปรามการทุจริตในภาครัฐ 1,จองสำเร็จ,2025-08-07 15:54:24
263,2025-08-19,09:00-16:00,ห้องไต่สวน4,ไต่สวน,,4,2025-07-18 14:59:06,มะลิไล แก้วมาดีงาม,กลุ่มงานปราบปรามการทุจริตหน่วยงานไม่สังกัดกระทรวง ทบวง สำนักนายกรัฐมนตรี,กองปราบปรามการทุจริตในภาครัฐ 5,จองสำเร็จ,2025-07-18 14:59:06
264,2025-08-19,09:30-16:00,ห้องประชุม(กยผ),ประชุมแนวทางการดำเนินงานประจำปีงบประมาณ พ.ศ. 2569 ของกนป.,กองนวัตกรรมและความโปร่งใสในภาครัฐ,9,2025-08-18 11:17:37,แพรววนิต เวียงมูล,กลุ่มความร่วมมือและพัฒนานวัตกรรมความโปร่งใสในภาครัฐ,กองการต่างประเทศ,จองสำเร็จ,2025-08-18 11:24:26
265,2025-08-19,10:00-12:00,ห้องไต่สวน2,สอบปากคำพยาน,,3,2025-08-07 14:20:20,กรีฑา พิทักษ์วงศ์,กลุ่มงานปราบปรามการทุจริตในองค์กรปกครองส่วนท้องถิ่น 2,กองปราบปรามการทุจริตในภาครัฐ 4,จองสำเร็จ,2025-08-07 14:20:20
266,2025-08-19,10:00-12:00,ห้องประชุม (กปท.4),ประชุมคณะกรรมการสอบสวนวินัย,นายทวีศักดิ์,4,2025-08-13 13:52:09,ประภัสรา นิลจันทึก,กลุ่มงานปราบปรามการทุจริตในองค์กรปกครองส่วนท้องถิ่น 2,กองปราบปรามการทุจริตในภาครัฐ 4,จองสำเร็จ,2025-08-13 13:52:09
267,2025-08-19,13:00-16:30,ห้องไต่สวน2,สอบพยาน,-,3,2025-08-13 10:25:23,สุนิสา รักษา,กลุ่มงานปราบปรามการทุจริตในองค์กรปกครองส่วนท้องถิ่น 1,กองปราบปรามการทุจริตในภาครัฐ 4,จองสำเร็จ,2025-08-13 10:25:23
268,2025-08-19,14:00-15:00,ห้องไต่สวน3,ประชุมไต่สวน,,1,2025-08-18 09:35:23,พงศ์ศักดิ์ น้ำขาว,กลุ่มงานปราบปรามการทุจริตหน่วยงานไม่สังกัดกระทรวง ทบวง สำนักนายกรัฐมนตรี,กองปราบปรามการทุจริตในภาครัฐ 5,จองสำเร็จ,2025-08-18 09:35:23
269,2025-08-20,08:00-17:00,Zoom Meeting Room 1,ประชุมเตรียมการโครงการปี 69,นายเอกชัย เกษมสุขธวัช,50,2025-08-07 11:44:35,วลัยพร พ่วงเจริญ,กลุ่มงานปราบปรามการทุจริตในองค์กรปกครองส่วนท้องถิ่น 2,กองปราบปรามการทุจริตในภาครัฐ 4,จองสำเร็จ,2025-08-07 11:44:35
270,2025-08-20,08:00-17:00,ห้องประชุม 2 (ห้องเล็ก),ประชุมเตรียมการโครงการปี 69,นายเอกชัย เกษมสุขธวัช,15,2025-08-07 11:32:19,วลัยพร พ่วงเจริญ,กลุ่มงานปราบปรามการทุจริตในองค์กรปกครองส่วนท้องถิ่น 2,กองปราบปรามการทุจริตในภาครัฐ 4,จองสำเร็จ,2025-08-07 11:33:07
271,2025-08-20,08:00-16:30,ห้องไต่สวน2,ไต่สวนข้อเท็จจริง,พ.ต.ท. สมศักดิ์ แววพานิช,3,2025-08-15 10:10:39,อภิรักษ์ คงคาเพชร,กลุ่มงานปราบปรามการทุจริตในองค์กรปกครองส่วนท้องถิ่น 2,กองปราบปรามการทุจริตในภาครัฐ 4,จองสำเร็จ,2025-08-15 10:10:39
272,2025-08-20,08:00-13:00,ห้องไต่สวน3,สอบพยาน,,1,2025-08-19 08:49:52,นวพร ปั้นจันทร์,กลุ่มงานปราบปรามการทุจริตหน่วยงานในสังกัดสำนักนายกรัฐมนตรี,กองปราบปรามการทุจริตในภาครัฐ 5,จองสำเร็จ,2025-08-19 08:49:52
273,2025-08-20,08:00-17:00,ห้องประชุม 1 (ห้องใหญ่),การตรวจสุขภาพจิตของบุคลากรสำนักงาน ป.ป.ท.,,70,2025-07-16 14:27:17,ตะวัน ราชไลกิจ,กลุ่มงานบริหารงานบุคคล,สำนักงานเลขาธิการ,จองสำเร็จ,2025-07-16 14:27:17
274,2025-08-20,08:00-17:00,ห้องอบรม (กพบ),การตรวจสุขภาพจิตของบุคลากรสำนักงาน ป.ป.ท.,,70,2025-07-24 15:54:53,ตะวัน ราชไลกิจ,กลุ่มงานบริหารงานบุคคล,สำนักงานเลขาธิการ,จองสำเร็จ,2025-07-24 15:54:53
275,2025-08-20,08:00-12:00,Zoom Meeting Room 2,ประชุมเตรียมความพร้อมการมอบรางวัลเครือข่ายฯ ประจำปี 2568,ผอ.กปก.,1,2025-08-14 10:04:38,เกศรารัตติ์ บุนนท์,กลุ่มงานเครือข่ายภาคประชาสังคมป้องกันการทุจริต,กองป้องกันการทุจริตในภาครัฐ,จองสำเร็จ,2025-08-14 10:04:38
276,2025-08-20,08:30-16:30,ห้องไต่สวน1,ไต่สวนเบื้องต้น,ระวิพรรณ,4,2025-08-08 10:31:20,ระวิพรรณ จินดาดวง,กลุ่มงานปราบปรามการทุจริตกระทรวงด้านความมั่นคง 1,กองปราบปรามการทุจริตในภาครัฐ 1,จองสำเร็จ,2025-08-08 10:31:20
277,2025-08-20,08:30-12:00,ห้องประชุม(ห้องเล็ก 31),ประชุมเตรียมความพร้อมการมอบรางวัลเครือข่ายฯ ประจำปี 2568,ผอ.กปก.,10,2025-08-13 10:10:10,เกศรารัตติ์ บุนนท์,กลุ่มงานเครือข่ายภาคประชาสังคมป้องกันการทุจริต,กองป้องกันการทุจริตในภาครัฐ,จองสำเร็จ,2025-08-13 10:12:45
278,2025-08-20,08:30-15:00,ห้องประชุม(กยผ),ประชุมโครงการสำคัญปี 2570,ผู้ช่วยเลขาธิการคณะกรรมการ ป.ป.ท.,10,2025-08-13 14:19:31,สลักจิต ณ ลำพูน,ฝ่ายบริหารทั่วไป,กองยุทธศาสตร์และแผนงาน,จองสำเร็จ,2025-08-13 14:19:31
279,2025-08-20,08:30-12:00,Zoom Meeting Room 8,ประชุมชี้เเจงโครงการเพื่อขับเคลื่อนการบรรลุเป้าหมาย  ตามยุทธศาสตร์ชาติ,ผู้ช่วยเลขาธิการคณะกรรมการ ป.ป.ท.,50,2025-08-07 13:34:25,รัชดาภรณ์ เทพพุทธา,กลุ่มงานแผนงานและงบประมาณ,กองยุทธศาสตร์และแผนงาน,จองสำเร็จ,2025-08-13 14:27:36
280,2025-08-20,08:30-13:00,OneConferenceRoom 1,ประชุมคณะกรรมการ ป.ป.ท. ประจำเดือน สิงหาคม 2568 ครั้งที่ 61/68,นายอำนาจ พวงชมพู,20,2025-07-16 14:45:25,ลลิตตา พานิชผล,กลุ่มงานบริหารคดีและบริหารทั่วไป,กองบริหารคดี,จองสำเร็จ,2025-07-16 14:55:02
281,2025-08-20,08:30-13:00,ห้องประชุมคณะกรรมการ,ประชุมคณะกรรมการ ป.ป.ท. ประจำเดือน สิงหาคม 2568 ครั้งที่ 61/68,นายอำนาจ พวงชมพู,20,2025-07-16 14:15:31,ลลิตตา พานิชผล,กลุ่มงานบริหารคดีและบริหารทั่วไป,กองบริหารคดี,จองสำเร็จ,2025-07-16 14:55:27
282,2025-08-20,09:00-16:00,ห้องไต่สวน4,ไต่สวน,,3,2025-08-14 09:18:35,มะลิไล แก้วมาดีงาม,กลุ่มงานปราบปรามการทุจริตหน่วยงานไม่สังกัดกระทรวง ทบวง สำนักนายกรัฐมนตรี,กองปราบปรามการทุจริตในภาครัฐ 5,จองสำเร็จ,2025-08-14 09:18:35
283,2025-08-20,09:00-16:30,ห้องประชุม (กปท.4),สอบพยาน,นางนรินยา,4,2025-08-19 11:56:07,ประภัสรา นิลจันทึก,กลุ่มงานปราบปรามการทุจริตในองค์กรปกครองส่วนท้องถิ่น 2,กองปราบปรามการทุจริตในภาครัฐ 4,จองสำเร็จ,2025-08-19 11:56:07
284,2025-08-20,09:00-12:00,Zoom Meeting Room 9,อบรมความรู้เบื้องต้นเกี่ยวกับธรรมาภิบาลข้อมูลภาครัฐ,ผอ.สัมพันธ์ บุญเลิศ,50,2025-08-05 09:45:39,ณัฐกฤตา วงษ์สายตา,กลุ่มงานบริหารเทคโนโลยีและพัฒนาระบบ,ศูนย์เทคโนโลยีสารสนเทศและการสื่อสาร,จองสำเร็จ,2025-08-05 09:45:39
285,2025-08-20,13:00-16:30,ห้องไต่สวน3,สอบพยาน,นางนรินยา สุภาพพูล,4,2025-08-15 11:41:32,ประภัสรา นิลจันทึก,กลุ่มงานปราบปรามการทุจริตในองค์กรปกครองส่วนท้องถิ่น 2,กองปราบปรามการทุจริตในภาครัฐ 4,จองสำเร็จ,2025-08-15 11:41:32
286,2025-08-20,13:00-17:00,ห้องประชุม(ห้องเล็ก 31),การประชุมกลุ่มวิชาการ กปก.,,6,2025-08-19 11:32:16,กนกพร บุตรรักษ์,กลุ่มงานส่งเสริมธรรมาภิบาลในภาครัฐ,กองป้องกันการทุจริตในภาครัฐ,จองสำเร็จ,2025-08-19 11:32:16
287,2025-08-20,13:30-16:00,OneConferenceRoom 1,ประชุมคณะอนุกรรมการไต่สวน,พลเรือตรี พันธ์ุธัช สุภาชัย,5,2025-08-14 15:03:08,มะลิไล แก้วมาดีงาม,กลุ่มงานปราบปรามการทุจริตหน่วยงานไม่สังกัดกระทรวง ทบวง สำนักนายกรัฐมนตรี,กองปราบปรามการทุจริตในภาครัฐ 5,จองสำเร็จ,2025-08-14 15:03:08
288,2025-08-21,07:00-17:30,ห้องไต่สวน1,สอบปากคำพยาน ผู้กล่าวหา,,1,2025-08-01 14:55:04,อภิรักษ์ คงคาเพชร,กลุ่มงานปราบปรามการทุจริตในองค์กรปกครองส่วนท้องถิ่น 2,กองปราบปรามการทุจริตในภาครัฐ 4,จองสำเร็จ,2025-08-01 14:55:04
289,2025-08-21,08:00-16:30,ห้องไต่สวน2,สอบพยาน,,3,2025-08-14 09:55:34,กชมน สุธีรวัฒนกุล,กลุ่มงานปราบปรามการทุจริตในองค์กรปกครองส่วนท้องถิ่น 1,กองปราบปรามการทุจริตในภาครัฐ 4,จองสำเร็จ,2025-08-14 09:55:34
290,2025-08-21,08:30-12:00,Zoom Meeting Room 6,ประชุมประจำเดือน สิงหาคม 2568,นายจิรวัฒน์ สุภาพ,1,2025-08-20 10:04:57,ธันย์นภัทร ศรีนันทา,กลุ่มงานป้องกันการทุจริตในภาครัฐ,สำนักงานป้องกันและปราบปรามการทุจริตในภาครัฐ เขต 4,จองสำเร็จ,2025-08-20 10:04:57
291,2025-08-21,08:30-13:00,OneConferenceRoom 1,ประชุมคณะกรรมการ ป.ป.ท. ประจำเดือน สิงหาคม 2568 ครั้งที่ 62/68,นายอำนาจ พวงชมพู,20,2025-07-16 15:08:05,ลลิตตา พานิชผล,กลุ่มงานบริหารคดีและบริหารทั่วไป,กองบริหารคดี,จองสำเร็จ,2025-07-16 15:15:29
292,2025-08-21,08:30-13:00,ห้องประชุมคณะกรรมการ,ประชุมคณะกรรมการ ป.ป.ท. ประจำเดือน สิงหาคม 2568 ครั้งที่ 62/68,นายอำนาจ พวงชมพู,20,2025-07-16 14:16:21,ลลิตตา พานิชผล,กลุ่มงานบริหารคดีและบริหารทั่วไป,กองบริหารคดี,จองสำเร็จ,2025-07-16 14:54:34
293,2025-08-21,09:00-16:30,ห้องประชุม 2 (ห้องเล็ก),การประชุมคณะอนุกรรมการกลั่นกรองฯ คณะที่ 8,นายปริญญา บุญชู,8,2025-07-30 10:33:51,ณัฐฐพิชา นาวินธรรม,กลุ่มงานคำวินิจฉัยและมติคณะกรรมการ,กองบริหารคดี,จองสำเร็จ,2025-07-30 10:33:51
294,2025-08-21,09:00-16:30,ห้องไต่สวน3,สอบปากคำ,,3,2025-08-13 10:57:02,วิชาญ พิเนตรเสถียร,กลุ่มงานปราบปรามการทุจริตหน่วยงานไม่สังกัดกระทรวง ทบวง สำนักนายกรัฐมนตรี,กองปราบปรามการทุจริตในภาครัฐ 5,จองสำเร็จ,2025-08-13 10:57:02
295,2025-08-21,09:00-12:00,ห้องประชุม(ห้องเล็ก 31),ประชุมการมอบรางวัลเครือข่ายต้นแบบ,,15,2025-08-13 13:46:48,เสาวณีย์ แจ้งอักษร,กลุ่มงานป้องกันและปราบปรามการทุจริตและประพฤติมิชอบ,ศูนย์ปฏิบัติการต่อต้านการทุจริต,จองสำเร็จ,2025-08-13 13:46:48
296,2025-08-21,09:00-12:00,Zoom Meeting Room 9,ประชุมการมอบรางวัลเครือข่ายต้นแบบ,,20,2025-08-13 13:48:47,เสาวณีย์ แจ้งอักษร,กลุ่มงานป้องกันและปราบปรามการทุจริตและประพฤติมิชอบ,ศูนย์ปฏิบัติการต่อต้านการทุจริต,จองสำเร็จ,2025-08-13 13:48:47
297,2025-08-21,09:00-16:30,OneConferenceRoom 3,การประชุมคณะอนุกรรมการกลั่นกรองฯ คณะที่ 8,นายปริญญา บุญชู,8,2025-07-30 10:33:51,ณัฐฐพิชา นาวินธรรม,กลุ่มงานคำวินิจฉัยและมติคณะกรรมการ,กองบริหารคดี,จองสำเร็จ,2025-07-30 10:33:51
298,2025-08-21,09:30-11:00,ห้องประชุม(กยผ),คณะกรรมการดำเนินงานจ้างที่ปรึกษาโดยวิธีเฉพาะเจาะจง  ในงานจ้างที่ปรึกษาภายใต้โครงการยกระดับศูนย์ขับเคลื่อนการบริการภาครัฐสำหรับนักลงทุนและชาวต่างชาติ ปีงบประมาณ พ.ศ. 2568 ครั้งที่1/68,,5,2025-08-20 14:23:23,นพณัช นิลสนธิ,กลุ่มความร่วมมือและพัฒนานวัตกรรมความโปร่งใสในภาครัฐ,กองการต่างประเทศ,จองสำเร็จ,2025-08-20 14:23:23
299,2025-08-21,13:00-16:30,ห้องไต่สวน4,สอบพยาน,,3,2025-08-19 16:13:27,สุนิสา รักษา,กลุ่มงานปราบปรามการทุจริตในองค์กรปกครองส่วนท้องถิ่น 1,กองปราบปรามการทุจริตในภาครัฐ 4,จองสำเร็จ,2025-08-19 16:13:27
300,2025-08-21,13:00-17:00,OneConferenceRoom 1,ประชุมคณะอนุกรรมการไต่สวนฯ,พ.ต.ท. ทนง เพิ่มพูล,1,2025-08-07 15:05:28,ชรินดา มีแป้น,กลุ่มงานปราบปรามการทุจริตหน่วยงานในสังกัดสำนักนายกรัฐมนตรี,กองปราบปรามการทุจริตในภาครัฐ 5,จองสำเร็จ,2025-08-07 15:05:28
301,2025-08-21,13:00-14:30,OneConferenceRoom 2,ประชุมคณะอนุกรรมการไต่สวนข้อเท็จจริง ตามคำสั่งคณะกรรมการ ป.ป.ท. ที่ 87/2561 ลงวันที่ 6 มีนาคม 2561,นายกฤษณ์  กระแสเวส,5,2025-08-19 11:59:39,ภัคภิณญา อุตสาย,กลุ่มงานบริหารคดีและบริหารทั่วไป,สำนักงานป้องกันและปราบปรามการทุจริตในภาครัฐ เขต 5,จองสำเร็จ,2025-08-19 12:00:28
302,2025-08-22,06:00-18:00,ห้องไต่สวน2,ไต่สวนข้อเท็จจริง,,4,2025-08-20 09:21:41,อภิรักษ์ คงคาเพชร,กลุ่มงานปราบปรามการทุจริตในองค์กรปกครองส่วนท้องถิ่น 2,กองปราบปรามการทุจริตในภาครัฐ 4,จองสำเร็จ,2025-08-20 09:21:41
303,2025-08-22,08:00-17:00,ห้องไต่สวน1,สอบพยาน,,4,2025-08-14 11:44:18,กชมน สุธีรวัฒนกุล,กลุ่มงานปราบปรามการทุจริตในองค์กรปกครองส่วนท้องถิ่น 1,กองปราบปรามการทุจริตในภาครัฐ 4,จองสำเร็จ,2025-08-14 11:44:18
304,2025-08-22,09:00-17:30,ห้องประชุม 2 (ห้องเล็ก),ประชุมหารือการปรับปรุงร่างประกาศอนุเงินเพิ่ม,,10,2025-08-14 16:12:48,อธิวัฒน์ ธัมมารัตน์นนท์,กลุ่มงานบริหารงานบุคคล,สำนักงานเลขาธิการ,จองสำเร็จ,2025-08-14 16:12:48
305,2025-08-22,09:00-13:00,Zoom Meeting Room 9,ประชุมคณะกรรมการสวัสดิการฯ,นายเอกชัย เกษมสุขธวัช,20,2025-08-19 15:10:01,ตะวัน ราชไลกิจ,กลุ่มงานบริหารงานบุคคล,สำนักงานเลขาธิการ,จองสำเร็จ,2025-08-19 15:10:01
306,2025-08-22,10:00-11:45,OneConferenceRoom 1,ประชุมคดีไต่สวน,นายภาส ภาสสัทธา,5,2025-07-29 10:32:46,มนัสวัลย์ ก้อนทอง,กลุ่มงานปราบปรามการทุจริตในรัฐวิสาหกิจ 1,กองปราบปรามการทุจริตในภาครัฐ 3,จองสำเร็จ,2025-07-29 10:32:46
307,2025-08-22,13:00-14:30,OneConferenceRoom 1,ประชุมไต่สวนสำนวน 724/2559,นายศานต์ชาติ ตึดสันโดษ,3,2025-08-18 09:08:53,กฤตพร ใจโฮ้ง,กลุ่มตรวจสอบภายใน,กลุ่มตรวจสอบภายใน,จองสำเร็จ,2025-08-18 09:08:53
308,2025-08-22,13:00-15:00,OneConferenceRoom 2,ประชุมไต่สวน,นายภาส,3,2025-08-21 10:35:22,มนัสวัลย์ ก้อนทอง,กลุ่มงานปราบปรามการทุจริตในรัฐวิสาหกิจ 1,กองปราบปรามการทุจริตในภาครัฐ 3,จองสำเร็จ,2025-08-21 10:35:22
309,2025-08-25,08:00-19:00,Zoom Meeting Room 1,ZOOM โครงการสัมมนา กบค.,,100,2025-08-01 16:50:47,ธนพล วัฒนเศรษฐ,ศูนย์เทคโนโลยีสารสนเทศและการสื่อสาร,ศูนย์เทคโนโลยีสารสนเทศและการสื่อสาร,จองสำเร็จ,2025-08-01 16:50:47
310,2025-08-25,08:30-18:00,ห้องไต่สวน1,ไต่สวน,พลโท นพพร โควหกุล,3,2025-08-01 13:34:36,กาญจณา นาวิกนันทน์,กลุ่มงานปราบปรามการทุจริตกระทรวงด้านความมั่นคง 2,กองปราบปรามการทุจริตในภาครัฐ 1,จองสำเร็จ,2025-08-01 13:34:36
311,2025-08-25,08:45-16:45,ห้องไต่สวน4,สอบปากคำ,,1,2025-08-15 15:14:05,วิชาญ พิเนตรเสถียร,กลุ่มงานปราบปรามการทุจริตหน่วยงานไม่สังกัดกระทรวง ทบวง สำนักนายกรัฐมนตรี,กองปราบปรามการทุจริตในภาครัฐ 5,จองสำเร็จ,2025-08-15 15:14:05
312,2025-08-25,09:00-12:00,ห้องประชุม(กยผ),ประชุมคกก.ตรวจรับงานจ้างที่ปรึกษา CPI (งวดงานที่ 1),นางสาวกิตวิภา สุวรรณรัตน์,7,2025-08-20 10:24:42,กิริยา พิชยวัฒน์,กลุ่มความร่วมมือและพัฒนานวัตกรรมความโปร่งใสในภาครัฐ,กองการต่างประเทศ,จองสำเร็จ,2025-08-20 10:24:42
313,2025-08-25,09:00-12:00,Zoom Meeting Room 2,ประชุมคกก.ตรวจรับงานจ้างที่ปรึกษา CPI (งวดงานที่ 1),นางสาวกิตวิภา สุวรรณรัตน์,1,2025-08-20 10:29:05,กิริยา พิชยวัฒน์,กลุ่มความร่วมมือและพัฒนานวัตกรรมความโปร่งใสในภาครัฐ,กองการต่างประเทศ,จองสำเร็จ,2025-08-20 10:29:05
314,2025-08-25,09:30-12:00,ห้องไต่สวน2,สอบปากคำพยาน,,3,2025-08-07 14:14:11,กรีฑา พิทักษ์วงศ์,กลุ่มงานปราบปรามการทุจริตในองค์กรปกครองส่วนท้องถิ่น 2,กองปราบปรามการทุจริตในภาครัฐ 4,จองสำเร็จ,2025-08-07 14:14:11
315,2025-08-25,09:30-16:30,ห้องประชุมคณะกรรมการ,ประชุมคณะอนุกรรมการกลั่นกรองฯ คณะที่ 5 ครั้งที่ 23-7/2568,นายประพาฬ อนมาน,7,2025-08-06 13:26:03,พิศาล เฝื่อชาติ,กลุ่มงานคำวินิจฉัยและมติคณะกรรมการ,กองบริหารคดี,จองสำเร็จ,2025-08-06 13:26:43
316,2025-08-25,12:00-13:00,ห้องไต่สวน3,ประชุมคณะพนักงานไต่สวน,ระวิพรรณ จินดาดวง,2,2025-08-19 15:15:55,ระวิพรรณ จินดาดวง,กลุ่มงานปราบปรามการทุจริตกระทรวงด้านความมั่นคง 1,กองปราบปรามการทุจริตในภาครัฐ 1,จองสำเร็จ,2025-08-19 15:15:55
317,2025-08-25,13:00-14:00,OneConferenceRoom 2,ประชุมคณะอนุกรรมการไต่สวนข้อเท็จจริง เรื่องที่ 03436/2555,นายกฤษณ์  กระแสเวส,3,2025-08-20 14:30:51,ภัคภิณญา อุตสาย,กลุ่มงานบริหารคดีและบริหารทั่วไป,สำนักงานป้องกันและปราบปรามการทุจริตในภาครัฐ เขต 5,จองสำเร็จ,2025-08-20 15:48:14
318,2025-08-25,13:30-14:30,OneConferenceRoom 1,ประชุมการไต่สวน เรื่องที่ ๐๑๑๕/๒๕๖๕,นายทองสุข ณ พล,4,2025-08-15 12:36:49,เชิงชาย มณีฤทธิ์,กลุ่มงานปราบปรามการทุจริตในภาครัฐ 1,สำนักงานป้องกันและปราบปรามการทุจริตในภาครัฐ เขต 4,จองสำเร็จ,2025-08-15 12:36:49
319,2025-08-26,08:00-18:00,ห้องไต่สวน1,ไต่สวน,พลโท นพพร โควหกุล,4,2025-08-01 13:36:35,กาญจณา นาวิกนันทน์,กลุ่มงานปราบปรามการทุจริตกระทรวงด้านความมั่นคง 2,กองปราบปรามการทุจริตในภาครัฐ 1,จองสำเร็จ,2025-08-01 13:36:35
320,2025-08-26,08:00-17:00,ห้องไต่สวน2,สอบพยาน,,3,2025-08-15 11:22:12,เชษฐินันท์ นนทแก้ว,กลุ่มงานปราบปรามการทุจริตกระทรวงด้านความมั่นคง 2,กองปราบปรามการทุจริตในภาครัฐ 1,จองสำเร็จ,2025-08-15 11:22:12
321,2025-08-26,08:00-17:00,ห้องประชุม 1 (ห้องใหญ่),"หลักสูตร ""เสริมสร้างสมรรถนะบุคลากร ป.ป.ท. ให้เป็น Smart Officer”",เลขาธิการคณะกรรมการ ป.ป.ท.,55,2025-08-14 15:48:25,ณัฏฐ์รินทร์ กรรณสูต,กลุ่มงานพัฒนาบุคลากร,สำนักงานเลขาธิการ,จองสำเร็จ,2025-08-14 15:48:25
322,2025-08-26,08:00-17:00,ห้องประชุม (กปท.4),ประชุมคณะอนุกรรมการไต่สวน,พ.ต.ท. งามพล,1,2025-08-18 14:44:51,อนาวิล เกตพันธ์,กลุ่มงานปราบปรามการทุจริตในองค์กรปกครองส่วนท้องถิ่น 1,กองปราบปรามการทุจริตในภาครัฐ 4,จองสำเร็จ,2025-08-18 14:44:51
323,2025-08-26,08:15-17:00,Zoom Meeting Room 10,"หลักสูตร ""เสริมสร้างสมรรถนะบุคลากร ป.ป.ท. ให้เป็น Smart Officer”",เลขาธิการคณะกรรมการ ป.ป.ท.,60,2025-08-15 12:09:15,ณัฏฐ์รินทร์ กรรณสูต,กลุ่มงานพัฒนาบุคลากร,สำนักงานเลขาธิการ,จองสำเร็จ,2025-08-15 12:11:34
324,2025-08-26,08:30-16:00,ห้องไต่สวน4,ไต่สวนเบื้องต้น,,1,2025-08-06 13:51:10,มะลิไล แก้วมาดีงาม,กลุ่มงานปราบปรามการทุจริตหน่วยงานไม่สังกัดกระทรวง ทบวง สำนักนายกรัฐมนตรี,กองปราบปรามการทุจริตในภาครัฐ 5,จองสำเร็จ,2025-08-06 13:51:10
325,2025-08-26,08:30-13:00,OneConferenceRoom 1,ประชุมคณะกรรมการ ป.ป.ท. ประจำเดือน สิงหาคม 2568 ครั้งที่ 63/68,นายอำนาจ พวงชมพู,20,2025-07-16 14:48:37,ลลิตตา พานิชผล,กลุ่มงานบริหารคดีและบริหารทั่วไป,กองบริหารคดี,จองสำเร็จ,2025-07-16 14:48:37
326,2025-08-26,08:30-13:00,ห้องประชุมคณะกรรมการ,ประชุมคณะกรรมการ ป.ป.ท. ประจำเดือน สิงหาคม 2568 ครั้งที่ 63/68,นายอำนาจ พวงชมพู,20,2025-07-16 14:23:07,ลลิตตา พานิชผล,กลุ่มงานบริหารคดีและบริหารทั่วไป,กองบริหารคดี,จองสำเร็จ,2025-07-16 14:49:56
327,2025-08-26,09:00-16:30,ห้องไต่สวน3,สอบปากคำ,,5,2025-08-15 15:16:45,วิชาญ พิเนตรเสถียร,กลุ่มงานปราบปรามการทุจริตหน่วยงานไม่สังกัดกระทรวง ทบวง สำนักนายกรัฐมนตรี,กองปราบปรามการทุจริตในภาครัฐ 5,จองสำเร็จ,2025-08-15 15:16:45
328,2025-08-27,08:00-17:00,ห้องประชุม 1 (ห้องใหญ่),"หลักสูตร ""เสริมสร้างสมรรถนะบุคลากร ป.ป.ท. ให้เป็น Smart Officer”",เลขาธิการคณะกรรมการ ป.ป.ท.,55,2025-08-14 15:49:27,ณัฏฐ์รินทร์ กรรณสูต,กลุ่มงานพัฒนาบุคลากร,สำนักงานเลขาธิการ,จองสำเร็จ,2025-08-14 15:49:27
329,2025-08-27,08:15-17:00,Zoom Meeting Room 10,"หลักสูตร ""เสริมสร้างสมรรถนะบุคลากร ป.ป.ท. ให้เป็น Smart Officer”",เลขาธิการคณะกรรมการ ป.ป.ท.,60,2025-08-15 12:10:48,ณัฏฐ์รินทร์ กรรณสูต,กลุ่มงานพัฒนาบุคลากร,สำนักงานเลขาธิการ,จองสำเร็จ,2025-08-15 12:10:48
330,2025-08-27,08:30-16:30,ห้องไต่สวน3,สอบพยาน,-,4,2025-08-15 15:15:56,พงศ์ศักดิ์ น้ำขาว,กลุ่มงานปราบปรามการทุจริตหน่วยงานไม่สังกัดกระทรวง ทบวง สำนักนายกรัฐมนตรี,กองปราบปรามการทุจริตในภาครัฐ 5,จองสำเร็จ,2025-08-15 15:15:56
331,2025-08-27,08:30-16:30,ห้องไต่สวน4,ไต่สวนเบื้องต้น,,3,2025-08-18 14:52:14,พรรณนิภา อารยะทรงศักดิ์,กลุ่มงานปราบปรามการทุจริตหน่วยงานไม่สังกัดกระทรวง ทบวง สำนักนายกรัฐมนตรี,กองปราบปรามการทุจริตในภาครัฐ 5,จองสำเร็จ,2025-08-18 14:52:14
332,2025-08-27,08:30-14:00,OneConferenceRoom 1,ประชุมคณะกรรมการ ป.ป.ท. ประจำเดือน สิงหาคม 2568 ครั้งที่ 64/68,นายอำนาจ พวงชมภู,20,2025-08-21 20:44:52,ลลิตตา พานิชผล,กลุ่มงานบริหารคดีและบริหารทั่วไป,กองบริหารคดี,จองสำเร็จ,2025-08-21 20:44:52
333,2025-08-27,08:30-14:00,ห้องประชุมคณะกรรมการ,ประชุมคณะกรรมการ ป.ป.ท. ประจำเดือน สิงหาคม 2568 ครั้ง 64/68,นายอำนาจ พวงชมภู,20,2025-08-21 20:43:21,ลลิตตา พานิชผล,กลุ่มงานบริหารคดีและบริหารทั่วไป,กองบริหารคดี,จองสำเร็จ,2025-08-21 20:43:36
334,2025-08-27,09:00-12:00,Zoom Meeting Room 9,อบรมการใช้งานระบบไต่สวนข้อเท็จจริง,นายสัมพันธ์ บุญเลิศ,40,2025-08-05 09:50:33,ณัฐกฤตา วงษ์สายตา,กลุ่มงานบริหารเทคโนโลยีและพัฒนาระบบ,ศูนย์เทคโนโลยีสารสนเทศและการสื่อสาร,จองสำเร็จ,2025-08-05 09:50:33
335,2025-08-27,09:30-12:00,ห้องไต่สวน1,ไต่สวน,สำนวนประพฤติมิชอบ,3,2025-08-22 12:27:05,หยาดพิรุณ งามรูป,กลุ่มงานปราบปรามการทุจริตในภาครัฐ 2,สำนักงานป้องกันและปราบปรามการทุจริตในภาครัฐ เขต 4,จองสำเร็จ,2025-08-22 12:28:08
336,2025-08-27,10:00-17:00,ห้องประชุม(ห้องเล็ก 31),ประชุมตรวจงานผลิตสื่อประชาสัมพันธ์,,1,2025-08-27 09:51:43,วลัยพร พ่วงเจริญ,กลุ่มงานปราบปรามการทุจริตในองค์กรปกครองส่วนท้องถิ่น 2,กองปราบปรามการทุจริตในภาครัฐ 4,จองสำเร็จ,2025-08-27 09:51:43
337,2025-08-27,10:00-16:30,ห้องประชุม(กยผ),ประชุมการปรับปรุง/แก้ไข งานงวดที่ 1 (CPI),,10,2025-08-26 11:18:25,กิริยา พิชยวัฒน์,กลุ่มความร่วมมือและพัฒนานวัตกรรมความโปร่งใสในภาครัฐ,กองการต่างประเทศ,จองสำเร็จ,2025-08-26 11:18:25
338,2025-08-27,12:00-16:30,ห้องประชุม (กปท.4),สอบพยาน,นางนรินยา สุภาพพูล,4,2025-08-27 09:45:50,จิราพรรณ ทาบุราญ,กลุ่มงานปราบปรามการทุจริตในองค์กรปกครองส่วนท้องถิ่น 2,กองปราบปรามการทุจริตในภาครัฐ 4,จองสำเร็จ,2025-08-27 09:45:50
339,2025-08-27,12:30-16:45,Zoom Meeting Room 1,คณะอนุกรรมการพิจารณากลั่นกรองการเปิดเผยข้อมูลข่าวสาร,,12,2025-08-14 11:41:39,อานนท์ ชนประชา,กลุ่มงานความเห็นแย้ง,กองกฎหมาย,จองสำเร็จ,2025-08-27 14:52:34
340,2025-08-27,12:30-16:45,ห้องประชุม 2 (ห้องเล็ก),คณะอนุกรรมการพิจารณากลั่นกรองการเปิดเผยข้อมูลข่าวสาร,,13,2025-08-14 11:40:39,อานนท์ ชนประชา,กลุ่มงานความเห็นแย้ง,กองกฎหมาย,จองสำเร็จ,2025-08-14 11:40:39
341,2025-08-27,13:00-16:30,ห้องไต่สวน2,ประชุมคณะกรรมการสอบสวนวินัย,,3,2025-08-19 16:09:01,ประภัสรา นิลจันทึก,กลุ่มงานปราบปรามการทุจริตในองค์กรปกครองส่วนท้องถิ่น 2,กองปราบปรามการทุจริตในภาครัฐ 4,จองสำเร็จ,2025-08-19 16:09:01
342,2025-08-27,13:00-16:30,Zoom Meeting Room 8,ประชุมคณะทำงานความเสี่ยง,นายเอกชัยฯ,10,2025-08-26 10:52:12,พัทธนันท์ ประสิทธิวงษ์,กลุ่มงานจริยธรรม,ศูนย์ปฏิบัติการต่อต้านการทุจริต,จองสำเร็จ,2025-08-28 09:14:20
343,2025-08-28,07:30-16:30,ห้องไต่สวน1,สอบปากคำเจ้าหน้าที่เขต,,3,2025-08-01 14:57:38,อภิรักษ์ คงคาเพชร,กลุ่มงานปราบปรามการทุจริตในองค์กรปกครองส่วนท้องถิ่น 2,กองปราบปรามการทุจริตในภาครัฐ 4,จองสำเร็จ,2025-08-01 14:57:38
344,2025-08-28,08:00-17:00,ห้องประชุม 1 (ห้องใหญ่),การตรวจสุขภาพจิตของบุคลากรสำนักงาน ป.ป.ท.,,70,2025-07-16 14:27:17,ตะวัน ราชไลกิจ,กลุ่มงานบริหารงานบุคคล,สำนักงานเลขาธิการ,จองสำเร็จ,2025-07-16 14:27:17
345,2025-08-28,08:00-17:00,ห้องอบรม (กพบ),การตรวจสุขภาพจิตของบุคลากรสำนักงาน ป.ป.ท.,,70,2025-07-24 15:54:53,ตะวัน ราชไลกิจ,กลุ่มงานบริหารงานบุคคล,สำนักงานเลขาธิการ,จองสำเร็จ,2025-07-24 15:54:53
346,2025-08-28,08:30-17:00,ห้องไต่สวน2,สอบปากคำพยาน,น.ส.ระวิพรรณ จินดาดวง,4,2025-08-14 08:51:49,พิกุล โกสินทร์,ฝ่ายบริหารทั่วไปและคดี,กองปราบปรามการทุจริตในภาครัฐ 1,จองสำเร็จ,2025-08-14 08:51:49
347,2025-08-28,08:30-16:30,ห้องไต่สวน3,สอบพยาน,-,4,2025-08-15 15:17:33,พงศ์ศักดิ์ น้ำขาว,กลุ่มงานปราบปรามการทุจริตหน่วยงานไม่สังกัดกระทรวง ทบวง สำนักนายกรัฐมนตรี,กองปราบปรามการทุจริตในภาครัฐ 5,จองสำเร็จ,2025-08-15 15:17:33
348,2025-08-28,08:30-16:30,ห้องประชุม(ห้องเล็ก 31),ประชุมพิจารณาผลการประกวดราคาฯ การจ้างก่อสร้างฯ ครั้งที่ 3/2568,ผอ.กปท.5,15,2025-08-21 13:39:16,พิชาภัค นิลมณี,กลุ่มงานพัสดุและอาคารสถานที่,สำนักงานเลขาธิการ,จองสำเร็จ,2025-08-21 13:39:16
349,2025-08-28,08:30-16:30,Zoom Meeting Room 2,ประชุมพิจารณาผลการประกวดราคาฯ การจ้างก่อสร้างฯ ครั้งที่ 3/2568,ผอ.กปท.5,15,2025-08-21 13:40:21,พิชาภัค นิลมณี,กลุ่มงานพัสดุและอาคารสถานที่,สำนักงานเลขาธิการ,จองสำเร็จ,2025-08-21 13:40:21
350,2025-08-28,09:00-16:30,ห้องไต่สวน4,ไต่สวน,พ.ท.สุรศักดิ์ บุบผา,5,2025-07-30 15:47:45,วิชาญ พิเนตรเสถียร,กลุ่มงานปราบปรามการทุจริตหน่วยงานไม่สังกัดกระทรวง ทบวง สำนักนายกรัฐมนตรี,กองปราบปรามการทุจริตในภาครัฐ 5,จองสำเร็จ,2025-07-30 15:47:45
351,2025-08-28,13:00-17:00,Zoom Meeting Room 1,คณะอนุกรรมการพิจารณาและให้คำปรึกษาด้านกฎหมาย,นายสมชาย จุลนิติ์,18,2025-08-14 09:26:52,จิรวดี จินดาพล,กลุ่มงานกฎหมาย,กองกฎหมาย,จองสำเร็จ,2025-08-14 09:26:52
352,2025-08-28,13:00-17:00,ห้องประชุม 2 (ห้องเล็ก),คณะอนุกรรมการพิจารณาและให้คำปรึกษาด้านกฎหมาย,นายสมชาย จุลนิติ์,1,2025-08-14 09:24:10,จิรวดี จินดาพล,กลุ่มงานกฎหมาย,กองกฎหมาย,จองสำเร็จ,2025-08-14 09:24:10
353,2025-08-28,13:00-16:00,ห้องประชุม(กยผ),ประชุมคณะกรรมการตรวจรับพัสดุ (ระบบ PACC E-Learning),,5,2025-08-22 15:29:42,ปิยนุช จันทน์สุคนธ์,กลุ่มงานวิชาการและพัฒนานวัตกรรมด้านการป้องกัน,กองป้องกันการทุจริตในภาครัฐ,จองสำเร็จ,2025-08-22 15:29:42
354,2025-08-28,13:00-14:00,OneConferenceRoom 1,ประชุมครั้งที่ 3-1-2568 วันที่ 28 สค 68 เวลา13.00น. สำนวนที่ 100700/2561 คำสั่งที่ 185/2561 แก้ไข57/2567,นายกฤษณ์  กระแสเวส,6,2025-08-27 10:59:59,ภัคภิณญา อุตสาย,กลุ่มงานบริหารคดีและบริหารทั่วไป,สำนักงานป้องกันและปราบปรามการทุจริตในภาครัฐ เขต 5,จองสำเร็จ,2025-08-27 10:59:59
355,2025-08-28,16:30-18:00,ห้องประชุม(ห้องเล็ก 31),ประชุมตรวจรับพัสดุ,นางสาวปิยนุชฯ,5,2025-08-28 10:47:53,กิติคุณ โตรักษา,กลุ่มงานวิชาการและพัฒนานวัตกรรมด้านการป้องกัน,กองป้องกันการทุจริตในภาครัฐ,จองสำเร็จ,2025-08-28 10:47:53
356,2025-08-29,08:00-17:00,ห้องไต่สวน3,สอบปากคำพยาน,,1,2025-08-14 10:55:38,สรศักดิ์ ชัยอนันต์วรพล,กลุ่มงานปราบปรามการทุจริตหน่วยงานไม่สังกัดกระทรวง ทบวง สำนักนายกรัฐมนตรี,กองปราบปรามการทุจริตในภาครัฐ 5,จองสำเร็จ,2025-08-14 10:55:38
357,2025-08-29,08:00-12:00,ห้องประชุม 1 (ห้องใหญ่),ประชุม สปท. ป.ป.ท. ครั้งที่ 8/2568,,20,2025-07-29 16:09:45,เสาวณีย์ แจ้งอักษร,กลุ่มงานป้องกันและปราบปรามการทุจริตและประพฤติมิชอบ,ศูนย์ปฏิบัติการต่อต้านการทุจริต,จองสำเร็จ,2025-07-29 16:09:45
358,2025-08-29,08:00-12:00,Zoom Meeting Room 9,ประชุม สปท. ป.ป.ท. ครั้งที่ 8/2568,,15,2025-07-29 16:13:19,เสาวณีย์ แจ้งอักษร,กลุ่มงานป้องกันและปราบปรามการทุจริตและประพฤติมิชอบ,ศูนย์ปฏิบัติการต่อต้านการทุจริต,จองสำเร็จ,2025-07-29 16:13:19
359,2025-08-29,08:30-16:30,ห้องไต่สวน2,สอบพยาน,-,4,2025-08-15 15:19:27,พงศ์ศักดิ์ น้ำขาว,กลุ่มงานปราบปรามการทุจริตหน่วยงานไม่สังกัดกระทรวง ทบวง สำนักนายกรัฐมนตรี,กองปราบปรามการทุจริตในภาครัฐ 5,จองสำเร็จ,2025-08-15 15:19:27
360,2025-08-29,08:30-12:00,ห้องประชุม(ห้องเล็ก 31),สอบปากคำพยาน,,2,2025-08-20 10:01:12,สัณหภณ พงษ์ประเสริฐ,กลุ่มงานปราบปรามการทุจริตกระทรวงด้านความมั่นคง 2,กองปราบปรามการทุจริตในภาครัฐ 1,จองสำเร็จ,2025-08-20 10:01:12
361,2025-08-29,08:30-12:00,ห้องประชุม (กปท.4),ประชุมวินัย,,4,2025-08-25 14:47:27,ประภัสรา นิลจันทึก,กลุ่มงานปราบปรามการทุจริตในองค์กรปกครองส่วนท้องถิ่น 2,กองปราบปรามการทุจริตในภาครัฐ 4,จองสำเร็จ,2025-08-25 14:47:27
362,2025-08-29,08:45-16:30,ห้องไต่สวน4,ไต่สวน,,5,2025-08-14 09:24:50,มะลิไล แก้วมาดีงาม,กลุ่มงานปราบปรามการทุจริตหน่วยงานไม่สังกัดกระทรวง ทบวง สำนักนายกรัฐมนตรี,กองปราบปรามการทุจริตในภาครัฐ 5,จองสำเร็จ,2025-08-14 09:24:50
363,2025-08-29,09:30-16:00,Zoom Meeting Room 1,อบรมด้านความมั่นคงปลอดภัยทางเทคโนโลยีสารสนเทศสำหรับผู้ใช้งาน,-,300,2025-08-20 13:44:12,จิตรพล อินกุณา,กลุ่มงานคอมพิวเตอร์และการสื่อสาร,ศูนย์เทคโนโลยีสารสนเทศและการสื่อสาร,จองสำเร็จ,2025-08-20 13:44:12
364,2025-08-29,09:30-12:00,ห้องไต่สวน1,ประชุมคณะอนุกรรมการ,พ.อ.ปิยะพล วัฒนผล,5,2025-08-18 10:15:40,รัชนีวรรณ พาพันธุ์เรือง,กลุ่มงานปราบปรามการทุจริตในภาครัฐ 2,สำนักงานป้องกันและปราบปรามการทุจริตในภาครัฐ เขต 1,จองสำเร็จ,2025-08-18 10:15:40
365,2025-08-29,09:30-12:00,OneConferenceRoom 1,1088/2563,นายสุภาพ  ศิริ,1,2025-08-20 09:25:42,กมลทิพย์ โล่ห์เลขา,กลุ่มงานปราบปรามการทุจริตในภาครัฐ 2,สำนักงานป้องกันและปราบปรามการทุจริตในภาครัฐ เขต 6,จองสำเร็จ,2025-08-20 09:25:42
366,2025-08-29,10:00-16:30,ห้องประชุมคณะกรรมการ,ประชุมกองบริหารคดี,ผช.ลธ.ป.ป.ท.,50,2025-08-28 16:12:08,ธีระพล คนึงคิด,กลุ่มงานบริหารคดีและบริหารทั่วไป,กองบริหารคดี,จองสำเร็จ,2025-08-28 16:12:08
367,2025-08-29,12:30-16:45,ห้องประชุม(ห้องเล็ก 31),ประชุม กปก.,,7,2025-08-18 14:34:32,สุริยะ พรหมแก้ว,ฝ่ายบริหารทั่วไป,กองป้องกันการทุจริตในภาครัฐ,จองสำเร็จ,2025-08-18 14:34:32
368,2025-08-29,13:00-16:30,ห้องประชุม 1 (ห้องใหญ่),ประชุม อ.ก.พ. สำนักงาน ป.ป.ท.,เลขาธิการคณะกรรมการ ป.ป.ท.,10,2025-08-07 14:43:17,รัชพล เอี้ยวน้าว,ศูนย์รับเรื่องร้องเรียน,กองบริหารคดี,จองสำเร็จ,2025-08-07 14:43:17
369,2025-08-29,13:00-15:00,ห้องประชุม(กยผ),คณะทำงานจัดทำระบบการประเมินความเสี่ยงการทุจริตของสำนักงานคณะกรรมการป้องกันและปราบปรามการทุจริตในภาครัฐ,นายเอกชัยฯ,10,2025-08-26 19:40:55,ธนบูลย์ ลลิตสุธีจำเริญ,กลุ่มงานส่งเสริมธรรมาภิบาลในภาครัฐ,กองป้องกันการทุจริตในภาครัฐ,จองสำเร็จ,2025-08-26 19:40:55
370,2025-08-29,13:00-15:00,Zoom Meeting Room 8,คณะทำงานจัดทำระบบการประเมินความเสี่ยงการทุจริตของสำนักงานคณะกรรมการป้องกันและปราบปรามการทุจริตในภาครัฐ,นายเอกชัยฯ,10,2025-08-26 19:40:55,ธนบูลย์ ลลิตสุธีจำเริญ,กลุ่มงานส่งเสริมธรรมาภิบาลในภาครัฐ,กองป้องกันการทุจริตในภาครัฐ,จองสำเร็จ,2025-08-26 19:40:55
371,2025-08-29,14:00-17:00,ห้องประชุม (กปท.4),ประชุมคดี,นายทวีศักดิ์ นันทะพงษ์,3,2025-08-28 15:56:24,สุนิสา รักษา,กลุ่มงานปราบปรามการทุจริตในองค์กรปกครองส่วนท้องถิ่น 1,กองปราบปรามการทุจริตในภาครัฐ 4,จองสำเร็จ,2025-08-28 15:56:48
372,2025-09-01,08:00-17:00,ห้องไต่สวน4,ประชุมอนุกรรมการไต่สวน,,1,2025-08-27 09:10:22,ณัฏฐ์นนท์ จารุวนาลัย,กลุ่มงานปราบปรามการทุจริตหน่วยงานไม่สังกัดกระทรวง ทบวง สำนักนายกรัฐมนตรี,กองปราบปรามการทุจริตในภาครัฐ 5,จองสำเร็จ,2025-08-27 09:10:22
373,2025-09-01,08:00-17:00,ห้องอบรม (กพบ),สตง.เข้าตรวจสอบ,,5,2025-07-24 15:56:55,ชลินทร สอิ้งแก้ว,กลุ่มงานคลัง,สำนักงานเลขาธิการ,จองสำเร็จ,2025-07-24 15:57:20
374,2025-09-01,08:00-17:00,ห้องประชุม (กปท.4),ผู้ถูกกล่าวหาตรวจดูเอกสารตามคำขอ,ระวิพรรณ จินดาดวง,1,2025-08-29 11:37:19,ระวิพรรณ จินดาดวง,กลุ่มงานปราบปรามการทุจริตกระทรวงด้านความมั่นคง 1,กองปราบปรามการทุจริตในภาครัฐ 1,จองสำเร็จ,2025-08-29 11:37:19
375,2025-09-01,08:30-16:30,ห้องไต่สวน1,สอบพยาน,,1,2025-07-30 10:33:02,นิดา พินิจวิกรานต์,กลุ่มงานปราบปรามการทุจริตกระทรวงด้านความมั่นคง 1,กองปราบปรามการทุจริตในภาครัฐ 1,จองสำเร็จ,2025-07-30 10:33:02
376,2025-09-01,08:30-17:00,ห้องไต่สวน2,ไต่สวน,พลโท นพพร โควหกุล,5,2025-08-01 13:48:56,กาญจณา นาวิกนันทน์,กลุ่มงานปราบปรามการทุจริตกระทรวงด้านความมั่นคง 2,กองปราบปรามการทุจริตในภาครัฐ 1,จองสำเร็จ,2025-08-01 13:48:56
377,2025-09-01,09:00-16:30,ห้องไต่สวน3,สอบพยาน,,1,2025-08-13 14:47:42,รัชนีวรรณ พาพันธุ์เรือง,กลุ่มงานปราบปรามการทุจริตในภาครัฐ 2,สำนักงานป้องกันและปราบปรามการทุจริตในภาครัฐ เขต 1,จองสำเร็จ,2025-08-13 14:47:42
378,2025-09-01,09:30-12:00,ห้องประชุม(กยผ),ประชุมคณะกรรมการดำเนินงานจ้างที่ปรึกษาโดยวิธีเฉพาะเจาะจง  ในงานจ้างที่ปรึกษาภายใต้โครงการยกระดับศูนย์ขับเคลื่อนการบริการภาครัฐสำหรับนักลงทุนและชาวต่างชาติ ปีงบประมาณ พ.ศ. 2568 ครั้งที่2/68,กิตวิภา สุวรรณรัตน์,5,2025-08-21 11:27:00,นพณัช นิลสนธิ,กลุ่มความร่วมมือและพัฒนานวัตกรรมความโปร่งใสในภาครัฐ,กองการต่างประเทศ,จองสำเร็จ,2025-08-21 11:27:00
379,2025-09-01,14:00-15:00,OneConferenceRoom 2,คดีไต่สวน คำสั่งที่ 407/2567,พ.ต.ท.สมชัย ประชาเสริมศาสตร์,5,2025-08-31 13:50:33,ดนัย พุทธรักษาไพบูลย์,กลุ่มงานปราบปรามการทุจริตกระทรวงด้านเศรษฐกิจ,กองปราบปรามการทุจริตในภาครัฐ 2,จองสำเร็จ,2025-08-31 13:51:07
380,2025-09-01,15:00-16:00,OneConferenceRoom 1,ประชุมไต่สวนข้อเท็จจริง เรื่องที่ 0265/2566,-,4,2025-08-31 11:44:41,ประวิทย์ ภัทรสัตยากร,กลุ่มงานปราบปรามการทุจริตกระทรวงด้านสังคม,กองปราบปรามการทุจริตในภาครัฐ 2,จองสำเร็จ,2025-08-31 16:28:57
381,2025-09-02,08:00-12:00,Zoom Meeting Room 9,ประชุมหารือการเตรียมการมอบรางวัลเครือข่ายฯ,,20,2025-09-01 11:33:23,สุริยะ พรหมแก้ว,ฝ่ายบริหารทั่วไป,กองป้องกันการทุจริตในภาครัฐ,จองสำเร็จ,2025-09-01 11:33:23
382,2025-09-02,08:30-16:30,ห้องไต่สวน1,สอบพยาน,,1,2025-07-30 10:34:19,นิดา พินิจวิกรานต์,กลุ่มงานปราบปรามการทุจริตกระทรวงด้านความมั่นคง 1,กองปราบปรามการทุจริตในภาครัฐ 1,จองสำเร็จ,2025-07-30 10:34:19
383,2025-09-02,08:30-16:30,ห้องไต่สวน4,ไต่สวนเบื้องต้น,,3,2025-08-18 14:55:48,พรรณนิภา อารยะทรงศักดิ์,กลุ่มงานปราบปรามการทุจริตหน่วยงานไม่สังกัดกระทรวง ทบวง สำนักนายกรัฐมนตรี,กองปราบปรามการทุจริตในภาครัฐ 5,จองสำเร็จ,2025-08-18 14:55:48
384,2025-09-02,08:30-12:00,ห้องประชุม 1 (ห้องใหญ่),ประชุม คทง ECMIC,พตท สิริพงษ์ ศรีตุลา,15,2025-08-29 15:33:27,ลลิตตา พานิชผล,กลุ่มงานบริหารคดีและบริหารทั่วไป,กองบริหารคดี,จองสำเร็จ,2025-08-29 15:33:27
385,2025-09-02,08:30-18:00,ห้องอบรม (กพบ),สตง.ตรวจสอบประจำปี 2568,,5,2025-07-24 15:57:20,นพรัตน์ บุญสำเร็จ,กลุ่มงานคลัง,สำนักงานเลขาธิการ,จองสำเร็จ,2025-07-24 15:57:20
386,2025-09-02,08:30-09:30,OneConferenceRoom 2,ประชุมคดีไต่สวน,พ.ต.ท.สมชัยฯ,4,2025-08-31 15:17:55,ขวัญตา แซ่โก,กลุ่มงานปราบปรามการทุจริตกระทรวงด้านสังคม,กองปราบปรามการทุจริตในภาครัฐ 2,จองสำเร็จ,2025-08-31 15:17:55
387,2025-09-02,09:00-12:00,ห้องประชุม 2 (ห้องเล็ก),การประชุมเตรียมการจัดกิจกรรมการประชาสัมพันธ์ศูนย์ขับเคลื่อนการบริการภาครัฐสำหรับนักลงทุนและชาวต่างชาติ,ลธ ปปท.,10,2025-08-28 14:31:28,พัชรียา ต่อประดิษฐ์,กลุ่มงานประสานการป้องกันและปราบปรามการทุจริตระหว่างประเทศ,กองการต่างประเทศ,จองสำเร็จ,2025-08-28 15:04:53
388,2025-09-02,09:00-12:00,ห้องไต่สวน2,สอบพยาน,,2,2025-08-26 09:44:18,พงศ์ศักดิ์ น้ำขาว,กลุ่มงานปราบปรามการทุจริตหน่วยงานไม่สังกัดกระทรวง ทบวง สำนักนายกรัฐมนตรี,กองปราบปรามการทุจริตในภาครัฐ 5,จองสำเร็จ,2025-08-26 09:44:18
389,2025-09-02,09:00-13:00,ห้องไต่สวน3,ประชุมไต่สวน,พลโท นพพร โควหกุล,1,2025-08-22 10:48:59,ศิรินทร์ทิพย์ โพธิมาศ,กลุ่มงานปราบปรามการทุจริตหน่วยงานไม่สังกัดกระทรวง ทบวง สำนักนายกรัฐมนตรี,กองปราบปรามการทุจริตในภาครัฐ 5,จองสำเร็จ,2025-08-22 10:48:59
390,2025-09-02,09:00-12:00,ห้องประชุม(ห้องเล็ก 31),ประชุมกองวางแผนงาน,นางนรินยา สุภาพพูล (ผอ.กบส.),7,2025-08-26 11:30:57,ใหม่ วงศ์สร้างทรัพย์,กลุ่มงานปราบปรามการทุจริตกระทรวงด้านเศรษฐกิจ,กองปราบปรามการทุจริตในภาครัฐ 2,จองสำเร็จ,2025-08-26 11:30:57
391,2025-09-02,09:30-12:00,ห้องประชุมคณะกรรมการ,ประชุมคณะอนุกรรมการกลั่นกรองฯ คณะที่ 6,พลตำรวจตรี นพรัตน์ รินทพล,8,2025-08-26 13:54:25,ปิยะนุช ชูเมือง,กลุ่มงานคำวินิจฉัยและมติคณะกรรมการ,กองบริหารคดี,จองสำเร็จ,2025-08-26 13:54:25
392,2025-09-02,09:45-12:00,Zoom Meeting Room 3,เชิญประชุมอ่านผลงานฯ,-,5,2025-08-20 15:15:51,ตติยา แก้วละเอียด,กลุ่มงานบริหารงานบุคคล,สำนักงานเลขาธิการ,จองสำเร็จ,2025-08-20 15:15:51
393,2025-09-02,09:45-10:45,OneConferenceRoom 2,ประชุมคดีไต่สวน,พ.ต.ท.สมชัย ประชาเสริมศาสตร์,4,2025-08-31 15:21:34,ขวัญตา แซ่โก,กลุ่มงานปราบปรามการทุจริตกระทรวงด้านสังคม,กองปราบปรามการทุจริตในภาครัฐ 2,จองสำเร็จ,2025-08-31 15:21:34
394,2025-09-02,11:00-12:00,OneConferenceRoom 1,เรื่องที่ 100822/2561 คส.ที่ 535/2567,กฤษณ์  กระแสเว,6,2025-08-28 15:54:05,ภัคภิณญา อุตสาย,กลุ่มงานบริหารคดีและบริหารทั่วไป,สำนักงานป้องกันและปราบปรามการทุจริตในภาครัฐ เขต 5,จองสำเร็จ,2025-09-01 14:48:39
395,2025-09-02,11:00-12:00,OneConferenceRoom 2,ประชุมคดีไต่สวน,พ.ต.ท.สมชัย ประชาเสริมศาสตร์,4,2025-08-31 15:24:08,ขวัญตา แซ่โก,กลุ่มงานปราบปรามการทุจริตกระทรวงด้านสังคม,กองปราบปรามการทุจริตในภาครัฐ 2,จองสำเร็จ,2025-08-31 15:24:08
396,2025-09-02,12:00-16:00,ห้องประชุม(กยผ),ประชุมโครงการของกองป้องกันฯ ปี 2569,กยผ.,7,2025-09-01 09:23:01,สลักจิต ณ ลำพูน,ฝ่ายบริหารทั่วไป,กองยุทธศาสตร์และแผนงาน,จองสำเร็จ,2025-09-01 09:23:01
397,2025-09-02,12:30-17:00,Zoom Meeting Room 1,ประชุมเตรียมการโครงการปี 69,,60,2025-08-25 10:45:48,วลัยพร พ่วงเจริญ,กลุ่มงานปราบปรามการทุจริตในองค์กรปกครองส่วนท้องถิ่น 2,กองปราบปรามการทุจริตในภาครัฐ 4,จองสำเร็จ,2025-08-25 10:45:48
398,2025-09-02,12:30-17:00,ห้องประชุม(ห้องเล็ก 31),ประชุมเตรียมการโครงการปี 69,,10,2025-08-25 10:44:10,วลัยพร พ่วงเจริญ,กลุ่มงานปราบปรามการทุจริตในองค์กรปกครองส่วนท้องถิ่น 2,กองปราบปรามการทุจริตในภาครัฐ 4,จองสำเร็จ,2025-08-25 10:44:10
399,2025-09-02,13:00-16:30,ห้องไต่สวน2,สอบพยาน,-,4,2025-08-16 19:03:56,นวีนา วัฒนประดิษฐ์,กลุ่มงานปราบปรามการทุจริตในองค์กรปกครองส่วนท้องถิ่น 1,กองปราบปรามการทุจริตในภาครัฐ 4,จองสำเร็จ,2025-08-17 15:41:55
400,2025-09-02,13:00-18:00,Zoom Meeting Room 9,ประชุมคณะกรรมการตรวจรับจ้างที่ปรึกษา EEC,,7,2025-08-29 16:52:52,เขมณัฏฐ์ บัวอยู่,กลุ่มงานบริหารคดีและบริหารทั่วไป,สำนักงานป้องกันและปราบปรามการทุจริตในภาครัฐ เขต 2,จองสำเร็จ,2025-08-29 16:52:52
401,2025-09-03,07:00-17:00,ห้องไต่สวน3,ไต่สวนข้อเท็จจริง,,1,2025-08-29 09:41:37,อภิรักษ์ คงคาเพชร,กลุ่มงานปราบปรามการทุจริตในองค์กรปกครองส่วนท้องถิ่น 2,กองปราบปรามการทุจริตในภาครัฐ 4,จองสำเร็จ,2025-08-29 09:41:37
402,2025-09-03,08:00-12:00,ห้องประชุม 2 (ห้องเล็ก),ประชุมข้อมูลข่าวสารที่เกี่ยวกับคดี,,13,2025-08-29 09:28:51,รพีพร ประกอบผล,กลุ่มงานความเห็นแย้ง,กองกฎหมาย,จองสำเร็จ,2025-08-29 09:28:51
403,2025-09-03,08:00-18:00,ห้องไต่สวน2,สอบถ้อยคำพยาน,ระวิพรรณ จินดาดวง,4,2025-08-21 10:34:30,ระวิพรรณ จินดาดวง,กลุ่มงานปราบปรามการทุจริตกระทรวงด้านความมั่นคง 1,กองปราบปรามการทุจริตในภาครัฐ 1,จองสำเร็จ,2025-08-21 10:34:30
404,2025-09-03,08:00-17:00,ห้องไต่สวน4,สอบวินัย,นายจักรภพ ขันทะวงศ์,5,2025-08-26 14:06:11,สรศักดิ์ ชัยอนันต์วรพล,กลุ่มงานปราบปรามการทุจริตหน่วยงานไม่สังกัดกระทรวง ทบวง สำนักนายกรัฐมนตรี,กองปราบปรามการทุจริตในภาครัฐ 5,จองสำเร็จ,2025-08-26 14:06:11
405,2025-09-03,08:00-13:00,ห้องประชุม 1 (ห้องใหญ่),คณะเจ้าหน้าที่จากบังคลาเทศ เข้าศึกษาดูงาน,เลขาธิการคณะกรรมการ ป.ป.ท.,40,2025-08-14 15:54:56,ณัฏฐ์รินทร์ กรรณสูต,กลุ่มงานพัฒนาบุคลากร,สำนักงานเลขาธิการ,จองสำเร็จ,2025-08-14 15:54:56
406,2025-09-03,08:00-17:00,ห้องอบรม (กพบ),สตง.เข้าตรวจสอบ,,5,2025-07-24 16:04:19,ชลินทร สอิ้งแก้ว,กลุ่มงานคลัง,สำนักงานเลขาธิการ,จองสำเร็จ,2025-07-24 16:04:19
407,2025-09-03,08:30-16:30,ห้องไต่สวน1,สอบพยาน,,1,2025-07-30 10:35:01,นิดา พินิจวิกรานต์,กลุ่มงานปราบปรามการทุจริตกระทรวงด้านความมั่นคง 1,กองปราบปรามการทุจริตในภาครัฐ 1,จองสำเร็จ,2025-07-30 10:35:01
408,2025-09-03,08:30-13:00,OneConferenceRoom 1,ประชุมคณะกรรมการ ป.ป.ท. ประจำเดือน กันยายน 2568 ครั้งที่ 65/68,,20,2025-08-21 23:07:42,ลลิตตา พานิชผล,กลุ่มงานบริหารคดีและบริหารทั่วไป,กองบริหารคดี,จองสำเร็จ,2025-08-21 23:07:42
409,2025-09-03,08:30-13:00,ห้องประชุมคณะกรรมการ,ประชุมคณะกรรมการ ป.ป.ท. ประจำเดือน กันยายน 2568 ครั้งที่ 65/68,นายอำนาจ พวงชมภู,20,2025-08-21 22:55:37,ลลิตตา พานิชผล,กลุ่มงานบริหารคดีและบริหารทั่วไป,กองบริหารคดี,จองสำเร็จ,2025-08-21 22:55:37
410,2025-09-03,10:00-12:00,Zoom Meeting Room 1,คณะอนุกลั่นกรองข้อมูลข่าวสาร,,13,2025-09-01 09:12:06,รัตนาภรณ์ เนตรทอง,กลุ่มงานปราบปรามการทุจริตกระทรวงด้านสังคม,กองปราบปรามการทุจริตในภาครัฐ 2,จองสำเร็จ,2025-09-01 09:12:06
411,2025-09-03,12:30-16:45,Zoom Meeting Room 1,คณะอนุกรรมการพิจารณากลั่นกรองการเปิดเผยข้อมูลข่าวสาร,,14,2025-08-22 09:49:43,อานนท์ ชนประชา,กลุ่มงานความเห็นแย้ง,กองกฎหมาย,จองสำเร็จ,2025-08-22 09:49:43
412,2025-09-03,12:30-16:45,ห้องประชุม 2 (ห้องเล็ก),คณะอนุกรรมการพิจารณากลั่นกรองการเปิดเผยข้อมูลข่าวสาร,รองเลขาธิการฯ,14,2025-08-22 09:46:50,อานนท์ ชนประชา,กลุ่มงานความเห็นแย้ง,กองกฎหมาย,จองสำเร็จ,2025-08-22 09:46:50
413,2025-09-03,12:30-16:45,ห้องประชุม (กปท.4),คณะอนุกรรมการพิจารณากลั่นกรองการเปิดเผยข้อมูลข่าวสาร,รองเลขาธิการฯ,14,2025-08-22 09:48:02,อานนท์ ชนประชา,กลุ่มงานความเห็นแย้ง,กองกฎหมาย,จองสำเร็จ,2025-08-22 09:48:02
414,2025-09-03,13:00-17:30,ห้องประชุม 1 (ห้องใหญ่),ประชุมอนุเงินเพิ่มฯ ครั้งที่ 8/2568,นายวิเชียร จันทรโณทัย,20,2025-08-22 14:48:00,อธิวัฒน์ ธัมมารัตน์นนท์,กลุ่มงานบริหารงานบุคคล,สำนักงานเลขาธิการ,จองสำเร็จ,2025-08-22 14:48:41
415,2025-09-03,13:00-17:30,Zoom Meeting Room 9,ประชุมอนุเงินเพิ่มฯ ครั้งที่ 8/2568,นายวิเชียร จันทรโณทัย,10,2025-08-22 14:50:13,อธิวัฒน์ ธัมมารัตน์นนท์,กลุ่มงานบริหารงานบุคคล,สำนักงานเลขาธิการ,จองสำเร็จ,2025-08-22 14:50:13
416,2025-09-04,08:00-17:00,ห้องไต่สวน1,สอบพยาน,,4,2025-08-22 15:31:15,ศรัทธา ศรมณี,กลุ่มงานปราบปรามการทุจริตหน่วยงานไม่สังกัดกระทรวง ทบวง สำนักนายกรัฐมนตรี,กองปราบปรามการทุจริตในภาครัฐ 5,จองสำเร็จ,2025-08-22 15:31:15
417,2025-09-04,08:00-18:00,ห้องไต่สวน2,สอบถ้อยคำพยาน,ระวิพรรณ จินดาดวง,4,2025-08-21 10:40:12,ระวิพรรณ จินดาดวง,กลุ่มงานปราบปรามการทุจริตกระทรวงด้านความมั่นคง 1,กองปราบปรามการทุจริตในภาครัฐ 1,จองสำเร็จ,2025-08-21 10:44:36
418,2025-09-04,08:00-17:00,ห้องไต่สวน4,สอบปากคำพยาน,,1,2025-08-27 09:11:15,ณัฏฐ์นนท์ จารุวนาลัย,กลุ่มงานปราบปรามการทุจริตหน่วยงานไม่สังกัดกระทรวง ทบวง สำนักนายกรัฐมนตรี,กองปราบปรามการทุจริตในภาครัฐ 5,จองสำเร็จ,2025-08-27 09:11:15
419,2025-09-04,08:00-17:00,ห้องอบรม (กพบ),สตง.เข้าตรวจสอบ,,5,2025-07-24 16:05:18,ชลินทร สอิ้งแก้ว,กลุ่มงานคลัง,สำนักงานเลขาธิการ,จองสำเร็จ,2025-07-24 16:05:18
420,2025-09-04,08:30-12:30,Zoom Meeting Room 1,เชิญประชุมอ่านผลงานฯ,-,5,2025-08-22 14:44:50,ตติยา แก้วละเอียด,กลุ่มงานบริหารงานบุคคล,สำนักงานเลขาธิการ,จองสำเร็จ,2025-08-27 10:49:17
421,2025-09-04,08:30-17:45,ห้องไต่สวน3,ไต่สวนข้อเท็จจริง,,4,2025-07-30 15:10:00,รัตติกาล ณ ราช,กลุ่มงานปราบปรามการทุจริตหน่วยงานในสังกัดสำนักนายกรัฐมนตรี,กองปราบปรามการทุจริตในภาครัฐ 5,จองสำเร็จ,2025-07-30 15:10:00
422,2025-09-04,08:30-12:00,ห้องประชุม (กปท.4),สอบพยาน,,3,2025-08-29 15:36:08,สหราช เกษอินทร์,กลุ่มงานปราบปรามการทุจริตในองค์กรปกครองส่วนท้องถิ่น 1,กองปราบปรามการทุจริตในภาครัฐ 4,จองสำเร็จ,2025-08-29 15:36:08
423,2025-09-04,08:30-13:00,OneConferenceRoom 1,ประชุมคณะกรรมการ ป.ป.ท. ประจำเดือน กันยายน 2568 ครั้งที่ 66/68,,20,2025-08-21 23:08:39,ลลิตตา พานิชผล,กลุ่มงานบริหารคดีและบริหารทั่วไป,กองบริหารคดี,จองสำเร็จ,2025-08-21 23:08:39
424,2025-09-04,08:30-13:00,ห้องประชุมคณะกรรมการ,ประชุมคณะกรรมการ ป.ป.ท. ประจำเดือน กันยายน 2568 ครั้งที่ 66/68,,20,2025-08-21 22:57:01,ลลิตตา พานิชผล,กลุ่มงานบริหารคดีและบริหารทั่วไป,กองบริหารคดี,จองสำเร็จ,2025-08-21 22:57:01
425,2025-09-04,13:00-16:30,ห้องประชุม 2 (ห้องเล็ก),ประชุมพิจารณาผลการประกวดราคาฯ การจ้างก่อสร้างฯ ครั้งที่ 3/2568,ผอ.กปท.5,15,2025-09-02 10:04:34,พิชาภัค นิลมณี,กลุ่มงานพัสดุและอาคารสถานที่,สำนักงานเลขาธิการ,จองสำเร็จ,2025-09-02 10:04:34
426,2025-09-04,13:00-16:30,ห้องประชุม(กยผ),ร่างสรุปผลการตรวจสอบ,กิตวิภา สุวรรณรัตน์,1,2025-09-04 11:53:23,แพรววนิต เวียงมูล,กลุ่มความร่วมมือและพัฒนานวัตกรรมความโปร่งใสในภาครัฐ,กองการต่างประเทศ,จองสำเร็จ,2025-09-04 11:53:23
427,2025-09-04,13:00-16:30,Zoom Meeting Room 2,ประชุมพิจารณาผลการประกวดราคาฯ การจ้างก่อสร้างฯ ครั้งที่ 3/2568,ผอ.กปท.5,15,2025-09-03 12:53:49,พิชาภัค นิลมณี,กลุ่มงานพัสดุและอาคารสถานที่,สำนักงานเลขาธิการ,จองสำเร็จ,2025-09-03 12:53:49
428,2025-09-04,13:30-16:30,OneConferenceRoom 1,ประชุมคณะอนุกรรมการไต่สวนข้อเท็จจริง คดีคนไร้ที่พึ่ง จ.อุบลราชธานี,พ.ต.ท.งามพล บุญลิ่มเต็ง,9,2025-08-29 15:02:14,วิชญะ จ้อนเมือง,กลุ่มงานปราบปรามการทุจริตในรัฐวิสาหกิจ 2,กองปราบปรามการทุจริตในภาครัฐ 3,จองสำเร็จ,2025-08-29 15:02:14
429,2025-09-04,15:00-16:45,Zoom Meeting Room 9,ประชุมคณะกรรมการสวัสดิการฯ,รองเลขาธิการคณะกรรมการ ป.ป.ท.,20,2025-09-02 13:59:48,ตะวัน ราชไลกิจ,กลุ่มงานบริหารงานบุคคล,สำนักงานเลขาธิการ,จองสำเร็จ,2025-09-02 13:59:48
430,2025-09-05,08:00-17:00,ห้องไต่สวน1,สอบพยาน,,4,2025-08-22 15:30:24,ศรัทธา ศรมณี,กลุ่มงานปราบปรามการทุจริตหน่วยงานไม่สังกัดกระทรวง ทบวง สำนักนายกรัฐมนตรี,กองปราบปรามการทุจริตในภาครัฐ 5,จองสำเร็จ,2025-08-22 15:30:24
431,2025-09-05,08:00-16:00,ห้องไต่สวน2,แจ้งข้อกล่าวหาผู้ถูกกล่าวหา เรื่องที่ 0096/2564 (แรงงานเท็จ),พันตำรวจตรี จักรกฤษณ์ ประจันพล,6,2025-08-27 16:05:39,อรรถวัต ประเคนรี,กลุ่มงานอำนวยการด้านคุ้มครองพยาน,กองอำนวยการต่อต้านการทุจริต,จองสำเร็จ,2025-08-27 16:06:10
432,2025-09-05,08:00-17:00,ห้องไต่สวน3,สอบพยาน,-,6,2025-08-29 10:17:00,นวีนา วัฒนประดิษฐ์,กลุ่มงานปราบปรามการทุจริตในองค์กรปกครองส่วนท้องถิ่น 1,กองปราบปรามการทุจริตในภาครัฐ 4,จองสำเร็จ,2025-08-29 10:17:00
433,2025-09-05,08:00-17:00,ห้องไต่สวน4,สอบปากคำผู้ร้องเรียน,,1,2025-09-01 09:39:15,ชรินดา มีแป้น,กลุ่มงานปราบปรามการทุจริตหน่วยงานในสังกัดสำนักนายกรัฐมนตรี,กองปราบปรามการทุจริตในภาครัฐ 5,จองสำเร็จ,2025-09-01 09:39:15
434,2025-09-05,08:00-17:00,ห้องอบรม (กพบ),สตง.เข้าตรวจสอบ,,5,2025-07-24 16:05:44,ชลินทร สอิ้งแก้ว,กลุ่มงานคลัง,สำนักงานเลขาธิการ,จองสำเร็จ,2025-07-24 16:05:44
435,2025-09-05,08:30-12:00,Zoom Meeting Room 8,ประชุมติดตามความก้าวหน้า ระบบความเสี่ยงฯ ระยะ 2,,5,2025-09-04 13:08:02,เลอสันต์ หมู่หมื่นศรี,กลุ่มงานคอมพิวเตอร์และการสื่อสาร,ศูนย์เทคโนโลยีสารสนเทศและการสื่อสาร,จองสำเร็จ,2025-09-04 13:08:02
436,2025-09-05,08:30-10:00,OneConferenceRoom 3,ประชุมคณะอนุกรรมการไต่สวน เรื่องที่ 132429/2560,นายชาญวิทย์ ขาวผ่อง,5,2025-08-28 09:40:45,ยงยศ นงเกษม,กลุ่มงานปราบปรามการทุจริตในภาครัฐ 2,สำนักงานป้องกันและปราบปรามการทุจริตในภาครัฐ เขต 8,จองสำเร็จ,2025-08-28 10:12:04
437,2025-09-05,09:00-12:00,ห้องประชุม(ห้องเล็ก 31),"ติดตามผลการปฏิบัติ ""การประเมินผลควบคุมภายในหน่วยงานย่อย""",กตน.,6,2025-08-22 15:30:40,ปิยพัชร์ ชาญชัยพิบูลนนท์,ฝ่ายบริหารทั่วไป,กองป้องกันการทุจริตในภาครัฐ,จองสำเร็จ,2025-08-22 15:30:40
438,2025-09-05,09:00-16:30,ห้องประชุม (กปท.4),ผู้ร้องให้ถ้อยคำเพิ่มเติม,,6,2025-09-03 08:56:49,ประภัสรา นิลจันทึก,กลุ่มงานปราบปรามการทุจริตในองค์กรปกครองส่วนท้องถิ่น 2,กองปราบปรามการทุจริตในภาครัฐ 4,จองสำเร็จ,2025-09-03 08:56:49
439,2025-09-05,09:30-16:30,ห้องประชุม 2 (ห้องเล็ก),ประชุมคณะอนุกรรมการกลั่นกรองฯ คณะที่ 2 ครั้งที่ 25-8/2568,นายพิทักษ์ คงจันทร์,9,2025-08-26 16:25:21,ฤาฤทธิ์ เริงสมุทร์,กลุ่มงานคำวินิจฉัยและมติคณะกรรมการ,กองบริหารคดี,จองสำเร็จ,2025-08-26 16:25:21
440,2025-09-05,09:30-16:30,OneConferenceRoom 1,การประชุมคณะอนุกรรมการสนับสนุนเลขาธิการคณะกรรมการ ป.ป.ท.ฯ คณะที่ 2,พันตำรวจโท ชัยวิณ เสมาทอง,13,2025-08-01 17:04:37,กฤติยาวดี ณ ถลาง,กลุ่มงานกิจการคณะกรรมการ,กองบริหารคดี,จองสำเร็จ,2025-08-01 17:04:37
441,2025-09-05,09:30-16:30,OneConferenceRoom 2,ประชุมคณะอนุกรรมการกลั่นกรองฯ คณะที่ 2 ครั้งที่ 25-8/2568,นายพิทักษ์ คงจันทร์,9,2025-08-26 16:25:21,ฤาฤทธิ์ เริงสมุทร์,กลุ่มงานคำวินิจฉัยและมติคณะกรรมการ,กองบริหารคดี,จองสำเร็จ,2025-08-26 16:25:21
442,2025-09-05,09:30-16:30,ห้องประชุมคณะกรรมการ,การประชุมคณะอนุกรรมการสนับสนุนเลขาธิการคณะกรรมการ ป.ป.ท.ฯ คณะที่ 2,พันตำรวจโท ชัยวิณ เสมาทอง,13,2025-08-01 17:04:37,กฤติยาวดี ณ ถลาง,กลุ่มงานกิจการคณะกรรมการ,กองบริหารคดี,จองสำเร็จ,2025-08-01 17:04:37
443,2025-09-05,10:00-11:00,OneConferenceRoom 3,ประชุมเรื่องเลขดำที่ 0233/2567,นายสุภาพ ศิริ,3,2025-09-01 19:03:25,อัศวิน เบญจโอฬาร,กลุ่มงานปราบปรามการทุจริตในภาครัฐ 2,สำนักงานป้องกันและปราบปรามการทุจริตในภาครัฐ เขต 6,จองสำเร็จ,2025-09-01 19:03:25
444,2025-09-05,13:15-17:00,ห้องประชุม(ห้องเล็ก 31),ประชุมตรวจรับ,,5,2025-09-05 13:07:01,กนกพร บุตรรักษ์,กลุ่มงานส่งเสริมธรรมาภิบาลในภาครัฐ,กองป้องกันการทุจริตในภาครัฐ,จองสำเร็จ,2025-09-05 13:07:01
445,2025-09-05,13:30-16:00,OneConferenceRoom 3,ประชุมคณะอนุกรรมการไต่สวน สำนวนคดีเรื่องที่ 0332/2566,นายสุภาพ  ศิริ,3,2025-09-02 16:51:40,กาญจนา วงศ์สุนา,กลุ่มตรวจสอบภายใน,กลุ่มตรวจสอบภายใน,จองสำเร็จ,2025-09-02 17:12:44
446,2025-09-06,13:00-14:00,OneConferenceRoom 1,ประชุมคณะอนุกรรมการไต่สวนข้อเท็จจริง เรื่อง 1000968/2561 ตามคำสั่งคณะกรรมการ ป.ป.ท. ที่ 599/2561 ประกอบ 126/2566,นายกฤษณ์  กระแสเวส,1,2025-09-01 13:06:42,ภัคภิณญา อุตสาย,กลุ่มงานบริหารคดีและบริหารทั่วไป,สำนักงานป้องกันและปราบปรามการทุจริตในภาครัฐ เขต 5,จองสำเร็จ,2025-09-01 13:06:42
447,2025-09-08,08:00-13:00,ห้องไต่สวน2,สอบพยาน,-,1,2025-09-01 15:32:46,สมศักดิ์ ทองประดับ,กลุ่มงานปราบปรามการทุจริตในองค์กรปกครองส่วนท้องถิ่น 2,กองปราบปรามการทุจริตในภาครัฐ 4,จองสำเร็จ,2025-09-01 15:32:46
448,2025-09-08,08:00-16:30,ห้องประชุม 1 (ห้องใหญ่),ปิดปรับปรุงห้องประชุม,,1,2025-09-02 15:40:59,มานพ ธงชัย,กลุ่มงานปราบปรามการทุจริตในองค์กรปกครองส่วนท้องถิ่น 2,กองปราบปรามการทุจริตในภาครัฐ 4,จองสำเร็จ,2025-09-02 15:40:59
449,2025-09-08,08:00-17:00,ห้องอบรม (กพบ),สตง.เข้าตรวจสอบ,,5,2025-07-24 16:07:09,ชลินทร สอิ้งแก้ว,กลุ่มงานคลัง,สำนักงานเลขาธิการ,จองสำเร็จ,2025-07-24 16:07:09
450,2025-09-08,08:30-16:30,ห้องไต่สวน1,สอบพยาน,,1,2025-07-30 10:39:08,นิดา พินิจวิกรานต์,กลุ่มงานปราบปรามการทุจริตกระทรวงด้านความมั่นคง 1,กองปราบปรามการทุจริตในภาครัฐ 1,จองสำเร็จ,2025-07-30 10:39:08
451,2025-09-08,09:00-16:30,Zoom Meeting Room 1,ประชุมคกก.ตรวจรับงานจ้างที่ปรึกษา CPI (งวดงานที่ 1) (แก้ไข),นางสาวกิตวิภา สุวรรณรัตน์,7,2025-08-25 15:36:32,กิริยา พิชยวัฒน์,กลุ่มความร่วมมือและพัฒนานวัตกรรมความโปร่งใสในภาครัฐ,กองการต่างประเทศ,จองสำเร็จ,2025-08-25 15:36:32
452,2025-09-08,09:00-12:00,ห้องประชุม 2 (ห้องเล็ก),ประชุมหารือร่วมกับสำนักงาน ป.ป.ท. เพื่อตรวจสอบข้อมูล IM,,15,2025-09-03 13:37:34,สุพจน์ หินทอง,ศูนย์รับเรื่องร้องเรียน,กองบริหารคดี,จองสำเร็จ,2025-09-03 13:37:34
453,2025-09-08,09:00-16:30,ห้องประชุม(กยผ),ประชุมคกก.ตรวจรับงานจ้างที่ปรึกษา CPI (งวดงานที่ 1) (แก้ไข),นางสาวกิตวิภา สุวรรณรัตน์,7,2025-08-25 15:33:59,กิริยา พิชยวัฒน์,กลุ่มความร่วมมือและพัฒนานวัตกรรมความโปร่งใสในภาครัฐ,กองการต่างประเทศ,จองสำเร็จ,2025-08-25 15:33:59
454,2025-09-08,09:30-12:00,ห้องประชุม(ห้องเล็ก 31),ประชุมกลุ่มงานเครือข่าย กปก.,,5,2025-09-04 09:36:36,เสาวณีย์ แจ้งอักษร,กลุ่มงานป้องกันและปราบปรามการทุจริตและประพฤติมิชอบ,ศูนย์ปฏิบัติการต่อต้านการทุจริต,จองสำเร็จ,2025-09-04 09:36:36
455,2025-09-08,10:00-12:00,OneConferenceRoom 1,ประชุมคณะอนุกรรมการไต่สวนข้อเท็จจริง,นายไพรัตน์ ปัจจะวงษ์,3,2025-08-19 08:52:02,ไชยา สุวรรณพันธ์,กลุ่มงานปราบปรามการทุจริตในภาครัฐ 1,สำนักงานป้องกันและปราบปรามการทุจริตในภาครัฐ เขต 4,จองสำเร็จ,2025-08-19 08:52:02
456,2025-09-08,10:00-16:30,OneConferenceRoom 3,ประชุมคณะอนุกรรมการไต่สวน ตามคำสั่ง คกก ปปท. ลับ ที่ 571/2559 ประกอบคำสั่ง 113/2558,พ.ต.อ.ประหยัด เงางาม,4,2025-09-05 11:21:35,รัศนันท์ พินธุประดิษฐกร,กลุ่มงานบริหารคดีและบริหารทั่วไป,สำนักงานป้องกันและปราบปรามการทุจริตในภาครัฐ เขต 7,จองสำเร็จ,2025-09-05 11:21:35
457,2025-09-08,13:00-16:30,Zoom Meeting Room 2,ประชุมกอง กปท.3 ครั้งที่ 5/2568,,5,2025-09-04 15:00:14,ลภัสรดา แก้วทองมี,กองปราบปรามการทุจริตในภาครัฐ 3,กองปราบปรามการทุจริตในภาครัฐ 3,จองสำเร็จ,2025-09-04 15:00:14
458,2025-09-08,13:00-16:30,OneConferenceRoom 2,การประชุมคณะอนุกรรมการไต่สวนฯ เรื่องที่ 0158/2566,นายสุภาพ ศิริ,3,2025-08-25 09:30:18,สิทธิชัย ติ๊บบุ่ง,กลุ่มงานปราบปรามการทุจริตในภาครัฐ 1,สำนักงานป้องกันและปราบปรามการทุจริตในภาครัฐ เขต 6,จองสำเร็จ,2025-08-25 09:30:18
459,2025-09-08,13:30-16:30,ห้องประชุม(ห้องเล็ก 31),ประชุมกอง กปท.3,,10,2025-09-02 10:01:59,ลภัสรดา แก้วทองมี,กองปราบปรามการทุจริตในภาครัฐ 3,กองปราบปรามการทุจริตในภาครัฐ 3,จองสำเร็จ,2025-09-02 10:01:59
460,2025-09-08,13:30-16:30,Zoom Meeting Room 9,ตรวจการบริหารสำนวนและงบประมาณ เขต 4 / ส่วนหน้า,นายเอกชัย เกษมสุขธวัช,20,2025-09-08 10:08:34,กนิษฐา แก้วสาร,กลุ่มงานวินัย,สำนักงานเลขาธิการ,จองสำเร็จ,2025-09-08 10:08:34
461,2025-09-08,13:30-15:30,OneConferenceRoom 1,ประชุมคณะอนุกรรมการไต่สวนข้อเท็จจริง,นายไพรัตน์ ปัจจะวงษ์,3,2025-08-19 08:59:45,ไชยา สุวรรณพันธ์,กลุ่มงานปราบปรามการทุจริตในภาครัฐ 1,สำนักงานป้องกันและปราบปรามการทุจริตในภาครัฐ เขต 4,จองสำเร็จ,2025-08-19 08:59:45
462,2025-09-09,07:00-20:00,ห้องไต่สวน4,ไต่สวนข้อเท็จจริง,,1,2025-08-29 09:43:08,อภิรักษ์ คงคาเพชร,กลุ่มงานปราบปรามการทุจริตในองค์กรปกครองส่วนท้องถิ่น 2,กองปราบปรามการทุจริตในภาครัฐ 4,จองสำเร็จ,2025-08-29 09:43:08
463,2025-09-09,08:00-17:00,ห้องไต่สวน3,ไต่สวนเบื้องต้น,,1,2025-09-04 10:35:27,สรศักดิ์ ชัยอนันต์วรพล,กลุ่มงานปราบปรามการทุจริตหน่วยงานไม่สังกัดกระทรวง ทบวง สำนักนายกรัฐมนตรี,กองปราบปรามการทุจริตในภาครัฐ 5,จองสำเร็จ,2025-09-04 10:35:27
464,2025-09-09,08:00-16:30,ห้องประชุม 1 (ห้องใหญ่),ปิดปรับปรุงห้องประชุม,,1,2025-09-02 15:52:05,มานพ ธงชัย,กลุ่มงานปราบปรามการทุจริตในองค์กรปกครองส่วนท้องถิ่น 2,กองปราบปรามการทุจริตในภาครัฐ 4,จองสำเร็จ,2025-09-02 15:52:05
465,2025-09-09,08:00-17:00,ห้องอบรม (กพบ),สตง.เข้าตรวจสอบ,,5,2025-07-24 16:07:38,ชลินทร สอิ้งแก้ว,กลุ่มงานคลัง,สำนักงานเลขาธิการ,จองสำเร็จ,2025-07-24 16:07:38
466,2025-09-09,08:30-16:30,ห้องไต่สวน1,สอบพยาน,,1,2025-07-30 10:39:38,นิดา พินิจวิกรานต์,กลุ่มงานปราบปรามการทุจริตกระทรวงด้านความมั่นคง 1,กองปราบปรามการทุจริตในภาครัฐ 1,จองสำเร็จ,2025-07-30 10:39:38
467,2025-09-09,09:30-16:30,ห้องประชุม(ห้องเล็ก 31),ประชุมกลุ่มงานเครือข่าย กปก.,,5,2025-09-04 09:38:16,เสาวณีย์ แจ้งอักษร,กลุ่มงานป้องกันและปราบปรามการทุจริตและประพฤติมิชอบ,ศูนย์ปฏิบัติการต่อต้านการทุจริต,จองสำเร็จ,2025-09-04 09:38:16
468,2025-09-09,09:30-16:00,Zoom Meeting Room 9,ตรวจการบริหารสำนวนและงบประมาณ เขต 4 / ส่วนหน้า,นายเอกชัย เกษมสุขธวัช,20,2025-09-08 10:09:28,กนิษฐา แก้วสาร,กลุ่มงานวินัย,สำนักงานเลขาธิการ,จองสำเร็จ,2025-09-08 10:09:28
469,2025-09-10,08:00-17:00,ห้องไต่สวน2,แจ้งข้อกล่าวหาผู้ถูกกล่าวหา เรื่องที่ 0096/2564 (แรงงานเท็จ) ผู้ถูกล่าวหาที่ 4,พันตำรวจตรี จักรกฤษณ์ ประจันพล,1,2025-08-28 15:20:39,อรรถวัต ประเคนรี,กลุ่มงานอำนวยการด้านคุ้มครองพยาน,กองอำนวยการต่อต้านการทุจริต,จองสำเร็จ,2025-08-28 15:20:39
470,2025-09-10,08:00-16:30,ห้องไต่สวน3,ประชุมไต่,,5,2025-09-03 08:22:05,เริงจิตร ฉิมพินิจ,กลุ่มงานปราบปรามการทุจริตกระทรวงด้านความมั่นคง 1,กองปราบปรามการทุจริตในภาครัฐ 1,จองสำเร็จ,2025-09-03 08:22:05
471,2025-09-10,08:00-16:30,ห้องประชุม 1 (ห้องใหญ่),ปิดปรับปรุงห้องประชุม,,1,2025-09-02 15:46:33,มานพ ธงชัย,กลุ่มงานปราบปรามการทุจริตในองค์กรปกครองส่วนท้องถิ่น 2,กองปราบปรามการทุจริตในภาครัฐ 4,จองสำเร็จ,2025-09-02 15:46:33
472,2025-09-10,08:00-17:00,ห้องอบรม (กพบ),สตง.เข้าตรวจสอบ,,5,2025-07-24 16:08:02,ชลินทร สอิ้งแก้ว,กลุ่มงานคลัง,สำนักงานเลขาธิการ,จองสำเร็จ,2025-07-24 16:08:02
473,2025-09-10,08:30-16:30,ห้องไต่สวน1,สอบพยาน,,1,2025-07-30 10:40:50,นิดา พินิจวิกรานต์,กลุ่มงานปราบปรามการทุจริตกระทรวงด้านความมั่นคง 1,กองปราบปรามการทุจริตในภาครัฐ 1,จองสำเร็จ,2025-07-30 10:40:50
474,2025-09-10,08:30-16:30,Zoom Meeting Room 5,ตรวจสอบสมุดคุมคดีรายบุคคล (ปปท.เขต3 ส่วนหน้า),ผอ.ปปท.เขต 3,10,2025-09-08 09:11:56,ตุลาภรณ์ พยุงสุวรรณ,กลุ่มงานบริหารคดีและบริหารทั่วไป,สำนักงานป้องกันและปราบปรามการทุจริตในภาครัฐ เขต 3,จองสำเร็จ,2025-09-08 09:11:56
475,2025-09-10,08:30-13:00,OneConferenceRoom 1,ประชุมคณะกรรมการ ป.ป.ท. ประจำเดือน กันยายน 2568 ครั้งที่ 67/68,,20,2025-08-21 23:11:11,ลลิตตา พานิชผล,กลุ่มงานบริหารคดีและบริหารทั่วไป,กองบริหารคดี,จองสำเร็จ,2025-08-21 23:11:11
476,2025-09-10,08:30-13:00,ห้องประชุมคณะกรรมการ,ประชุมคณะกรรมการ ป.ป.ท. ประจำเดือน กันยายน 2568 ครั้งที่ 67/68,,20,2025-08-21 22:58:06,ลลิตตา พานิชผล,กลุ่มงานบริหารคดีและบริหารทั่วไป,กองบริหารคดี,จองสำเร็จ,2025-08-21 22:58:06
477,2025-09-10,09:00-12:00,ห้องประชุม(ห้องเล็ก 31),ประชุมเตรียมความพร้อมการมอบรางวัลเครือข่ายฯ ประจำปี 2568,ผอ.กปก.,10,2025-09-04 09:37:55,เกศรารัตติ์ บุนนท์,กลุ่มงานเครือข่ายภาคประชาสังคมป้องกันการทุจริต,กองป้องกันการทุจริตในภาครัฐ,จองสำเร็จ,2025-09-04 09:37:55
478,2025-09-10,09:00-12:00,Zoom Meeting Room 9,ประชุมเตรียมความพร้อมการมอบรางวัลเครือข่ายฯ ประจำปี 2568,ผอ.กปก.,10,2025-09-04 09:37:55,เกศรารัตติ์ บุนนท์,กลุ่มงานเครือข่ายภาคประชาสังคมป้องกันการทุจริต,กองป้องกันการทุจริตในภาครัฐ,จองสำเร็จ,2025-09-04 09:37:55
479,2025-09-10,12:30-16:45,Zoom Meeting Room 1,คณะอนุกรรมการพิจารณากลั่นกรองการเปิดเผยข้อมูลข่าวสาร,,13,2025-08-14 11:43:00,อานนท์ ชนประชา,กลุ่มงานความเห็นแย้ง,กองกฎหมาย,จองสำเร็จ,2025-08-14 11:43:00
480,2025-09-10,12:30-16:45,ห้องประชุม 2 (ห้องเล็ก),คณะอนุกรรมการพิจารณากลั่นกรองการเปิดเผยข้อมูลข่าวสาร,,13,2025-08-14 11:42:24,อานนท์ ชนประชา,กลุ่มงานความเห็นแย้ง,กองกฎหมาย,จองสำเร็จ,2025-08-14 11:42:24
481,2025-09-10,12:30-16:45,ห้องประชุม (กปท.4),คณะอนุกรรมการพิจารณากลั่นกรองการเปิดเผยข้อมูลข่าวสาร,รองเลขาธิการ,14,2025-08-22 09:50:45,อานนท์ ชนประชา,กลุ่มงานความเห็นแย้ง,กองกฎหมาย,จองสำเร็จ,2025-08-22 09:50:45
482,2025-09-10,14:00-15:00,Zoom Meeting Room 9,ประชุมคณะกรรมการเฉพาะกิจเพื่อดำเนินการทุนของรัฐบาล (ทุน ก.พ.) ประจำปีงบประมาณ พ.ศ. 2569,พ.ต.ท. สิริพงษ์ ศรีตุลา,9,2025-09-08 11:35:23,ณัฏฐ์รินทร์ กรรณสูต,กลุ่มงานพัฒนาบุคลากร,สำนักงานเลขาธิการ,จองสำเร็จ,2025-09-08 11:35:23
483,2025-09-11,08:00-17:00,ห้องไต่สวน2,แจ้งข้อกล่าวหาผู้ถูกกล่าวหา เรื่องที่ 0096/2564 (แรงงานเท็จ) ผู้ถูกล่าวหาที่ 2 ผู้ถูกกล่าวหาที่ 3 และผู้ถูกกล่าวหาที่ 5,พันตำรวจตรี จักรกฤษณ์ ประจันพล,1,2025-08-28 15:33:03,อรรถวัต ประเคนรี,กลุ่มงานอำนวยการด้านคุ้มครองพยาน,กองอำนวยการต่อต้านการทุจริต,จองสำเร็จ,2025-08-28 15:33:03
484,2025-09-11,08:00-16:30,ห้องประชุม 1 (ห้องใหญ่),ปิดปรับปรุงห้องประชุม,,1,2025-09-02 15:47:53,มานพ ธงชัย,กลุ่มงานปราบปรามการทุจริตในองค์กรปกครองส่วนท้องถิ่น 2,กองปราบปรามการทุจริตในภาครัฐ 4,จองสำเร็จ,2025-09-02 15:47:53
485,2025-09-11,08:00-17:00,ห้องอบรม (กพบ),สตง.เข้าตรวจสอบ,,5,2025-07-24 16:08:29,ชลินทร สอิ้งแก้ว,กลุ่มงานคลัง,สำนักงานเลขาธิการ,จองสำเร็จ,2025-07-24 16:08:29
486,2025-09-11,08:30-16:30,ห้องไต่สวน1,สอบพยาน,,3,2025-07-30 11:03:14,นิดา พินิจวิกรานต์,กลุ่มงานปราบปรามการทุจริตกระทรวงด้านความมั่นคง 1,กองปราบปรามการทุจริตในภาครัฐ 1,จองสำเร็จ,2025-07-30 11:03:14
487,2025-09-11,08:30-16:30,Zoom Meeting Room 8,ตรวจสอบสมุดคุมคดีรายบุคคล (ปปท.เขต3 ส่วนหน้า),ผอ.ปปท.เขต 3,10,2025-09-08 09:12:55,ตุลาภรณ์ พยุงสุวรรณ,กลุ่มงานบริหารคดีและบริหารทั่วไป,สำนักงานป้องกันและปราบปรามการทุจริตในภาครัฐ เขต 3,จองสำเร็จ,2025-09-08 09:12:55
488,2025-09-11,08:30-13:00,OneConferenceRoom 1,ประชุมคณะกรรมการ ป.ป.ท. ประจำเดือน กันยายน 2568 ครั้งที่ 68/68,,20,2025-08-21 23:12:07,ลลิตตา พานิชผล,กลุ่มงานบริหารคดีและบริหารทั่วไป,กองบริหารคดี,จองสำเร็จ,2025-08-21 23:12:07
489,2025-09-11,08:30-13:00,ห้องประชุมคณะกรรมการ,ประชุมคณะกรรมการ ป.ป.ท. ประจำเดือน กันยายน 2568 ครั้งที่ 68/68,,20,2025-08-21 23:00:30,ลลิตตา พานิชผล,กลุ่มงานบริหารคดีและบริหารทั่วไป,กองบริหารคดี,จองสำเร็จ,2025-08-21 23:00:30
490,2025-09-11,08:45-16:00,ห้องไต่สวน4,ไต่สวนเบื้องต้น,,2,2025-08-29 09:48:27,มะลิไล แก้วมาดีงาม,กลุ่มงานปราบปรามการทุจริตหน่วยงานไม่สังกัดกระทรวง ทบวง สำนักนายกรัฐมนตรี,กองปราบปรามการทุจริตในภาครัฐ 5,จองสำเร็จ,2025-08-29 09:48:27
491,2025-09-11,09:00-16:30,ห้องไต่สวน3,สอบพยาน,,4,2025-09-04 14:25:55,ศรัทธา ศรมณี,กลุ่มงานปราบปรามการทุจริตหน่วยงานไม่สังกัดกระทรวง ทบวง สำนักนายกรัฐมนตรี,กองปราบปรามการทุจริตในภาครัฐ 5,จองสำเร็จ,2025-09-04 14:25:55
492,2025-09-11,09:00-16:00,ห้องประชุม(กยผ),การประชุกวิพากษ์(ร่าง) กรอบยุทธศาสตร์การวิจัย พ.ศ.2569-2571,,5,2025-09-11 08:25:32,สลักจิต ณ ลำพูน,ฝ่ายบริหารทั่วไป,กองยุทธศาสตร์และแผนงาน,จองสำเร็จ,2025-09-11 08:25:32
493,2025-09-11,09:00-12:00,Zoom Meeting Room 2,ประชุมหารือตัวชี้วัดสำนักงาน ป.ป.ท.,สำนักงาน ก.พ.ร.,5,2025-09-10 16:12:05,นิลมณี จิรอร่าม,กลุ่มพัฒนาระบบบริหาร,กลุ่มพัฒนาระบบบริหาร,จองสำเร็จ,2025-09-10 16:12:05
494,2025-09-11,09:45-12:00,Zoom Meeting Room 1,ประชุม ผอ. กลุ่มปราบปราม ฯ 1-3,,5,2025-09-10 14:17:15,แก้วกาญจน์ ป้อมอุ่นเรือน,กลุ่มงานบริหารคดีและบริหารทั่วไป,สำนักงานป้องกันและปราบปรามการทุจริตในภาครัฐ เขต 3,จองสำเร็จ,2025-09-10 14:17:15
495,2025-09-11,13:00-17:00,Zoom Meeting Room 1,คณะอนุกรรมการจัดทำคู่มือฯ ครั้งที่ 9/2568,พันตำรวจโท วันนพ สมจินตนากุล,22,2025-08-28 09:28:43,ณัฐกิตติ์ วงศ์วิวัฒน์ชัย,กลุ่มงานกฎหมาย,กองกฎหมาย,จองสำเร็จ,2025-08-28 09:28:43
496,2025-09-12,08:00-17:00,ห้องไต่สวน2,แจ้งข้อกล่าวหาผู้ถูกกล่าวหา เรื่องที่ 0096/2564 (แรงงานเท็จ) ผู้ถูกล่าวหาที่ 2 ผู้ถูกกล่าวหาที่ 3 และผู้ถูกกล่าวหาที่ 5,พันตำรวจตรี จักรกฤษณ์ ประจันพล,1,2025-08-28 15:23:37,อรรถวัต ประเคนรี,กลุ่มงานอำนวยการด้านคุ้มครองพยาน,กองอำนวยการต่อต้านการทุจริต,จองสำเร็จ,2025-08-28 15:23:37
497,2025-09-12,08:00-16:30,ห้องประชุม 1 (ห้องใหญ่),ปิดปรับปรุงห้องประชุม,,1,2025-09-02 15:50:14,มานพ ธงชัย,กลุ่มงานปราบปรามการทุจริตในองค์กรปกครองส่วนท้องถิ่น 2,กองปราบปรามการทุจริตในภาครัฐ 4,จองสำเร็จ,2025-09-02 15:50:14
498,2025-09-12,08:00-17:00,ห้องอบรม (กพบ),สตง.เข้าตรวจสอบ,,5,2025-07-24 16:09:22,ชลินทร สอิ้งแก้ว,กลุ่มงานคลัง,สำนักงานเลขาธิการ,จองสำเร็จ,2025-07-24 16:09:22
499,2025-09-12,08:30-16:30,ห้องไต่สวน1,สอบพยาน,,3,2025-07-30 11:04:30,นิดา พินิจวิกรานต์,กลุ่มงานปราบปรามการทุจริตกระทรวงด้านความมั่นคง 1,กองปราบปรามการทุจริตในภาครัฐ 1,จองสำเร็จ,2025-07-30 11:04:30
500,2025-09-12,08:30-16:30,ห้องไต่สวน3,สอบพยาน,,4,2025-09-04 14:28:17,ศรัทธา ศรมณี,กลุ่มงานปราบปรามการทุจริตหน่วยงานไม่สังกัดกระทรวง ทบวง สำนักนายกรัฐมนตรี,กองปราบปรามการทุจริตในภาครัฐ 5,จองสำเร็จ,2025-09-04 14:28:17
501,2025-09-12,08:30-18:00,Zoom Meeting Room 5,ตรวจสอบสมุดคุมมคดีรายบุคคล ปปท.เขต 3,ผอ.ปปท.เขต 3,20,2025-09-11 11:41:58,ตุลาภรณ์ พยุงสุวรรณ,กลุ่มงานบริหารคดีและบริหารทั่วไป,สำนักงานป้องกันและปราบปรามการทุจริตในภาครัฐ เขต 3,จองสำเร็จ,2025-09-11 11:42:31
502,2025-09-12,09:00-12:00,ห้องประชุม (กปท.4),ประชุมกองกฎหมาย,นายชยุต ภควัตทิพากร,16,2025-09-09 11:24:27,ภูธนิตย์ สุขจิตร์,ฝ่ายบริหารทั่วไป,กองการต่างประเทศ,จองสำเร็จ,2025-09-09 11:24:27
503,2025-09-12,14:00-15:30,OneConferenceRoom 1,ไต่สวนข้อเท็จจริง,นายสวัสดิ์ นาสมฝัน,5,2025-09-05 15:30:49,ธันย์นภัทร ศรีนันทา,กลุ่มงานป้องกันการทุจริตในภาครัฐ,สำนักงานป้องกันและปราบปรามการทุจริตในภาครัฐ เขต 4,จองสำเร็จ,2025-09-11 16:57:17
504,2025-09-12,15:30-16:00,OneConferenceRoom 1,ไต่สวนข้อเท็จจริง,พตท.ยุทธาศักดิ์ อินทรทรัพย์,3,2025-09-11 16:59:23,ธันย์นภัทร ศรีนันทา,กลุ่มงานป้องกันการทุจริตในภาครัฐ,สำนักงานป้องกันและปราบปรามการทุจริตในภาครัฐ เขต 4,จองสำเร็จ,2025-09-11 16:59:23
505,2025-09-13,08:30-16:30,ห้องประชุม 1 (ห้องใหญ่),ปิดปรับปรุงห้องประชุม,,1,2025-09-02 15:50:53,มานพ ธงชัย,กลุ่มงานปราบปรามการทุจริตในองค์กรปกครองส่วนท้องถิ่น 2,กองปราบปรามการทุจริตในภาครัฐ 4,จองสำเร็จ,2025-09-02 15:50:53
506,2025-09-14,00:15-23:59,ห้องประชุม 1 (ห้องใหญ่),ปิดปรับปรุงห้องประชุม,,1,2025-09-02 15:53:47,มานพ ธงชัย,กลุ่มงานปราบปรามการทุจริตในองค์กรปกครองส่วนท้องถิ่น 2,กองปราบปรามการทุจริตในภาครัฐ 4,จองสำเร็จ,2025-09-02 15:53:47
507,2025-09-15,00:15-23:59,ห้องประชุม 1 (ห้องใหญ่),ปิดปรับปรุงห้องประชุม,,1,2025-09-02 16:20:36,มานพ ธงชัย,กลุ่มงานปราบปรามการทุจริตในองค์กรปกครองส่วนท้องถิ่น 2,กองปราบปรามการทุจริตในภาครัฐ 4,จองสำเร็จ,2025-09-02 16:20:36
508,2025-09-15,07:00-18:00,ห้องไต่สวน1,ไต่สวนข้อเท็จจริง,,1,2025-08-26 11:34:48,อภิรักษ์ คงคาเพชร,กลุ่มงานปราบปรามการทุจริตในองค์กรปกครองส่วนท้องถิ่น 2,กองปราบปรามการทุจริตในภาครัฐ 4,จองสำเร็จ,2025-08-26 11:34:48
509,2025-09-15,08:00-17:00,ห้องไต่สวน2,ประชุมไต่,พลโท นพพร โควหกุล,1,2025-09-05 15:23:00,เริงจิตร ฉิมพินิจ,กลุ่มงานปราบปรามการทุจริตกระทรวงด้านความมั่นคง 1,กองปราบปรามการทุจริตในภาครัฐ 1,จองสำเร็จ,2025-09-05 15:23:00
510,2025-09-15,08:00-17:00,ห้องไต่สวน4,สอบพยาน,-,4,2025-09-07 12:50:14,สุนิสา รักษา,กลุ่มงานปราบปรามการทุจริตในองค์กรปกครองส่วนท้องถิ่น 1,กองปราบปรามการทุจริตในภาครัฐ 4,จองสำเร็จ,2025-09-07 12:50:14
511,2025-09-15,08:00-17:00,ห้องอบรม (กพบ),สตง.เข้าตรวจสอบ,,5,2025-07-24 16:09:50,ชลินทร สอิ้งแก้ว,กลุ่มงานคลัง,สำนักงานเลขาธิการ,จองสำเร็จ,2025-07-24 16:09:50
512,2025-09-15,08:30-12:00,ห้องประชุม 2 (ห้องเล็ก),สัมภาษณ์ท่านเลขา ป.ป.ท. เพื่อจัดทำ Success Story,,5,2025-09-08 11:10:06,สุริยะ พรหมแก้ว,ฝ่ายบริหารทั่วไป,กองป้องกันการทุจริตในภาครัฐ,จองสำเร็จ,2025-09-08 11:10:06
513,2025-09-15,08:30-12:45,ห้องประชุม(ห้องเล็ก 31),ประชุมบันทึกแจ้งข้อกล่าวหาผ่านระบบ,นายณรงค์ รัตนานุกูล,6,2025-09-04 15:35:05,ณปภัช ศศิชาณฐมณ,กลุ่มงานปราบปรามการทุจริตในรัฐวิสาหกิจ 1,กองปราบปรามการทุจริตในภาครัฐ 3,จองสำเร็จ,2025-09-04 15:35:05
514,2025-09-15,08:30-13:00,OneConferenceRoom 3,ประชุมบันทึกแจ้งข้อกล่าวหาผ่านระบบ,นายณรงค์ รัตนานุกูล,6,2025-09-04 15:39:45,ณปภัช ศศิชาณฐมณ,กลุ่มงานปราบปรามการทุจริตในรัฐวิสาหกิจ 1,กองปราบปรามการทุจริตในภาครัฐ 3,จองสำเร็จ,2025-09-04 15:39:45
515,2025-09-15,09:00-16:00,ห้องไต่สวน3,สอบพยาน,,1,2025-09-05 14:39:40,ศรัทธา ศรมณี,กลุ่มงานปราบปรามการทุจริตหน่วยงานไม่สังกัดกระทรวง ทบวง สำนักนายกรัฐมนตรี,กองปราบปรามการทุจริตในภาครัฐ 5,จองสำเร็จ,2025-09-05 14:39:40
516,2025-09-15,10:00-15:00,ห้องประชุม (กปท.4),ประชุมคดีไต่สวน,,1,2025-08-19 18:45:01,ดวงใจ เชยชม,กลุ่มงานปราบปรามการทุจริตในองค์กรปกครองส่วนท้องถิ่น 1,กองปราบปรามการทุจริตในภาครัฐ 4,จองสำเร็จ,2025-08-19 18:45:01
517,2025-09-15,12:00-16:00,ห้องประชุม 2 (ห้องเล็ก),ประชุม สปท. ป.ป.ท. ครั้งที่ 9/2568,,15,2025-09-02 16:11:05,เสาวณีย์ แจ้งอักษร,กลุ่มงานป้องกันและปราบปรามการทุจริตและประพฤติมิชอบ,ศูนย์ปฏิบัติการต่อต้านการทุจริต,จองสำเร็จ,2025-09-02 16:11:05
518,2025-09-15,13:00-16:30,ห้องประชุม(ห้องเล็ก 31),ประชุมบันทึกแจ้งข้อกล่าวหาผ่านระบบ,นายณรงค์ รัตนานุกูล,7,2025-09-09 09:33:12,ณปภัช ศศิชาณฐมณ,กลุ่มงานปราบปรามการทุจริตในรัฐวิสาหกิจ 1,กองปราบปรามการทุจริตในภาครัฐ 3,จองสำเร็จ,2025-09-09 09:33:12
519,2025-09-15,13:00-16:30,Zoom Meeting Room 9,ประชุม สปท. ป.ป.ท. ครั้งที่ 9/2568,,20,2025-08-18 11:27:04,เสาวณีย์ แจ้งอักษร,กลุ่มงานป้องกันและปราบปรามการทุจริตและประพฤติมิชอบ,ศูนย์ปฏิบัติการต่อต้านการทุจริต,จองสำเร็จ,2025-08-18 11:27:04
520,2025-09-15,13:00-16:30,OneConferenceRoom 1,ประชุมบันทึกแจ้งข้อกล่าวหาผ่านระบบ,นายณรงค์ รัตนานุกูล,5,2025-09-09 09:34:26,ณปภัช ศศิชาณฐมณ,กลุ่มงานปราบปรามการทุจริตในรัฐวิสาหกิจ 1,กองปราบปรามการทุจริตในภาครัฐ 3,จองสำเร็จ,2025-09-09 09:34:26
521,2025-09-16,00:15-23:59,ห้องประชุม 1 (ห้องใหญ่),ปิดปรับปรุงห้องประชุม,,1,2025-09-02 16:05:53,มานพ ธงชัย,กลุ่มงานปราบปรามการทุจริตในองค์กรปกครองส่วนท้องถิ่น 2,กองปราบปรามการทุจริตในภาครัฐ 4,จองสำเร็จ,2025-09-02 16:05:53
522,2025-09-16,06:30-18:45,ห้องไต่สวน1,สอบปากคำพยาน ผู้กล่าวหา,,1,2025-09-02 09:09:32,อภิรักษ์ คงคาเพชร,กลุ่มงานปราบปรามการทุจริตในองค์กรปกครองส่วนท้องถิ่น 2,กองปราบปรามการทุจริตในภาครัฐ 4,จองสำเร็จ,2025-09-02 09:09:32
523,2025-09-16,08:00-17:00,ห้องไต่สวน3,ประชุมไต่สวน,,5,2025-09-10 11:33:05,กชมน สุธีรวัฒนกุล,กลุ่มงานปราบปรามการทุจริตในองค์กรปกครองส่วนท้องถิ่น 1,กองปราบปรามการทุจริตในภาครัฐ 4,จองสำเร็จ,2025-09-10 11:33:05
524,2025-09-16,08:00-17:00,ห้องอบรม (กพบ),สตง.เข้าตรวจสอบ,,5,2025-07-24 16:10:16,ชลินทร สอิ้งแก้ว,กลุ่มงานคลัง,สำนักงานเลขาธิการ,จองสำเร็จ,2025-07-24 16:10:16
525,2025-09-16,08:00-13:00,Zoom Meeting Room 6,การดำเนินโครงการที่เป็นไปตามเกณฑ์ชี้วัดความเสี่ยงการทุจริตเชิงนโยบายในการดำเนินโครงการขนาดใหญ่ ภายใต้โครงการขับเคลื่อนการประเมินความเสี่ยงการทุจริตในภาครัฐ ประจำปีงบประมาณ พ.ศ. ๒๕๖๘,ผอ.ปปท. เขต ๒,1,2025-09-08 15:41:53,วัฒนชัย หนูเสมียน,กลุ่มงานป้องกันการทุจริตในภาครัฐ,สำนักงานป้องกันและปราบปรามการทุจริตในภาครัฐ เขต 2,จองสำเร็จ,2025-09-08 15:41:53
526,2025-09-16,08:30-16:30,OneConferenceRoom 3,ประชุมไต่สวน,,5,2025-09-10 11:40:56,กชมน สุธีรวัฒนกุล,กลุ่มงานปราบปรามการทุจริตในองค์กรปกครองส่วนท้องถิ่น 1,กองปราบปรามการทุจริตในภาครัฐ 4,จองสำเร็จ,2025-09-10 11:40:56
527,2025-09-16,09:00-15:00,ห้องไต่สวน2,ประชุมไต่,,5,2025-09-03 08:24:53,เริงจิตร ฉิมพินิจ,กลุ่มงานปราบปรามการทุจริตกระทรวงด้านความมั่นคง 1,กองปราบปรามการทุจริตในภาครัฐ 1,จองสำเร็จ,2025-09-03 08:24:53
528,2025-09-16,09:00-16:00,ห้องไต่สวน4,ไต่สวนเบื้องต้น,,1,2025-08-29 13:25:40,มะลิไล แก้วมาดีงาม,กลุ่มงานปราบปรามการทุจริตหน่วยงานไม่สังกัดกระทรวง ทบวง สำนักนายกรัฐมนตรี,กองปราบปรามการทุจริตในภาครัฐ 5,จองสำเร็จ,2025-08-29 13:25:40
529,2025-09-16,09:30-16:00,ห้องประชุม(ห้องเล็ก 31),ประชุมตรวจรับ,,5,2025-09-15 13:21:08,กนกพร บุตรรักษ์,กลุ่มงานส่งเสริมธรรมาภิบาลในภาครัฐ,กองป้องกันการทุจริตในภาครัฐ,จองสำเร็จ,2025-09-15 13:21:08
530,2025-09-16,10:00-17:00,ห้องประชุม (กปท.4),ผู้ถูกกล่าวหาตรวจดูเอกสารตามคำขอ,ระวิพรรณ จินดาดวง,4,2025-09-12 11:52:38,ระวิพรรณ จินดาดวง,กลุ่มงานปราบปรามการทุจริตกระทรวงด้านความมั่นคง 1,กองปราบปรามการทุจริตในภาครัฐ 1,จองสำเร็จ,2025-09-12 11:52:38
531,2025-09-16,13:00-16:30,ห้องประชุม 2 (ห้องเล็ก),ประชุมกองกฎหมาย,,18,2025-09-12 10:46:03,ภูธนิตย์ สุขจิตร์,ฝ่ายบริหารทั่วไป,กองการต่างประเทศ,จองสำเร็จ,2025-09-12 10:46:14
532,2025-09-16,13:30-16:00,OneConferenceRoom 1,ประชุมคณะอนุกรรมการไต่สวสข้อเท็จจริง ครั้งที่ 406/2557,,1,2025-09-15 13:43:28,ประวิทย์ ภัทรสัตยากร,กลุ่มงานปราบปรามการทุจริตกระทรวงด้านสังคม,กองปราบปรามการทุจริตในภาครัฐ 2,จองสำเร็จ,2025-09-15 13:43:28
533,2025-09-17,00:15-23:59,ห้องประชุม 1 (ห้องใหญ่),ปิดปรับปรุงห้องประชุม,,1,2025-09-02 16:04:18,มานพ ธงชัย,กลุ่มงานปราบปรามการทุจริตในองค์กรปกครองส่วนท้องถิ่น 2,กองปราบปรามการทุจริตในภาครัฐ 4,จองสำเร็จ,2025-09-02 16:04:18
534,2025-09-17,08:00-17:00,ห้องไต่สวน4,สอบสวน,พตท ณัฎฐพล / ประทีป,3,2025-09-02 10:12:32,ประทีป ศิริดำรงค์,กลุ่มงานปราบปรามการทุจริตหน่วยงานไม่สังกัดกระทรวง ทบวง สำนักนายกรัฐมนตรี,กองปราบปรามการทุจริตในภาครัฐ 5,จองสำเร็จ,2025-09-02 10:12:32
535,2025-09-17,08:00-12:00,ห้องประชุม(ห้องเล็ก 31),ประชุมบริหาร กปท.5 ครั้งที่ 5/2568,,1,2025-09-09 13:14:00,ศรัทธา ศรมณี,กลุ่มงานปราบปรามการทุจริตหน่วยงานไม่สังกัดกระทรวง ทบวง สำนักนายกรัฐมนตรี,กองปราบปรามการทุจริตในภาครัฐ 5,จองสำเร็จ,2025-09-09 13:14:00
536,2025-09-17,08:00-17:00,ห้องอบรม (กพบ),สตง.เข้าตรวจสอบ,,5,2025-07-24 16:10:55,ชลินทร สอิ้งแก้ว,กลุ่มงานคลัง,สำนักงานเลขาธิการ,จองสำเร็จ,2025-07-24 16:10:55
537,2025-09-17,08:30-12:00,ห้องไต่สวน1,สอบพยานสำนักงานเขตปทุมวัน,-,4,2025-09-02 13:31:26,สุนิสา รักษา,กลุ่มงานปราบปรามการทุจริตในองค์กรปกครองส่วนท้องถิ่น 1,กองปราบปรามการทุจริตในภาครัฐ 4,จองสำเร็จ,2025-09-02 13:31:26
538,2025-09-17,08:30-10:30,ห้องประชุม(กยผ),ประชุมเตรียมความพร้อม PIIs,ผอ.กตท.,12,2025-09-15 15:53:47,สุภาภรณ์ บุญยิ้ม,กลุ่มงานประสานการป้องกันและปราบปรามการทุจริตระหว่างประเทศ,กองการต่างประเทศ,จองสำเร็จ,2025-09-15 15:53:47
539,2025-09-17,08:30-13:00,OneConferenceRoom 1,ประชุมคณะกรรมการ ป.ป.ท. ประจำเดือน กันยายน 2568 ครั้งที่ 69/68,,20,2025-08-21 23:13:16,ลลิตตา พานิชผล,กลุ่มงานบริหารคดีและบริหารทั่วไป,กองบริหารคดี,จองสำเร็จ,2025-08-21 23:13:16
540,2025-09-17,08:30-13:00,ห้องประชุมคณะกรรมการ,ประชุมคณะกรรมการ ป.ป.ท. ประจำเดือน กันยายน 2568 ครั้งที่ 69/68,,20,2025-08-21 23:01:38,ลลิตตา พานิชผล,กลุ่มงานบริหารคดีและบริหารทั่วไป,กองบริหารคดี,จองสำเร็จ,2025-08-21 23:01:38
541,2025-09-17,09:00-12:00,ห้องประชุม (กปท.4),ประชุมอนุกรรมการไต่สวน,,5,2025-09-09 09:24:19,สหราช เกษอินทร์,กลุ่มงานปราบปรามการทุจริตในองค์กรปกครองส่วนท้องถิ่น 1,กองปราบปรามการทุจริตในภาครัฐ 4,จองสำเร็จ,2025-09-09 09:24:19
542,2025-09-17,09:30-12:00,Zoom Meeting Room 1,อ่านผลงานนักวิเทศสัมพันธ์,-,5,2025-09-15 10:35:30,ตติยา แก้วละเอียด,กลุ่มงานบริหารงานบุคคล,สำนักงานเลขาธิการ,จองสำเร็จ,2025-09-15 10:35:30
543,2025-09-17,09:30-16:30,ห้องไต่สวน2,ประชุมไต่,พลโท นพพร โควหกุล,5,2025-09-05 15:37:02,เริงจิตร ฉิมพินิจ,กลุ่มงานปราบปรามการทุจริตกระทรวงด้านความมั่นคง 1,กองปราบปรามการทุจริตในภาครัฐ 1,จองสำเร็จ,2025-09-05 15:37:22
544,2025-09-17,09:30-12:00,ห้องไต่สวน3,สอบพยาน,,1,2025-09-11 22:55:37,ดวงใจ เชยชม,กลุ่มงานปราบปรามการทุจริตในองค์กรปกครองส่วนท้องถิ่น 1,กองปราบปรามการทุจริตในภาครัฐ 4,จองสำเร็จ,2025-09-11 22:55:37
545,2025-09-17,10:30-12:00,ห้องประชุม(กยผ),ประชุมคณะกรรมการประเมินฯ,นางสาวอาภรณีย์  เสมรสุต,1,2025-09-16 08:37:41,สลักจิต ณ ลำพูน,ฝ่ายบริหารทั่วไป,กองยุทธศาสตร์และแผนงาน,จองสำเร็จ,2025-09-16 08:37:41
546,2025-09-17,12:00-16:30,ห้องไต่สวน1,ไต่สวน,พลโท นพพร โควหกุล,3,2025-09-04 14:00:27,กาญจณา นาวิกนันทน์,กลุ่มงานปราบปรามการทุจริตกระทรวงด้านความมั่นคง 2,กองปราบปรามการทุจริตในภาครัฐ 1,จองสำเร็จ,2025-09-04 14:01:17
547,2025-09-17,13:00-17:30,ห้องประชุม 2 (ห้องเล็ก),ประชุมอนุเงินเพิ่มฯ ครั้งที่ 9/2568,,20,2025-09-04 16:58:39,อธิวัฒน์ ธัมมารัตน์นนท์,กลุ่มงานบริหารงานบุคคล,สำนักงานเลขาธิการ,จองสำเร็จ,2025-09-04 16:58:39
548,2025-09-17,13:00-17:00,ห้องไต่สวน3,สอบผู้ร้องเรียน,,1,2025-09-15 15:42:01,นันทการ มีเหม,กลุ่มงานปราบปรามการทุจริตในภาครัฐ 1,สำนักงานป้องกันและปราบปรามการทุจริตในภาครัฐ เขต 1,จองสำเร็จ,2025-09-15 15:42:38
549,2025-09-17,13:00-17:30,Zoom Meeting Room 9,ประชุมอนุเงินเพิ่มฯ ครั้งที่ 9/2568,,10,2025-09-04 16:59:39,อธิวัฒน์ ธัมมารัตน์นนท์,กลุ่มงานบริหารงานบุคคล,สำนักงานเลขาธิการ,จองสำเร็จ,2025-09-04 16:59:39
550,2025-09-18,00:15-23:59,ห้องประชุม 1 (ห้องใหญ่),ปิดปรับปรุงห้องประชุม,,1,2025-09-02 16:03:50,มานพ ธงชัย,กลุ่มงานปราบปรามการทุจริตในองค์กรปกครองส่วนท้องถิ่น 2,กองปราบปรามการทุจริตในภาครัฐ 4,จองสำเร็จ,2025-09-02 16:03:50
551,2025-09-18,08:00-12:00,ห้องไต่สวน1,ประชุมคดี,วลลภ ยุติธรรมดำรง,5,2025-09-03 11:00:02,สุนิสา รักษา,กลุ่มงานปราบปรามการทุจริตในองค์กรปกครองส่วนท้องถิ่น 1,กองปราบปรามการทุจริตในภาครัฐ 4,จองสำเร็จ,2025-09-03 11:00:02
552,2025-09-18,08:00-17:00,ห้องไต่สวน2,ไต่สวน,นางสาวชิยา ศิริรักษ์,1,2025-09-01 15:35:14,สมศักดิ์ ทองประดับ,กลุ่มงานปราบปรามการทุจริตในองค์กรปกครองส่วนท้องถิ่น 2,กองปราบปรามการทุจริตในภาครัฐ 4,จองสำเร็จ,2025-09-01 15:35:14
553,2025-09-18,08:00-17:00,ห้องไต่สวน4,ไต่สวนเบื้องต้น,,1,2025-09-16 09:23:41,โรสนา ศักดิ์นภาพรเลิศ,กลุ่มงานปราบปรามการทุจริตหน่วยงานไม่สังกัดกระทรวง ทบวง สำนักนายกรัฐมนตรี,กองปราบปรามการทุจริตในภาครัฐ 5,จองสำเร็จ,2025-09-16 09:23:41
554,2025-09-18,08:00-12:00,ห้องประชุม(กยผ),ประชุมการจัดทำโครงการ/กิจกรรมสำหรับบรรจุในแผนปฏิบัติราชการรายปี (พ.ศ.2570),ผู้ช่วยเลขาธิการฯ,10,2025-09-15 14:50:27,สลักจิต ณ ลำพูน,ฝ่ายบริหารทั่วไป,กองยุทธศาสตร์และแผนงาน,จองสำเร็จ,2025-09-15 14:50:27
555,2025-09-18,08:00-17:00,ห้องอบรม (กพบ),สตง.เข้าตรวจสอบ,,5,2025-07-24 16:11:19,ชลินทร สอิ้งแก้ว,กลุ่มงานคลัง,สำนักงานเลขาธิการ,จองสำเร็จ,2025-07-24 16:11:19
556,2025-09-18,08:30-13:00,OneConferenceRoom 1,ประชุมคณะกรรมการ ป.ป.ท. ประจำเดือน กันยายน 2568 ครั้งที่ 70/68,,20,2025-08-21 23:14:11,ลลิตตา พานิชผล,กลุ่มงานบริหารคดีและบริหารทั่วไป,กองบริหารคดี,จองสำเร็จ,2025-08-21 23:14:11
557,2025-09-18,08:30-13:00,ห้องประชุมคณะกรรมการ,ประชุมคณะกรรมการ ป.ป.ท. ประจำเดือน กันยายน 2568 ครั้งที่ 70/68,,20,2025-08-21 23:02:33,ลลิตตา พานิชผล,กลุ่มงานบริหารคดีและบริหารทั่วไป,กองบริหารคดี,จองสำเร็จ,2025-08-21 23:03:17
558,2025-09-18,08:45-12:00,Zoom Meeting Room 1,ประชุมชี้เเจงการจัดทำกิจกรรม/โครงการ เพื่อบรรจุในเเผนปฏิบัติราชการฯ ปี พ.ศ. 2570,ผู้ช่วยเลขาธิการคณะกรรมการ ป.ป.ท.,1,2025-09-15 09:12:08,รัชดาภรณ์ เทพพุทธา,กลุ่มงานแผนงานและงบประมาณ,กองยุทธศาสตร์และแผนงาน,จองสำเร็จ,2025-09-15 09:14:38
559,2025-09-18,09:00-17:00,ห้องไต่สวน3,สอบสวน,ไต่สวนเบื้องต้น,3,2025-09-17 09:28:15,ประทีป ศิริดำรงค์,กลุ่มงานปราบปรามการทุจริตหน่วยงานไม่สังกัดกระทรวง ทบวง สำนักนายกรัฐมนตรี,กองปราบปรามการทุจริตในภาครัฐ 5,จองสำเร็จ,2025-09-17 09:28:15
560,2025-09-18,10:00-12:00,ห้องประชุม (กปท.4),ประชุมคณะอนุกรรมการไต่สวน,พ.ต.ท. งามพล,5,2025-09-12 10:23:52,อนาวิล เกตพันธ์,กลุ่มงานปราบปรามการทุจริตในองค์กรปกครองส่วนท้องถิ่น 1,กองปราบปรามการทุจริตในภาครัฐ 4,จองสำเร็จ,2025-09-12 10:23:52
561,2025-09-18,10:00-12:00,OneConferenceRoom 3,ประชุมคณะอนุกรรมการไต่สวนข้อเท็จจริง คำสั่งคณะกรรมการ ป.ป.ท. ลับ ที่ 181/2567 ลงวันที่ 30 พฤษภาคม 2567,เชิงชาย มณีฤทธิ์,3,2025-09-16 15:49:28,ณัฐสังคีต คนขยัน,กลุ่มงานปราบปรามการทุจริตในภาครัฐ 2,สำนักงานป้องกันและปราบปรามการทุจริตในภาครัฐ เขต 4,จองสำเร็จ,2025-09-16 15:49:28
562,2025-09-19,00:00-00:30,ห้องไต่สวน1,ไต่สวนข้อเท็จจริง,,1,2025-09-08 09:03:11,อภิรักษ์ คงคาเพชร,กลุ่มงานปราบปรามการทุจริตในองค์กรปกครองส่วนท้องถิ่น 2,กองปราบปรามการทุจริตในภาครัฐ 4,จองสำเร็จ,2025-09-08 09:03:11
563,2025-09-19,00:15-23:59,ห้องประชุม 1 (ห้องใหญ่),ปิดปรับปรุงห้องประชุม,,1,2025-09-02 16:03:07,มานพ ธงชัย,กลุ่มงานปราบปรามการทุจริตในองค์กรปกครองส่วนท้องถิ่น 2,กองปราบปรามการทุจริตในภาครัฐ 4,จองสำเร็จ,2025-09-02 16:03:07
564,2025-09-19,08:00-13:00,ห้องไต่สวน1,สอบผู้ร้องเรียน,,1,2025-09-10 14:38:07,นันทการ มีเหม,กลุ่มงานปราบปรามการทุจริตในภาครัฐ 1,สำนักงานป้องกันและปราบปรามการทุจริตในภาครัฐ เขต 1,จองสำเร็จ,2025-09-10 14:38:07
565,2025-09-19,08:00-12:00,ห้องไต่สวน3,ฟังคำพิพากษาระบบอิเล็กทรอนิกส์,,1,2025-09-05 13:40:06,ณัฐพล บัวทุม,กลุ่มงานคดี,กองกฎหมาย,จองสำเร็จ,2025-09-05 13:40:06
566,2025-09-19,08:00-12:00,ห้องไต่สวน4,เพื่อรับฟังการพิจารณาคดีปกครองโดยวิธีการทางอิเล็กทรอนิกส์หรือระบบประชุมทางจอภาพในชั้นการอ่านคำพิพากษา คดีปกครองนครสวรรค์ หมายเลขคดีดำที่ บ.57/2565,,1,2025-09-03 10:02:21,นิติพร มีไพฑูรย์,กลุ่มงานคดี,กองกฎหมาย,จองสำเร็จ,2025-09-03 10:02:21
567,2025-09-19,08:00-17:00,ห้องอบรม (กพบ),สตง.เข้าตรวจสอบ,,5,2025-07-24 16:11:52,ชลินทร สอิ้งแก้ว,กลุ่มงานคลัง,สำนักงานเลขาธิการ,จองสำเร็จ,2025-07-24 16:11:52
568,2025-09-19,08:00-13:00,Zoom Meeting Room 6,การดำเนินโครงการที่เป็นไปตามเกณฑ์ชี้วัดความเสี่ยงการทุจริตเชิงนโยบายในการดำเนินโครงการขนาดใหญ่ ภายใต้โครงการขับเคลื่อนการประเมินความเสี่ยงการทุจริตในภาครัฐ ประจำปีงบประมาณ พ.ศ. ๒๕๖๘,ผอ.ปปท.เขต ๒,1,2025-09-08 15:44:01,วัฒนชัย หนูเสมียน,กลุ่มงานป้องกันการทุจริตในภาครัฐ,สำนักงานป้องกันและปราบปรามการทุจริตในภาครัฐ เขต 2,จองสำเร็จ,2025-09-08 15:44:01
569,2025-09-19,08:15-16:30,ห้องประชุม(ห้องเล็ก 31),ประชุมกลุ่มงานวิชาการ,,12,2025-09-17 14:54:27,สุริยะ พรหมแก้ว,ฝ่ายบริหารทั่วไป,กองป้องกันการทุจริตในภาครัฐ,จองสำเร็จ,2025-09-17 14:54:27
570,2025-09-19,08:30-11:30,Zoom Meeting Room 1,คณะอนุกรรมการพิจารณากลั่นกรองการเปิดเผยข้อมูลข่าวสาร,,13,2025-09-16 14:56:58,อานนท์ ชนประชา,กลุ่มงานความเห็นแย้ง,กองกฎหมาย,จองสำเร็จ,2025-09-16 14:56:58
571,2025-09-19,08:30-11:45,ห้องประชุม 2 (ห้องเล็ก),คณะอนุกรรมการพิจารณากลั่นกรองการเปิดเผยข้อมูลข่าวสาร,,13,2025-09-04 09:37:10,อานนท์ ชนประชา,กลุ่มงานความเห็นแย้ง,กองกฎหมาย,จองสำเร็จ,2025-09-04 09:37:10
572,2025-09-19,08:30-12:00,ห้องไต่สวน2,ประชุมคณะอนุกรรมการไต่สวน  (คดีคุณศิริพักร์  แก้วจันทร์),,3,2025-08-28 16:44:45,ศิริขวัญ บุญปลูก,ฝ่ายบริหารทั่วไปและคดี,กองปราบปรามการทุจริตในภาครัฐ 4,จองสำเร็จ,2025-08-28 16:44:45
573,2025-09-19,08:30-18:00,Zoom Meeting Room 2,"Sub-Activity 2.1.2 “The PACC Kick-Off Workshop for Raising Awareness, Enhancing Knowledge and Preparing Government Agencies to the Evaluation of OECD Public Integrity Indicators (PIIs)”",,10,2025-09-10 09:29:21,สุพจน์ หินทอง,ศูนย์รับเรื่องร้องเรียน,กองบริหารคดี,จองสำเร็จ,2025-09-16 14:11:12
574,2025-09-19,08:30-12:00,OneConferenceRoom 2,ประชุมคณะอนุกรรมการไต่สวน  (คดีคุณศิริพักร์  แก้วจันทร์),,3,2025-08-28 16:48:13,ศิริขวัญ บุญปลูก,ฝ่ายบริหารทั่วไปและคดี,กองปราบปรามการทุจริตในภาครัฐ 4,จองสำเร็จ,2025-08-28 16:48:13
575,2025-09-19,09:00-10:00,OneConferenceRoom 1,ประชุมสำนวนการไต่สวนข้อเท็จจริงคำสั่งคณะกรรมการ ป.ป.ท.ที่  62/2568 ลว.18 ก.พ.2568,นายสุริยา ปัญญจิตร,4,2025-09-04 13:50:02,สุกัญญา จิตรากุล,กลุ่มงานปราบปรามการทุจริตในภาครัฐ 3,สำนักงานป้องกันและปราบปรามการทุจริตในภาครัฐ เขต 4,จองสำเร็จ,2025-09-04 13:50:02
576,2025-09-19,10:00-12:00,OneConferenceRoom 3,การประชุมคณะอนุกรรมการไต่สวนข้อเท็จจริง ตามคำสั่งคณะกรรมการ ป.ป.ท. ลับ ที่ 180/2567 ลงวันที่ 30 พฤษภาคม 2567,อุดม คำจันทร์,3,2025-09-16 15:54:33,ณัฐสังคีต คนขยัน,กลุ่มงานปราบปรามการทุจริตในภาครัฐ 2,สำนักงานป้องกันและปราบปรามการทุจริตในภาครัฐ เขต 4,จองสำเร็จ,2025-09-16 15:54:50
577,2025-09-19,12:45-16:45,ห้องประชุม (กปท.4),คณะอนุกรรมการพิจารณากลั่นกรองการเปิดเผยข้อมูลข่าวสาร,,13,2025-09-04 09:33:50,อานนท์ ชนประชา,กลุ่มงานความเห็นแย้ง,กองกฎหมาย,จองสำเร็จ,2025-09-04 09:33:50
578,2025-09-19,13:00-17:00,Zoom Meeting Room 1,การประชุมคณะกรรมการการกำหนดตำแหน่งระดับสูงของสำนักงาน ป.ป.ท.,หม่อมหลวงพัชรภากร เทวกุล,15,2025-09-02 14:29:00,วิทยา สีดา,กลุ่มพัฒนาระบบบริหาร,กลุ่มพัฒนาระบบบริหาร,จองสำเร็จ,2025-09-02 14:29:00
579,2025-09-19,13:00-17:00,ห้องประชุม 2 (ห้องเล็ก),ประชุมคณะกรรมการการกำหนดตำแหน่งระดับสูงของสำนักงาน ป.ป.ท. ครั้งที่ 1/2568,หม่อมหลวงพัชรภากร เทวกุล,15,2025-09-02 15:48:14,วิทยา สีดา,กลุ่มพัฒนาระบบบริหาร,กลุ่มพัฒนาระบบบริหาร,จองสำเร็จ,2025-09-02 15:48:14
580,2025-09-19,13:00-14:00,OneConferenceRoom 1,ประชุมสำนวนการไต่สวนข้อเท็จจริงตามคำสั่งคณะกรรมการ ป.ป.ท.ที่ 251/2567 ลว. 10 ก.ค. 2567 อนุสนธิคำสั่งฯ ลับ ที่ 75/2567 ลว. 16 ก.พ. 2567,ผู้ช่วยศาสตราจารย์ สุรพงษ์ แสงเรณู,4,2025-09-04 13:59:48,สุกัญญา จิตรากุล,กลุ่มงานปราบปรามการทุจริตในภาครัฐ 3,สำนักงานป้องกันและปราบปรามการทุจริตในภาครัฐ เขต 4,จองสำเร็จ,2025-09-04 14:08:18
581,2025-09-19,13:30-14:30,OneConferenceRoom 2,ประชุมคณะอนุกรรมการไต่สวนข้อเท็จจริง เรื่องที่ ๑๐๐๓๘๘/๒๕๖๑ คำสั่งที่ 87/2561 ในวันที่ 19 กันยายน 2568 เวลา 13.30 น.,กฤษณ์ กระแสเวส,6,2025-09-15 15:49:55,ภัคภิณญา อุตสาย,กลุ่มงานบริหารคดีและบริหารทั่วไป,สำนักงานป้องกันและปราบปรามการทุจริตในภาครัฐ เขต 5,จองสำเร็จ,2025-09-15 15:49:55
582,2025-09-19,14:00-16:00,Zoom Meeting Room 3,การประชุมเตรียมการจัดสัมมนาสรุปบทเรียนและกำหนดทิศทางการทำงานฯ,นางสาวกิตวิภา สุวรรณรัตน์,7,2025-09-18 16:19:01,พัชรียา ต่อประดิษฐ์,กลุ่มงานประสานการป้องกันและปราบปรามการทุจริตระหว่างประเทศ,กองการต่างประเทศ,จองสำเร็จ,2025-09-18 16:19:01
583,2025-09-20,00:15-23:59,ห้องประชุม 1 (ห้องใหญ่),ปิดปรับปรุงห้องประชุม,,1,2025-09-02 16:02:25,มานพ ธงชัย,กลุ่มงานปราบปรามการทุจริตในองค์กรปกครองส่วนท้องถิ่น 2,กองปราบปรามการทุจริตในภาครัฐ 4,จองสำเร็จ,2025-09-02 16:02:25
584,2025-09-21,00:15-23:59,ห้องประชุม 1 (ห้องใหญ่),ปิดปรับปรุง,,1,2025-09-02 16:04:07,ณัฐวุฒิ วุฒิ,กลุ่มงานปราบปรามคดีพิเศษ,กองอำนวยการต่อต้านการทุจริต,จองสำเร็จ,2025-09-02 16:04:07
585,2025-09-22,00:15-23:59,ห้องประชุม 1 (ห้องใหญ่),ปิดปรับปรุง,,1,2025-09-02 16:03:43,ณัฐวุฒิ วุฒิ,กลุ่มงานปราบปรามคดีพิเศษ,กองอำนวยการต่อต้านการทุจริต,จองสำเร็จ,2025-09-02 16:03:43
586,2025-09-22,08:00-16:30,ห้องประชุม 2 (ห้องเล็ก),ประชุมเจรจาตัวชี้วัดปี 69,ท่านเลขาธิการคณะกรรมการ ป.ป.ท.,15,2025-09-02 15:18:32,นิลมณี จิรอร่าม,กลุ่มพัฒนาระบบบริหาร,กลุ่มพัฒนาระบบบริหาร,จองสำเร็จ,2025-09-02 15:18:32
587,2025-09-22,08:00-16:30,ห้องไต่สวน2,สอบพยาน,,3,2025-09-19 15:05:24,วรินยุพา นำนาผล,กลุ่มงานปราบปรามการทุจริตในองค์กรปกครองส่วนท้องถิ่น 1,กองปราบปรามการทุจริตในภาครัฐ 4,จองสำเร็จ,2025-09-19 15:05:24
588,2025-09-22,08:00-17:00,ห้องอบรม (กพบ),สตง.เข้าตรวจสอบ,,5,2025-07-24 16:00:57,กนิษฐา จิตพิมาย,กลุ่มงานคลัง,สำนักงานเลขาธิการ,จองสำเร็จ,2025-07-24 16:00:57
589,2025-09-22,08:00-17:00,Zoom Meeting Room 2,ประชุมเจรจาตัวชี้วัดปี 2569,ท่านเลขาธิการคณะกรรมการ ป.ป.ท.,15,2025-09-02 16:28:56,นิลมณี จิรอร่าม,กลุ่มพัฒนาระบบบริหาร,กลุ่มพัฒนาระบบบริหาร,จองสำเร็จ,2025-09-02 16:28:56
590,2025-09-22,08:15-20:30,ห้องไต่สวน1,สอบปากคำเจ้าหน้าที่เขต,,1,2025-09-02 09:10:34,อภิรักษ์ คงคาเพชร,กลุ่มงานปราบปรามการทุจริตในองค์กรปกครองส่วนท้องถิ่น 2,กองปราบปรามการทุจริตในภาครัฐ 4,จองสำเร็จ,2025-09-02 09:10:34
591,2025-09-22,09:00-16:30,Zoom Meeting Room 1,ประชุมคกก.ตรวจรับงานจ้างที่ปรึกษา CPI (งวดงานที่ 1) (แก้ไขครั้งที่ 2),นางสาวกิตวิภา สุวรรณรัตน์,7,2025-09-19 09:12:02,กิริยา พิชยวัฒน์,กลุ่มความร่วมมือและพัฒนานวัตกรรมความโปร่งใสในภาครัฐ,กองการต่างประเทศ,จองสำเร็จ,2025-09-19 09:12:02
592,2025-09-22,09:00-17:00,ห้องไต่สวน4,สอบสวน,พล.ต.ต.สมควรฯ,3,2025-09-17 17:11:27,ประทีป ศิริดำรงค์,กลุ่มงานปราบปรามการทุจริตหน่วยงานไม่สังกัดกระทรวง ทบวง สำนักนายกรัฐมนตรี,กองปราบปรามการทุจริตในภาครัฐ 5,จองสำเร็จ,2025-09-17 17:11:27
593,2025-09-22,09:00-16:30,ห้องประชุม(กยผ),ประชุมคกก.ตรวจรับงานจ้างที่ปรึกษา CPI (งวดงานที่ 1) (แก้ไขครั้งที่ 2),นางสาวกิตวิภา สุวรรณรัตน์,7,2025-09-19 09:08:03,กิริยา พิชยวัฒน์,กลุ่มความร่วมมือและพัฒนานวัตกรรมความโปร่งใสในภาครัฐ,กองการต่างประเทศ,จองสำเร็จ,2025-09-19 09:08:03
594,2025-09-22,10:00-13:00,OneConferenceRoom 1,ประชุมคณะอนุกรรมการไต่สวนข้อเท็จจริงเรื่องที่ 132709/2561,พันตำรวจโท ชัยวัณ เสมาทอง,3,2025-09-12 13:29:28,สาริศ บรรเทิง,กลุ่มงานปราบปรามการทุจริตในรัฐวิสาหกิจ 2,กองปราบปรามการทุจริตในภาครัฐ 3,จองสำเร็จ,2025-09-12 13:29:28
595,2025-09-22,10:00-12:00,OneConferenceRoom 3,ไต่สวนฯ 100441/2561,,6,2025-08-28 11:19:20,อภิชาต ทิพย์ชมภู,กลุ่มงานปราบปรามการทุจริตในภาครัฐ 3,สำนักงานป้องกันและปราบปรามการทุจริตในภาครัฐ เขต 5,จองสำเร็จ,2025-08-28 11:19:20
596,2025-09-22,11:00-13:00,OneConferenceRoom 2,คำสั่งที่ ๒๔๓/๒๕๖๖ นายพิเชษฐ์ สุขสบาย ที่ ๑ กับพวก,นายสุวิทย์ จอมคำสิงห์,3,2025-09-19 11:32:23,ภูริภัทร์ พลไชยขา,กลุ่มงานปราบปรามการทุจริตในภาครัฐ 3,สำนักงานป้องกันและปราบปรามการทุจริตในภาครัฐ เขต 4,จองสำเร็จ,2025-09-19 11:32:23
597,2025-09-22,13:00-16:30,ห้องประชุม(ห้องเล็ก 31),ประชุม กปก.,,18,2025-09-19 14:29:42,สุริยะ พรหมแก้ว,ฝ่ายบริหารทั่วไป,กองป้องกันการทุจริตในภาครัฐ,จองสำเร็จ,2025-09-19 14:29:42
598,2025-09-22,13:15-16:30,Zoom Meeting Room 9,ประชุม กปก.,รองเลขาธิการคณะกรรมการ ป.ป.ท.,1,2025-09-19 14:34:54,สุริยะ พรหมแก้ว,ฝ่ายบริหารทั่วไป,กองป้องกันการทุจริตในภาครัฐ,จองสำเร็จ,2025-09-19 14:34:54
599,2025-09-22,15:00-17:00,OneConferenceRoom 2,คำสั่งที่ ๓๔๔/๒๕๖๔,พ.ต.ท. ภสุ จันทร์สม,3,2025-09-19 16:06:42,ภูริภัทร์ พลไชยขา,กลุ่มงานปราบปรามการทุจริตในภาครัฐ 3,สำนักงานป้องกันและปราบปรามการทุจริตในภาครัฐ เขต 4,จองสำเร็จ,2025-09-19 16:06:42
600,2025-09-23,00:15-23:59,ห้องประชุม 1 (ห้องใหญ่),ปิดปรับปรุง,,1,2025-09-02 16:03:20,ณัฐวุฒิ วุฒิ,กลุ่มงานปราบปรามคดีพิเศษ,กองอำนวยการต่อต้านการทุจริต,จองสำเร็จ,2025-09-02 16:03:20
601,2025-09-23,08:00-12:00,Zoom Meeting Room 1,ประชุมคณะทำงานกำหนดแนวทางการปฏิบัติราชการรองรับชีวิตและการทำงานวิถีใหม่ในสังกัดสำนักงาน ป.ป.ท.  ครั้งที่ 1/2568,รองเลขาธิการคณะกรรมการป้องกันและปราบปรามการทุจริตในภาครัฐ ที่รับผิดชอบในการกำกับดูแลงานด้านการบริหารทรัพยากรบุคคล,20,2025-09-17 15:21:40,รัชพล เอี้ยวน้าว,ศูนย์รับเรื่องร้องเรียน,กองบริหารคดี,จองสำเร็จ,2025-09-17 15:21:40
602,2025-09-23,08:00-15:00,ห้องไต่สวน1,สอบปากคำ,,3,2025-09-18 10:35:41,พรพรรณ พรมมา,กลุ่มงานปราบปรามการทุจริตหน่วยงานในสังกัดสำนักนายกรัฐมนตรี,กองปราบปรามการทุจริตในภาครัฐ 5,จองสำเร็จ,2025-09-18 10:35:41
603,2025-09-23,08:00-16:00,ห้องไต่สวน2,ฟังคำพิพากษาระบบอิเล็กทรอนิกส์,,1,2025-09-05 13:41:11,ณัฐพล บัวทุม,กลุ่มงานคดี,กองกฎหมาย,จองสำเร็จ,2025-09-05 13:41:11
604,2025-09-23,08:00-17:00,ห้องไต่สวน3,ศ 0164/65,,1,2025-08-20 08:37:58,รัตติกาล ณ ราช,กลุ่มงานปราบปรามการทุจริตหน่วยงานในสังกัดสำนักนายกรัฐมนตรี,กองปราบปรามการทุจริตในภาครัฐ 5,จองสำเร็จ,2025-08-20 08:37:58
605,2025-09-23,08:00-17:00,ห้องประชุม(ห้องเล็ก 31),สอบพยาน,,1,2025-09-22 15:52:25,ศรัทธา ศรมณี,กลุ่มงานปราบปรามการทุจริตหน่วยงานไม่สังกัดกระทรวง ทบวง สำนักนายกรัฐมนตรี,กองปราบปรามการทุจริตในภาครัฐ 5,จองสำเร็จ,2025-09-22 15:52:25
606,2025-09-23,08:00-17:00,ห้องอบรม (กพบ),สตง.เข้าตรวจสอบประจำปี 2568,,5,2025-07-24 16:04:16,กนิษฐา จิตพิมาย,กลุ่มงานคลัง,สำนักงานเลขาธิการ,จองสำเร็จ,2025-07-24 16:04:16
607,2025-09-23,08:30-16:00,ห้องไต่สวน4,เพื่อรับฟังการพิจารณาคดีปกครองโดยวิธีการทางอิเล็กทรอนิกส์หรือระบบประชุมทางจอภาพในชั้นการอ่านคำพิพากษา คดีปกครองนครราชสีมา หมายเลขคดีดำที่ บ.17/2566,,1,2025-09-05 13:35:05,นิติพร มีไพฑูรย์,กลุ่มงานคดี,กองกฎหมาย,จองสำเร็จ,2025-09-05 13:35:05
608,2025-09-23,10:00-12:00,OneConferenceRoom 1,ประชุมคณะอนุกรรมการไต่สวน,,5,2025-09-23 09:52:39,วิสุทธิ์ แสนสำราญ,กลุ่มงานปราบปรามการทุจริตในภาครัฐ 1,สำนักงานป้องกันและปราบปรามการทุจริตในภาครัฐ เขต 6,จองสำเร็จ,2025-09-23 09:52:39
609,2025-09-23,12:00-16:30,ห้องประชุม 2 (ห้องเล็ก),สัมภาษณ์การรับสมัครคัดเลือกคนพิการ เพื่อจัดจ้างเป็นพนักงานจ้างเหมาบริการ ประจำปีงบประมาณ 2569,-,15,2025-09-15 13:48:57,ตติยา แก้วละเอียด,กลุ่มงานบริหารงานบุคคล,สำนักงานเลขาธิการ,จองสำเร็จ,2025-09-15 14:32:18
610,2025-09-23,13:00-15:00,OneConferenceRoom 1,ขอประฃุมคณะอนุกรรมการไต่สวน ฯ เรื่องที่ 0161/2567,นายสุภาพ ศิริ,3,2025-09-17 10:21:07,โฆษิต เฮงจำรัส,กลุ่มงานปราบปรามการทุจริตในภาครัฐ 1,สำนักงานป้องกันและปราบปรามการทุจริตในภาครัฐ เขต 6,จองสำเร็จ,2025-09-17 10:21:07
611,2025-09-23,14:00-16:00,OneConferenceRoom 2,ประชุมสำนวน111348/2561,นายธีรเดช นรัตรักษา,3,2025-09-17 11:09:36,อัศวิน เบญจโอฬาร,กลุ่มงานปราบปรามการทุจริตในภาครัฐ 2,สำนักงานป้องกันและปราบปรามการทุจริตในภาครัฐ เขต 6,จองสำเร็จ,2025-09-17 11:09:36
612,2025-09-23,14:00-15:00,OneConferenceRoom 3,ประชุมคณะอนุกรรมการไต่สวนข้อเท็จจริงครั้งที่ 4-3/2568 เรื่องที่ 101830/2561 คำสั่งที่ 31/2565,,4,2025-09-15 12:08:50,ภัคภิณญา อุตสาย,กลุ่มงานบริหารคดีและบริหารทั่วไป,สำนักงานป้องกันและปราบปรามการทุจริตในภาครัฐ เขต 5,จองสำเร็จ,2025-09-15 12:08:50
613,2025-09-24,00:15-23:45,ห้องประชุม 1 (ห้องใหญ่),ปิดปรับปรุง,,1,2025-09-02 16:02:37,ณัฐวุฒิ วุฒิ,กลุ่มงานปราบปรามคดีพิเศษ,กองอำนวยการต่อต้านการทุจริต,จองสำเร็จ,2025-09-02 16:02:37
614,2025-09-24,08:00-17:00,ห้องไต่สวน4,ไต่สวนเบื้องต้น,,1,2025-09-16 10:26:52,โรสนา ศักดิ์นภาพรเลิศ,กลุ่มงานปราบปรามการทุจริตหน่วยงานไม่สังกัดกระทรวง ทบวง สำนักนายกรัฐมนตรี,กองปราบปรามการทุจริตในภาครัฐ 5,จองสำเร็จ,2025-09-16 10:26:52
615,2025-09-24,08:00-17:30,ห้องอบรม (กพบ),สตง.เข้าตรวจสอบประจำปี 2568,,5,2025-07-24 16:26:44,กนิษฐา จิตพิมาย,กลุ่มงานคลัง,สำนักงานเลขาธิการ,จองสำเร็จ,2025-07-24 16:26:44
616,2025-09-24,08:30-13:00,OneConferenceRoom 1,ประชุมคณะกรรมการ ป.ป.ท. ประจำเดือน กันยายน 2568 ครั้งที่ 71/68,,20,2025-08-21 23:15:11,ลลิตตา พานิชผล,กลุ่มงานบริหารคดีและบริหารทั่วไป,กองบริหารคดี,จองสำเร็จ,2025-08-21 23:15:11
617,2025-09-24,08:30-13:00,ห้องประชุมคณะกรรมการ,ประชุมคณะกรรมการ ป.ป.ท. ประจำเดือน กันยายน 2568 ครั้งที่ 71/68,,20,2025-08-21 23:05:15,ลลิตตา พานิชผล,กลุ่มงานบริหารคดีและบริหารทั่วไป,กองบริหารคดี,จองสำเร็จ,2025-08-21 23:05:15
618,2025-09-24,09:00-12:00,Zoom Meeting Room 1,"ประชุมคณะอนุกรรมการพิจารณาเกณฑ์การประเมิน และผลการประเมินความเสี่ยงการทุจริตตามเกณฑ์การประเมินเชิงคุณภาพ ""ระบบการบริหารจัดการความเสี่ยงการทุจริต"" (Corruption Risk Management Systems : CRMS) ครั้งที่ 2/2568",ผู้ช่วยเลขาธิการ ป.ป.ท.,20,2025-09-04 13:50:34,กฤษฏ์ ธวัชชัยวิสุทธิ์,กลุ่มงานปราบปรามการทุจริตหน่วยงานไม่สังกัดกระทรวง ทบวง สำนักนายกรัฐมนตรี,กองปราบปรามการทุจริตในภาครัฐ 5,จองสำเร็จ,2025-09-04 13:50:34
619,2025-09-24,09:00-10:00,OneConferenceRoom 2,ประชุมคณะอนุกรรมการไต่สวนข้อเท็จจริง เรื่องที่ 55406000692 คำสั่งที่ 60/2558,นายชัยวิณ  เสมาทอง,3,2025-09-16 15:44:24,ภัคภิณญา อุตสาย,กลุ่มงานบริหารคดีและบริหารทั่วไป,สำนักงานป้องกันและปราบปรามการทุจริตในภาครัฐ เขต 5,จองสำเร็จ,2025-09-24 09:11:26
620,2025-09-24,09:30-12:00,ห้องประชุม 2 (ห้องเล็ก),"ประชุมคณะอนุกรรมการพิจารณาเกณฑ์การประเมิน และผลการประเมินความเสี่ยงการทุจริตตามเกณฑ์การประเมินเชิงคุณภาพ ""ระบบการบริหารจัดการความเสี่ยงการทุจริต"" (Corruption Risk Management Systems : CRMS) ครั้งที่ 2/2568",ผู้ช่วยเลขาธิการ ป.ป.ท.,15,2025-09-04 13:50:34,กฤษฏ์ ธวัชชัยวิสุทธิ์,กลุ่มงานปราบปรามการทุจริตหน่วยงานไม่สังกัดกระทรวง ทบวง สำนักนายกรัฐมนตรี,กองปราบปรามการทุจริตในภาครัฐ 5,จองสำเร็จ,2025-09-04 13:50:34
621,2025-09-24,09:30-12:00,Zoom Meeting Room 9,ประชุมภายในสำนักงาน ปปท. เขต 3 ประจำเดือนกันยายน 2568,นางสาวมนัสนันท์ จรัลจรูญพงษ์,32,2025-09-23 11:47:12,แก้วกาญจน์ ป้อมอุ่นเรือน,กลุ่มงานบริหารคดีและบริหารทั่วไป,สำนักงานป้องกันและปราบปรามการทุจริตในภาครัฐ เขต 3,จองสำเร็จ,2025-09-23 11:48:02
622,2025-09-24,13:00-16:30,ห้องประชุม 2 (ห้องเล็ก),การประชุมคณะทำงานพิจารณาแบ่งหน่วยงานภายในสำนักงาน ป.ป.ท.,เลขาธิการคณะกรรมการ ป.ป.ท.,10,2025-09-12 11:44:41,อัมมรรัตน์ หุ่นทอง,กลุ่มพัฒนาระบบบริหาร,กลุ่มพัฒนาระบบบริหาร,จองสำเร็จ,2025-09-12 11:44:41
623,2025-09-24,13:00-16:00,Zoom Meeting Room 2,การดำเนินโครงการที่เป็นไปตามเกณฑ์ชี้วัดความเสี่ยงการทุจริตเชิงนโยบายในการดำเนินโครงการขนาดใหญ่ ภายใต้โครงการขับเคลื่อนการประเมินความเสี่ยงการทุจริตในภาครัฐ ประจำปีงบประมาณ พ.ศ. ๒๕๖๘  โครงการของกรมชลประทานสถานีสูบน้ำหัวงานและอาคารประกอบพร้อมระบบ ส่งน้ำ โคร,ผอ. ปปท. เขต 2,15,2025-09-16 16:26:18,วันนา วิลุนระพันธ์,กลุ่มความร่วมมือและพัฒนานวัตกรรมความโปร่งใสในภาครัฐ,กองการต่างประเทศ,จองสำเร็จ,2025-09-16 16:26:18
624,2025-09-24,14:00-17:00,OneConferenceRoom 1,ประชุมคณะอนุกรรมการไต่สวน ตามคำสั่ง คกก ปปท. ลับ ที่ 457/67 วันที่ 6 พ.ย.67,พ.ต.ท.ทนง เพิ่มพูล,6,2025-09-04 15:04:07,รัศนันท์ พินธุประดิษฐกร,กลุ่มงานบริหารคดีและบริหารทั่วไป,สำนักงานป้องกันและปราบปรามการทุจริตในภาครัฐ เขต 7,จองสำเร็จ,2025-09-04 15:04:07
625,2025-09-24,16:30-17:30,OneConferenceRoom 2,ประชุมคณะอนุกรรมการไต่สวนข้อเท็จจริง คำสั่งที่ 436/2564,,3,2025-09-19 11:15:52,ฐิติมา จิระมานิต,กลุ่มงานปราบปรามการทุจริตในภาครัฐ 2,สำนักงานป้องกันและปราบปรามการทุจริตในภาครัฐ เขต 7,จองสำเร็จ,2025-09-19 11:15:52
626,2025-09-24,17:30-18:30,OneConferenceRoom 2,ประชุมคณะอนุกรรมการไต่สวนข้อเท็จจริง คำสั่งที่ 436/2564,,4,2025-09-19 11:15:52,ฐิติมา จิระมานิต,กลุ่มงานปราบปรามการทุจริตในภาครัฐ 2,สำนักงานป้องกันและปราบปรามการทุจริตในภาครัฐ เขต 7,จองสำเร็จ,2025-09-19 11:15:52
627,2025-09-25,00:15-23:59,ห้องประชุม 1 (ห้องใหญ่),ปิดปรับปรุง,,1,2025-09-02 16:02:05,ณัฐวุฒิ วุฒิ,กลุ่มงานปราบปรามคดีพิเศษ,กองอำนวยการต่อต้านการทุจริต,จองสำเร็จ,2025-09-02 16:02:05
628,2025-09-25,08:00-12:00,ห้องไต่สวน2,สอบพยาน,-,4,2025-09-11 15:01:12,นวีนา วัฒนประดิษฐ์,กลุ่มงานปราบปรามการทุจริตในองค์กรปกครองส่วนท้องถิ่น 1,กองปราบปรามการทุจริตในภาครัฐ 4,จองสำเร็จ,2025-09-11 15:01:12
629,2025-09-25,08:00-12:00,ห้องไต่สวน3,สอบคำให้การพยาน,,3,2025-09-16 16:00:54,ภัทร คงคาทิพย์,กลุ่มงานปราบปรามการทุจริตในองค์กรปกครองส่วนท้องถิ่น 1,กองปราบปรามการทุจริตในภาครัฐ 4,จองสำเร็จ,2025-09-16 16:00:54
630,2025-09-25,08:00-17:30,ห้องอบรม (กพบ),สตง.เข้าตรวจสอบประจำปี 2568,,5,2025-07-24 16:28:15,กนิษฐา จิตพิมาย,กลุ่มงานคลัง,สำนักงานเลขาธิการ,จองสำเร็จ,2025-07-24 16:28:15
631,2025-09-25,08:30-18:00,Zoom Meeting Room 1,การประชุมพัฒนาการจัดการบริหารคดี,นายภาส ภาสสัทธา,5,2025-09-23 17:03:14,ณปภัช ศศิชาณฐมณ,กลุ่มงานปราบปรามการทุจริตในรัฐวิสาหกิจ 1,กองปราบปรามการทุจริตในภาครัฐ 3,จองสำเร็จ,2025-09-23 17:03:14
632,2025-09-25,08:30-13:00,OneConferenceRoom 1,ประชุมคณะกรรมการ ป.ป.ท. ประจำเดือน กันยายน 2568 ครั้งที่ 72/68,,20,2025-08-21 23:16:31,ลลิตตา พานิชผล,กลุ่มงานบริหารคดีและบริหารทั่วไป,กองบริหารคดี,จองสำเร็จ,2025-08-21 23:16:31
633,2025-09-25,08:30-13:00,ห้องประชุมคณะกรรมการ,ประชุมคณะกรรมการ ป.ป.ท. ประจำเดือน กันยายน 2568 ครั้งที่ 72/68,,20,2025-08-21 23:06:18,ลลิตตา พานิชผล,กลุ่มงานบริหารคดีและบริหารทั่วไป,กองบริหารคดี,จองสำเร็จ,2025-08-21 23:06:18
634,2025-09-25,09:00-13:00,ห้องไต่สวน4,ไต่สวน,พล.ต.ต.สมควร พึ่งทรัพย์,1,2025-09-01 09:58:05,ประทีป ศิริดำรงค์,กลุ่มงานปราบปรามการทุจริตหน่วยงานไม่สังกัดกระทรวง ทบวง สำนักนายกรัฐมนตรี,กองปราบปรามการทุจริตในภาครัฐ 5,จองสำเร็จ,2025-09-01 09:58:05
635,2025-09-25,09:00-12:00,ห้องประชุม(ห้องเล็ก 31),การพัฒนาระบบรองรับการตรวจสอบภายใน,ผอ.กตน.,10,2025-09-18 14:46:38,พิมพ์จุฑา ชินวงศ์สกุล,กลุ่มตรวจสอบภายใน,กลุ่มตรวจสอบภายใน,จองสำเร็จ,2025-09-18 14:46:38
636,2025-09-25,10:00-12:00,OneConferenceRoom 3,112600/2561,นายประจญ  กลมกลึง,1,2025-09-22 15:18:28,กมลทิพย์ โล่ห์เลขา,กลุ่มงานปราบปรามการทุจริตในภาครัฐ 2,สำนักงานป้องกันและปราบปรามการทุจริตในภาครัฐ เขต 6,จองสำเร็จ,2025-09-22 15:18:28
637,2025-09-25,12:00-16:30,ห้องไต่สวน2,สอบพยาน สำนักงานเขตธนบุรี (สาริกา กปท.4) จำนวน 3 คน,,1,2025-09-19 15:06:41,สาริกา หันจางสิทธิ์,กลุ่มงานปราบปรามการทุจริตในองค์กรปกครองส่วนท้องถิ่น 2,กองปราบปรามการทุจริตในภาครัฐ 4,จองสำเร็จ,2025-09-19 15:06:41
638,2025-09-25,13:15-17:30,ห้องไต่สวน4,ไต่สวน,พล.ต.ต.สมควร พึ่งทรัพย์,2,2025-09-01 10:00:36,ประทีป ศิริดำรงค์,กลุ่มงานปราบปรามการทุจริตหน่วยงานไม่สังกัดกระทรวง ทบวง สำนักนายกรัฐมนตรี,กองปราบปรามการทุจริตในภาครัฐ 5,จองสำเร็จ,2025-09-01 10:00:36
639,2025-09-26,00:15-23:59,ห้องประชุม 1 (ห้องใหญ่),ปิดปรับปรุง,,1,2025-09-02 15:59:49,ณัฐวุฒิ วุฒิ,กลุ่มงานปราบปรามคดีพิเศษ,กองอำนวยการต่อต้านการทุจริต,จองสำเร็จ,2025-09-02 15:59:49
640,2025-09-26,08:00-16:30,ห้องไต่สวน2,สอบพยาน,นางนรินยา สุภาพพูล,3,2025-08-22 10:55:01,จิราพรรณ ทาบุราญ,กลุ่มงานปราบปรามการทุจริตในองค์กรปกครองส่วนท้องถิ่น 2,กองปราบปรามการทุจริตในภาครัฐ 4,จองสำเร็จ,2025-08-22 10:55:01
641,2025-09-26,08:00-17:00,ห้องไต่สวน3,แจ้งข้อกล่าวหา,,4,2025-09-04 10:08:47,สรศักดิ์ ชัยอนันต์วรพล,กลุ่มงานปราบปรามการทุจริตหน่วยงานไม่สังกัดกระทรวง ทบวง สำนักนายกรัฐมนตรี,กองปราบปรามการทุจริตในภาครัฐ 5,จองสำเร็จ,2025-09-04 10:08:47
642,2025-09-26,08:00-16:30,ห้องประชุม(กยผ),ประชุมกรรมการวินัย,พิมพ์ลดา,3,2025-09-22 09:59:10,ศิริรัตน์ สีชมภู,กลุ่มงานติดตามและประเมินผล,กองยุทธศาสตร์และแผนงาน,จองสำเร็จ,2025-09-22 09:59:10
643,2025-09-26,08:00-17:30,ห้องอบรม (กพบ),สตง.เข้าตรวจสอบประจำปี 2568,,5,2025-07-24 16:29:22,กนิษฐา จิตพิมาย,กลุ่มงานคลัง,สำนักงานเลขาธิการ,จองสำเร็จ,2025-07-24 16:29:22
644,2025-09-26,09:00-16:30,ห้องไต่สวน1,สอบพยาน,พ.ต.ท. งามพล,4,2025-09-18 13:11:32,อนาวิล เกตพันธ์,กลุ่มงานปราบปรามการทุจริตในองค์กรปกครองส่วนท้องถิ่น 1,กองปราบปรามการทุจริตในภาครัฐ 4,จองสำเร็จ,2025-09-18 13:11:32
645,2025-09-26,09:00-18:00,ห้องไต่สวน4,ไต่สวน,พล.ต.ต.สมควร พึ่งทรัพย์,2,2025-09-01 09:59:21,ประทีป ศิริดำรงค์,กลุ่มงานปราบปรามการทุจริตหน่วยงานไม่สังกัดกระทรวง ทบวง สำนักนายกรัฐมนตรี,กองปราบปรามการทุจริตในภาครัฐ 5,จองสำเร็จ,2025-09-01 09:59:21
646,2025-09-26,09:00-11:00,ห้องประชุม(ห้องเล็ก 31),ประชุมคณะอนุกรรมการไต่สวนข้อเท็จจริงเรื่องที่  0087/2564,,5,2025-09-12 13:37:52,สาริศ บรรเทิง,กลุ่มงานปราบปรามการทุจริตในรัฐวิสาหกิจ 2,กองปราบปรามการทุจริตในภาครัฐ 3,จองสำเร็จ,2025-09-12 13:37:52
647,2025-09-26,09:00-11:00,Zoom Meeting Room 9,กิจกรรมถ่ายทอดความรู้เพื่อแลกเปลี่ยนเรียนรู้ ภายในองค์กร (KM.DAY) ของสำนักงาน ป.ป.ท. ครั้งที่ 2,,300,2025-09-19 09:32:10,ณัฏฐ์รินทร์ กรรณสูต,กลุ่มงานพัฒนาบุคลากร,สำนักงานเลขาธิการ,จองสำเร็จ,2025-09-19 09:32:10
648,2025-09-26,09:30-12:30,OneConferenceRoom 2,ประชุมคณะอนุกรรมการไต่สวนข้อเท็จจริง ตามคำสั่งคณะกรรมการ ป.ป.ท. ลับ ที่ 132/2567 ลงวันที่ 2 เมษายน 2567 ครั้งที่ 4-3/2568,,3,2025-09-16 10:54:56,สิทธิชัย ติ๊บบุ่ง,กลุ่มงานปราบปรามการทุจริตในภาครัฐ 1,สำนักงานป้องกันและปราบปรามการทุจริตในภาครัฐ เขต 6,จองสำเร็จ,2025-09-16 10:54:56
649,2025-09-26,10:00-13:00,OneConferenceRoom 3,ไต่สวนข้อเท็ขจจริง,พล.ต.อ.สมควร พึ่งทรัพย์,3,2025-09-25 06:39:05,ประทีป ศิริดำรงค์,กลุ่มงานปราบปรามการทุจริตหน่วยงานไม่สังกัดกระทรวง ทบวง สำนักนายกรัฐมนตรี,กองปราบปรามการทุจริตในภาครัฐ 5,จองสำเร็จ,2025-09-25 06:39:05
650,2025-09-26,11:00-13:00,ห้องประชุม(ห้องเล็ก 31),ประชุมคณะอนุกรรมการไต่สวน,,7,2025-09-12 13:42:34,สาริศ บรรเทิง,กลุ่มงานปราบปรามการทุจริตในรัฐวิสาหกิจ 2,กองปราบปรามการทุจริตในภาครัฐ 3,จองสำเร็จ,2025-09-12 13:42:34
651,2025-09-26,11:00-13:00,OneConferenceRoom 1,ประชุมคณะอนุกรรมการไต่สวนข้อเท็จจริงเรื่องที่ 0136/2564,,7,2025-09-12 13:33:41,สาริศ บรรเทิง,กลุ่มงานปราบปรามการทุจริตในรัฐวิสาหกิจ 2,กองปราบปรามการทุจริตในภาครัฐ 3,จองสำเร็จ,2025-09-12 13:33:41
652,2025-09-26,13:00-14:30,Zoom Meeting Room 1,ประชุมพิจารณาราคาพื้นที่เช่าอาคารซอฟต์แวร์ปาร์ค,รองเลขาธิการฯ,1,2025-09-26 09:15:28,จุฑามาศ สาครเย็น,กลุ่มงานพัสดุและอาคารสถานที่,สำนักงานเลขาธิการ,จองสำเร็จ,2025-09-26 09:15:28
653,2025-09-26,13:00-14:30,ห้องประชุม 2 (ห้องเล็ก),ประชุมพิจารณาราคาพื้นที่เช่าอาคารซอฟต์แวร์ปาร์ค,รองเลขาธิการฯ,10,2025-09-26 09:13:57,จุฑามาศ สาครเย็น,กลุ่มงานพัสดุและอาคารสถานที่,สำนักงานเลขาธิการ,จองสำเร็จ,2025-09-26 09:13:57
654,2025-09-26,13:00-15:00,Zoom Meeting Room 3,ประชุมคณะกรรมการจัดหาพื้นที่ฯ,,1,2025-09-26 09:08:50,ตรียภรณ์ กองอ้น,กลุ่มงานป้องกันการทุจริตในภาครัฐ,สำนักงานป้องกันและปราบปรามการทุจริตในภาครัฐ เขต 5,จองสำเร็จ,2025-09-26 09:14:35
655,2025-09-26,16:00-20:00,OneConferenceRoom 1,ประชุมคณะกรรมการสืบสวนข้อเท็จจริง,นายทวีศักดิ์ นันทะพงษ์,3,2025-09-25 18:21:27,ทวีศักดิ์ นันทะพงษ์,กลุ่มงานปราบปรามการทุจริตในรัฐวิสาหกิจ 1,กองปราบปรามการทุจริตในภาครัฐ 3,จองสำเร็จ,2025-09-25 18:21:27
656,2025-09-27,00:15-23:59,ห้องประชุม 1 (ห้องใหญ่),ปิดปรับปรุง,,1,2025-09-02 15:57:08,ณัฐวุฒิ วุฒิ,กลุ่มงานปราบปรามคดีพิเศษ,กองอำนวยการต่อต้านการทุจริต,จองสำเร็จ,2025-09-02 15:57:08
657,2025-09-27,10:30-12:30,OneConferenceRoom 1,ประชุมคดีไต่สวน,พ.ต.ท.สมชัย ประชาเสริมศาสตร์,4,2025-09-19 16:39:35,ขวัญตา แซ่โก,กลุ่มงานปราบปรามการทุจริตกระทรวงด้านสังคม,กองปราบปรามการทุจริตในภาครัฐ 2,จองสำเร็จ,2025-09-19 16:39:35
658,2025-09-27,12:30-14:15,OneConferenceRoom 2,ประชุมคดีไต่สวน,พ.ต.ท.สมชัย ประชาเสริมศาสตร์,4,2025-09-19 16:51:00,ขวัญตา แซ่โก,กลุ่มงานปราบปรามการทุจริตกระทรวงด้านสังคม,กองปราบปรามการทุจริตในภาครัฐ 2,จองสำเร็จ,2025-09-19 16:51:00
659,2025-09-27,14:30-15:45,OneConferenceRoom 3,ประชุมคดีไต่สวน,พ.ต.ท.สมชัย ประชาเสริมศาสตร์,4,2025-09-19 16:42:58,ขวัญตา แซ่โก,กลุ่มงานปราบปรามการทุจริตกระทรวงด้านสังคม,กองปราบปรามการทุจริตในภาครัฐ 2,จองสำเร็จ,2025-09-19 16:42:58
660,2025-09-28,00:15-23:59,ห้องประชุม 1 (ห้องใหญ่),ปิดปรับปรุง,,1,2025-09-02 15:56:35,ณัฐวุฒิ วุฒิ,กลุ่มงานปราบปรามคดีพิเศษ,กองอำนวยการต่อต้านการทุจริต,จองสำเร็จ,2025-09-02 15:56:35
661,2025-09-29,02:30-18:45,ห้องประชุม 2 (ห้องเล็ก),ปิดปรับปรุง,,1,2025-09-02 15:54:04,ณัฐวุฒิ วุฒิ,กลุ่มงานปราบปรามคดีพิเศษ,กองอำนวยการต่อต้านการทุจริต,จองสำเร็จ,2025-09-02 15:54:04
662,2025-09-29,08:00-16:30,ห้องไต่สวน2,รับทราบข้อกล่าวหา,นางนรินยา สุภาพพูล,3,2025-08-27 15:47:13,จิราพรรณ ทาบุราญ,กลุ่มงานปราบปรามการทุจริตในองค์กรปกครองส่วนท้องถิ่น 2,กองปราบปรามการทุจริตในภาครัฐ 4,จองสำเร็จ,2025-08-27 15:47:13
663,2025-09-29,08:00-16:30,ห้องไต่สวน4,ไต่สวนข้อเท็ขจจริง,พตท อุดมวิทย์ เนียมอินทร์,3,2025-09-28 18:40:07,ประทีป ศิริดำรงค์,กลุ่มงานปราบปรามการทุจริตหน่วยงานไม่สังกัดกระทรวง ทบวง สำนักนายกรัฐมนตรี,กองปราบปรามการทุจริตในภาครัฐ 5,จองสำเร็จ,2025-09-28 18:40:07
664,2025-09-29,08:00-17:30,ห้องอบรม (กพบ),สตง.เข้าตรวจสอบประจำปี 2568,,5,2025-07-24 16:30:20,กนิษฐา จิตพิมาย,กลุ่มงานคลัง,สำนักงานเลขาธิการ,จองสำเร็จ,2025-07-24 16:30:20
665,2025-09-29,09:00-12:00,ห้องประชุม(กยผ),การร่วมรับฟังคำแถลงนโยบายของรัฐบาล,นางสาวอาภรณีย์ เสมรสุต,5,2025-09-29 08:34:35,สลักจิต ณ ลำพูน,ฝ่ายบริหารทั่วไป,กองยุทธศาสตร์และแผนงาน,จองสำเร็จ,2025-09-29 08:34:35
666,2025-09-29,09:00-12:00,OneConferenceRoom 3,การประชุมคณะอนุกรรมการไต่สวนข้อเท็จจริงนางสาว,,8,2025-09-25 14:42:56,ศุภกฤษ แก้วรัตน์,กลุ่มงานปราบปรามการทุจริตในรัฐวิสาหกิจ 1,กองปราบปรามการทุจริตในภาครัฐ 3,จองสำเร็จ,2025-09-25 14:42:56
667,2025-09-29,09:30-13:00,OneConferenceRoom 1,ประชุมไต่สวนฯ,พตท อุดมวิทย์  เนียมอินทร์,3,2025-09-22 10:06:07,ประทีป ศิริดำรงค์,กลุ่มงานปราบปรามการทุจริตหน่วยงานไม่สังกัดกระทรวง ทบวง สำนักนายกรัฐมนตรี,กองปราบปรามการทุจริตในภาครัฐ 5,จองสำเร็จ,2025-09-22 10:06:07
668,2025-09-29,10:00-17:00,ห้องประชุม(ห้องเล็ก 31),การประชุมคณะกรรมการตรวจรับพัสดุสำหรับการประกวดราคาจ้างฯ,,1,2025-09-24 16:02:07,ปิยนุช จันทน์สุคนธ์,กลุ่มงานวิชาการและพัฒนานวัตกรรมด้านการป้องกัน,กองป้องกันการทุจริตในภาครัฐ,จองสำเร็จ,2025-09-24 16:02:07
669,2025-09-29,13:00-16:30,ห้องประชุม 1 (ห้องใหญ่),ประชุมคัดเลือกคณะกรรมการจริยธรรมประจำสำนักงาน ป.ป.ท.,,1,2025-09-19 14:40:00,พัทธนันท์ ประสิทธิวงษ์,กลุ่มงานจริยธรรม,ศูนย์ปฏิบัติการต่อต้านการทุจริต,จองสำเร็จ,2025-09-19 14:40:00
670,2025-09-29,13:30-18:00,Zoom Meeting Room 8,ประชุมคัดเลือกคณะกรรมการจริยธรรมประจำสำนักงาน ป.ป.ท.,,5,2025-09-29 10:49:16,พัทธนันท์ ประสิทธิวงษ์,กลุ่มงานจริยธรรม,ศูนย์ปฏิบัติการต่อต้านการทุจริต,จองสำเร็จ,2025-09-29 10:49:16
671,2025-09-30,06:45-23:59,ห้องประชุม 1 (ห้องใหญ่),ปิดปรับปรุง,,1,2025-09-02 15:52:49,ณัฐวุฒิ วุฒิ,กลุ่มงานปราบปรามคดีพิเศษ,กองอำนวยการต่อต้านการทุจริต,จองสำเร็จ,2025-09-02 15:52:49
672,2025-09-30,08:30-19:00,ห้องอบรม (กพบ),สตง.ตรวจประจำปี2568,,5,2025-07-24 15:52:58,บุญกฤษณ์ มหเพลินจิตต์,กลุ่มงานคลัง,สำนักงานเลขาธิการ,จองสำเร็จ,2025-07-24 15:57:49
673,2025-09-30,08:30-18:00,Zoom Meeting Room 3,พิธีแสดงมุทิตาจิตแด่ข้าราชการผู้พ้นจากราชการเนื่องจากอายุครบ 60 ปีบริบูรณ์,,100,2025-09-29 10:30:28,ธนภัทร์ ไชยพิตร,ศูนย์เทคโนโลยีสารสนเทศและการสื่อสาร,ศูนย์เทคโนโลยีสารสนเทศและการสื่อสาร,จองสำเร็จ,2025-09-29 10:30:28
674,2025-09-30,08:45-16:15,ห้องไต่สวน4,ไต่สวน,,4,2025-09-23 15:02:35,วิชาญ พิเนตรเสถียร,กลุ่มงานปราบปรามการทุจริตหน่วยงานไม่สังกัดกระทรวง ทบวง สำนักนายกรัฐมนตรี,กองปราบปรามการทุจริตในภาครัฐ 5,จองสำเร็จ,2025-09-23 15:02:35
675,2025-09-30,09:30-12:00,Zoom Meeting Room 6,ประชุมติดตามสำนวนคดีคงค้าง,นายเอกชัย เกษมสุขธวัช,20,2025-09-29 18:14:02,กนิษฐา แก้วสาร,กลุ่มงานวินัย,สำนักงานเลขาธิการ,จองสำเร็จ,2025-09-29 18:14:02
676,2025-09-30,10:00-16:00,ห้องประชุม(ห้องเล็ก 31),การประชุมคณะกรรมการตรวจรับพัสดุสำหรับการประกวดราคาจ้างฯ,,5,2025-09-29 17:19:01,ปิยนุช จันทน์สุคนธ์,กลุ่มงานวิชาการและพัฒนานวัตกรรมด้านการป้องกัน,กองป้องกันการทุจริตในภาครัฐ,จองสำเร็จ,2025-09-29 17:19:01
677,2025-09-30,13:00-16:00,Zoom Meeting Room 1,การดำเนินโครงการที่เป็นไปตามเกณฑ์ชี้วัดความเสี่ยงการทุจริตเชิงนโยบายในการดำเนินโครงการขนาดใหญ่ ภายใต้โครงการขับเคลื่อนการประเมินความเสี่ยงการทุจริตในภาครัฐ ประจำปีงบประมาณ พ.ศ. ๒๕๖๘ (โครงการก่อสร้างทางหลวงหมายเลข ๓๑๗  สายจันทบุรี - สระแก้ว),นางสาวณฐพร สิทธิชัย ผอ. ปปท. เขต ๒,15,2025-09-16 14:12:35,วันนา วิลุนระพันธ์,กลุ่มความร่วมมือและพัฒนานวัตกรรมความโปร่งใสในภาครัฐ,กองการต่างประเทศ,จองสำเร็จ,2025-09-16 14:12:35
678,2025-09-30,13:00-14:00,OneConferenceRoom 1,ประชุมคณะอนุกรรมการไต่สวนข้อเท็จจริง,พ.ต.ท.งามพล บุญลิ่มเต็ง,3,2025-09-29 11:08:20,ทวีศักดิ์ นันทะพงษ์,กลุ่มงานปราบปรามการทุจริตในรัฐวิสาหกิจ 1,กองปราบปรามการทุจริตในภาครัฐ 3,จองสำเร็จ,2025-09-29 11:08:20
679,2025-10-01,08:00-16:30,ห้องไต่สวน3,ประชุมคณะอนุกรรมการไต่สวนฯ,,3,2025-09-16 09:19:06,ชรินดา มีแป้น,กลุ่มงานปราบปรามการทุจริตหน่วยงานในสังกัดสำนักนายกรัฐมนตรี,กองปราบปรามการทุจริตในภาครัฐ 5,จองสำเร็จ,2025-09-16 09:19:06
680,2025-10-01,08:00-17:00,ห้องไต่สวน4,แจ้งข้อกล่าวหา,-,1,2025-09-20 14:55:46,ณัฐพงศ์ ศรีนาค,กลุ่มงานปราบปรามการทุจริตหน่วยงานในสังกัดสำนักนายกรัฐมนตรี,กองปราบปรามการทุจริตในภาครัฐ 5,จองสำเร็จ,2025-09-20 14:55:46
681,2025-10-01,08:00-18:00,ห้องอบรม (กพบ),สตง.ตรวจสอบประจำปี 2568,,5,2025-07-24 15:59:26,นพรัตน์ บุญสำเร็จ,กลุ่มงานคลัง,สำนักงานเลขาธิการ,จองสำเร็จ,2025-07-24 15:59:26
682,2025-10-01,08:30-13:00,OneConferenceRoom 1,ประชุมคณะกรรมการ ป.ป.ท. ประจำเดือน ตุลาคม 2568 ครั้งที่ 73/68,นายอำนาจ พวงชมพู,15,2025-09-23 09:45:57,ลลิตตา พานิชผล,กลุ่มงานบริหารคดีและบริหารทั่วไป,กองบริหารคดี,จองสำเร็จ,2025-09-23 09:45:57
683,2025-10-01,08:30-13:00,ห้องประชุมคณะกรรมการ,ประชุมคณะกรรมการ ป.ป.ท. ประจำเดือน ตุลาคม 2568 ครั้งที่ 73/68,นายอำนาจ พวงชมภู,15,2025-09-23 09:23:10,ลลิตตา พานิชผล,กลุ่มงานบริหารคดีและบริหารทั่วไป,กองบริหารคดี,จองสำเร็จ,2025-09-23 09:23:10
684,2025-10-01,09:00-12:00,ห้องไต่สวน2,สอบคำให้การพยาน,-,1,2025-09-25 14:37:08,ภัทร คงคาทิพย์,กลุ่มงานปราบปรามการทุจริตในองค์กรปกครองส่วนท้องถิ่น 1,กองปราบปรามการทุจริตในภาครัฐ 4,จองสำเร็จ,2025-09-25 14:37:08
685,2025-10-01,10:00-12:00,Zoom Meeting Room 7,ประชุมศูนย์รับเรื่องร้องเรียน,,1,2025-09-30 10:52:45,ตรียภรณ์ กองอ้น,กลุ่มงานป้องกันการทุจริตในภาครัฐ,สำนักงานป้องกันและปราบปรามการทุจริตในภาครัฐ เขต 5,จองสำเร็จ,2025-09-30 10:53:34
686,2025-10-02,08:00-17:00,ห้องประชุม 2 (ห้องเล็ก),ฝึกอบรมหลักสูตรสำหรับผู้ดูแลระบบของสำนักงาน ป.ป.ท.,วิทยากรจากบริษัทผู้รับจ้าง,10,2025-09-23 10:35:46,มาลี ขุมทอง,-,กองกำกับและขับเคลื่อนการดำเนินงานนโยบายภาครัฐ,จองสำเร็จ,2025-09-23 10:36:12
687,2025-10-02,08:00-17:00,ห้องประชุม(ห้องเล็ก 31),ประชุมการนับคะแนนคณะกรรมการจริยธรรม,,1,2025-09-19 12:06:49,พัทธนันท์ ประสิทธิวงษ์,กลุ่มงานจริยธรรม,ศูนย์ปฏิบัติการต่อต้านการทุจริต,จองสำเร็จ,2025-09-19 12:06:49
688,2025-10-02,08:00-18:00,ห้องอบรม (กพบ),สตง.ตรวจสอบประจำปี 2568,,5,2025-07-24 16:00:15,นพรัตน์ บุญสำเร็จ,กลุ่มงานคลัง,สำนักงานเลขาธิการ,จองสำเร็จ,2025-07-24 16:00:15
689,2025-10-02,09:00-16:00,ห้องประชุม(กยผ),ประชุม กยผ.,พันตำรวจโท สิริพงษ์ ศรีตุลา,10,2025-09-29 09:12:25,สลักจิต ณ ลำพูน,ฝ่ายบริหารทั่วไป,กองยุทธศาสตร์และแผนงาน,จองสำเร็จ,2025-09-29 09:12:25
690,2025-10-02,09:30-17:30,ห้องประชุม 1 (ห้องใหญ่),ประชุมอนุเงินเพิ่มฯ ครั้งที่ 10/2568,นายวิเชียร จันทรโณทัย,20,2025-09-18 18:56:22,อธิวัฒน์ ธัมมารัตน์นนท์,กลุ่มงานบริหารงานบุคคล,สำนักงานเลขาธิการ,จองสำเร็จ,2025-09-18 18:56:22
691,2025-10-02,09:30-17:30,Zoom Meeting Room 9,ประชุมอนุเงินเพิ่มฯ ครั้งที่ 10/2568,,10,2025-09-18 18:57:14,อธิวัฒน์ ธัมมารัตน์นนท์,กลุ่มงานบริหารงานบุคคล,สำนักงานเลขาธิการ,จองสำเร็จ,2025-09-18 18:57:14
692,2025-10-02,10:00-12:00,ห้องไต่สวน2,สอบพยาน,จิราพรรณ,4,2025-09-25 15:58:59,จิราพรรณ ทาบุราญ,กลุ่มงานปราบปรามการทุจริตในองค์กรปกครองส่วนท้องถิ่น 2,กองปราบปรามการทุจริตในภาครัฐ 4,จองสำเร็จ,2025-09-25 15:58:59
693,2025-10-02,13:00-17:00,ห้องไต่สวน1,ประชุมสำนวน,,3,2025-10-02 11:01:27,เชษฐินันท์ นนทแก้ว,กลุ่มงานปราบปรามการทุจริตกระทรวงด้านความมั่นคง 2,กองปราบปรามการทุจริตในภาครัฐ 1,จองสำเร็จ,2025-10-02 11:01:56
694,2025-10-03,08:00-16:45,ห้องไต่สวน1,ไต่สวนข้อเท็จจริง,,1,2025-09-15 10:26:04,อภิรักษ์ คงคาเพชร,กลุ่มงานปราบปรามการทุจริตในองค์กรปกครองส่วนท้องถิ่น 2,กองปราบปรามการทุจริตในภาครัฐ 4,จองสำเร็จ,2025-09-15 10:26:04
695,2025-10-03,08:00-17:00,ห้องไต่สวน3,สอบปากคำผู้ร้องเรียน สำนวนไต่สวนเบื้องต้น,,1,2025-09-22 10:27:54,ชรินดา มีแป้น,กลุ่มงานปราบปรามการทุจริตหน่วยงานในสังกัดสำนักนายกรัฐมนตรี,กองปราบปรามการทุจริตในภาครัฐ 5,จองสำเร็จ,2025-09-22 10:27:54
696,2025-10-03,08:00-18:00,ห้องอบรม (กพบ),สตง.ตรวจสอบประจำปี 2568,,5,2025-07-24 16:00:51,นพรัตน์ บุญสำเร็จ,กลุ่มงานคลัง,สำนักงานเลขาธิการ,จองสำเร็จ,2025-07-24 16:00:51
697,2025-10-03,08:30-13:00,OneConferenceRoom 2,ประชุมคณะกรรมการ ป.ป.ท. ประจำเดือน ตุลาคม 2568 ครั้งที่ 74/68,นายอำนาจ พวงชมภู,15,2025-09-24 15:09:27,ลลิตตา พานิชผล,กลุ่มงานบริหารคดีและบริหารทั่วไป,กองบริหารคดี,จองสำเร็จ,2025-09-24 15:09:27
698,2025-10-03,09:00-17:00,ห้องประชุม(ห้องเล็ก 31),ประชุมกับบริษัทรับจ้าง E-learning,นางสาวปิยนุช จันทน์สุคนธ์,5,2025-10-02 15:49:47,กิติคุณ โตรักษา,กลุ่มงานวิชาการและพัฒนานวัตกรรมด้านการป้องกัน,กองป้องกันการทุจริตในภาครัฐ,จองสำเร็จ,2025-10-02 15:49:47
699,2025-10-03,09:00-17:00,Zoom Meeting Room 9,ประชุมกับบริษัทรับจ้าง E-learning,นางสาวปิยนุช จันทน์สุคนธ์,5,2025-10-02 15:51:06,กิติคุณ โตรักษา,กลุ่มงานวิชาการและพัฒนานวัตกรรมด้านการป้องกัน,กองป้องกันการทุจริตในภาครัฐ,จองสำเร็จ,2025-10-02 15:51:06
700,2025-10-03,09:00-15:00,OneConferenceRoom 1,ประชุมคณะอนุกรรมการกลั่นกรองฯ คณะที่ 1,พลโท นพพร โควหกุล ประธานอนุกรรมการ,9,2025-08-26 14:01:41,ปิยะนุช ชูเมือง,กลุ่มงานคำวินิจฉัยและมติคณะกรรมการ,กองบริหารคดี,จองสำเร็จ,2025-08-26 14:01:41
701,2025-10-03,09:00-15:00,ห้องประชุมคณะกรรมการ,ประชุมคณะอนุกรรมการกลั่นกรองฯ คณะที่ 1,พลโท นพพร โควหกุล ประธานอนุกรรมการ,9,2025-08-26 13:56:30,ปิยะนุช ชูเมือง,กลุ่มงานคำวินิจฉัยและมติคณะกรรมการ,กองบริหารคดี,จองสำเร็จ,2025-08-26 13:56:30
702,2025-10-03,09:30-12:00,ห้องประชุม(กยผ),ประชุมกองนวัตกรรมและความโปร่งใสในภาครัฐ,นางสาวกิตวิภา สุวรรณรัตน์,9,2025-10-03 08:45:23,กิริยา พิชยวัฒน์,กลุ่มความร่วมมือและพัฒนานวัตกรรมความโปร่งใสในภาครัฐ,กองการต่างประเทศ,จองสำเร็จ,2025-10-03 08:45:23
703,2025-10-03,10:00-12:00,ห้องประชุม 2 (ห้องเล็ก),ประชุมพิจารณา การย้ายที่ทำการ เขต 4 (ส่วนหน้า),ผู้ช่วยเลขาธิการคณะกรรมการ ปปท.,15,2025-09-23 14:28:36,มนัชญา เกตุสุทธิ,กลุ่มงานช่วยอำนวยการ,สำนักงานเลขาธิการ,จองสำเร็จ,2025-09-23 14:28:36
704,2025-10-03,10:00-12:00,Zoom Meeting Room 2,การประชุมคณะกรรมการพิจารณาเขตพื้นที่เพื่อเป็นอาคารสำนักงาน ปปท.เขต 4 (ส่วนหน้า) ครั้งที่ 2/2568,,8,2025-10-02 11:10:43,จารุณี ชูสุวรรณ์,กลุ่มงานคลัง,สำนักงานเลขาธิการ,จองสำเร็จ,2025-10-02 11:10:43
705,2025-10-03,13:00-16:30,ห้องไต่สวน2,สอบพยาน,,3,2025-09-08 13:34:50,ประภัสรา นิลจันทึก,กลุ่มงานปราบปรามการทุจริตในองค์กรปกครองส่วนท้องถิ่น 2,กองปราบปรามการทุจริตในภาครัฐ 4,จองสำเร็จ,2025-09-08 13:34:50
706,2025-10-06,08:00-12:00,ห้องไต่สวน2,สอบผู้ร้อง,นายภัทร,3,2025-09-29 09:48:27,จิราพรรณ ทาบุราญ,กลุ่มงานปราบปรามการทุจริตในองค์กรปกครองส่วนท้องถิ่น 2,กองปราบปรามการทุจริตในภาครัฐ 4,จองสำเร็จ,2025-09-29 09:48:27
707,2025-10-06,08:00-18:00,ห้องอบรม (กพบ),สตง.ตรวจสอบประจำปี 2568,,5,2025-07-24 16:01:32,นพรัตน์ บุญสำเร็จ,กลุ่มงานคลัง,สำนักงานเลขาธิการ,จองสำเร็จ,2025-07-24 16:01:32
708,2025-10-06,08:30-16:30,ห้องไต่สวน1,สอบพยาน,,1,2025-08-05 11:10:55,นิดา พินิจวิกรานต์,กลุ่มงานปราบปรามการทุจริตกระทรวงด้านความมั่นคง 1,กองปราบปรามการทุจริตในภาครัฐ 1,จองสำเร็จ,2025-08-05 11:10:55
709,2025-10-06,10:00-12:00,ห้องประชุม(ห้องเล็ก 31),การพัฒนาระบบรองรับการตรวจสอบภายใน,ผอ.กตน.,8,2025-09-29 10:11:48,พิมพ์จุฑา ชินวงศ์สกุล,กลุ่มตรวจสอบภายใน,กลุ่มตรวจสอบภายใน,จองสำเร็จ,2025-09-29 10:11:48
710,2025-10-06,13:00-14:00,Zoom Meeting Room 6,ประชุมคณะกรรมการ KM,นายสวัสดิ์ นาสมฝัน,10,2025-10-06 10:09:09,ธันย์นภัทร ศรีนันทา,กลุ่มงานป้องกันการทุจริตในภาครัฐ,สำนักงานป้องกันและปราบปรามการทุจริตในภาครัฐ เขต 4,จองสำเร็จ,2025-10-06 10:09:09
711,2025-10-07,08:00-12:00,ห้องประชุม 2 (ห้องเล็ก),ประชุมชี้แจงคณะกรรมการกฤษฎีกา,,5,2025-10-02 15:46:56,จิรวดี จินดาพล,กลุ่มงานกฎหมาย,กองกฎหมาย,จองสำเร็จ,2025-10-02 15:46:56
712,2025-10-07,08:00-17:00,ห้องไต่สวน1,ไต่สวนข้อเท็จจริง,,1,2025-09-25 10:27:35,อภิรักษ์ คงคาเพชร,กลุ่มงานปราบปรามการทุจริตในองค์กรปกครองส่วนท้องถิ่น 2,กองปราบปรามการทุจริตในภาครัฐ 4,จองสำเร็จ,2025-09-25 10:27:35
713,2025-10-07,08:00-12:45,ห้องไต่สวน2,สอบสวน,,4,2025-10-03 11:27:10,สัณหภณ พงษ์ประเสริฐ,กลุ่มงานปราบปรามการทุจริตกระทรวงด้านความมั่นคง 2,กองปราบปรามการทุจริตในภาครัฐ 1,จองสำเร็จ,2025-10-03 11:27:10
714,2025-10-07,08:00-17:00,ห้องไต่สวน4,สอบถ้อยคำพยาน สำนวนการไต่สวนเบื้องต้น,,1,2025-09-23 08:59:57,ชรินดา มีแป้น,กลุ่มงานปราบปรามการทุจริตหน่วยงานในสังกัดสำนักนายกรัฐมนตรี,กองปราบปรามการทุจริตในภาครัฐ 5,จองสำเร็จ,2025-09-23 08:59:57
715,2025-10-07,08:00-18:00,ห้องอบรม (กพบ),สตง.ตรวจสอบประจำปี 2568,,5,2025-07-24 16:03:39,นพรัตน์ บุญสำเร็จ,กลุ่มงานคลัง,สำนักงานเลขาธิการ,จองสำเร็จ,2025-07-24 16:03:39
716,2025-10-07,13:00-16:00,ห้องไต่สวน2,สอบพยาน,,1,2025-10-06 16:08:28,ศรัทธา ศรมณี,กลุ่มงานปราบปรามการทุจริตหน่วยงานไม่สังกัดกระทรวง ทบวง สำนักนายกรัฐมนตรี,กองปราบปรามการทุจริตในภาครัฐ 5,จองสำเร็จ,2025-10-06 16:08:28
717,2025-10-07,13:00-16:30,ห้องไต่สวน3,สอบพยาน (คุ้มครองพยาน),นางนรินยา สุภาพพูล,4,2025-10-06 15:33:28,สาริกา หันจางสิทธิ์,กลุ่มงานปราบปรามการทุจริตในองค์กรปกครองส่วนท้องถิ่น 2,กองปราบปรามการทุจริตในภาครัฐ 4,จองสำเร็จ,2025-10-06 15:33:28
718,2025-10-07,13:30-16:00,Zoom Meeting Room 3,ประชุมเบิกจ่ายเงินผ่านระบบ E-Office,,10,2025-10-07 13:29:42,บุญกฤษณ์ มหเพลินจิตต์,กลุ่มงานคลัง,สำนักงานเลขาธิการ,จองสำเร็จ,2025-10-07 13:29:42
719,2025-10-08,08:00-18:00,ห้องอบรม (กพบ),สตง.ตรวจสอบประจำปี 2568,,5,2025-07-24 16:04:23,นพรัตน์ บุญสำเร็จ,กลุ่มงานคลัง,สำนักงานเลขาธิการ,จองสำเร็จ,2025-07-24 16:04:23
720,2025-10-08,08:30-12:00,ห้องประชุม(ห้องเล็ก 31),ประชุม กปก.,,15,2025-10-07 09:40:34,สุริยะ พรหมแก้ว,ฝ่ายบริหารทั่วไป,กองป้องกันการทุจริตในภาครัฐ,จองสำเร็จ,2025-10-07 09:40:34
721,2025-10-08,08:30-13:00,OneConferenceRoom 2,ประชุมคณะกรรมการ ป.ป.ท. ประจำเดือน ตุลาคม 2568 ครั้งที่ 75/68,นายอำนาจ พวงชมพู,15,2025-09-23 09:51:02,ลลิตตา พานิชผล,กลุ่มงานบริหารคดีและบริหารทั่วไป,กองบริหารคดี,จองสำเร็จ,2025-09-23 09:51:02
722,2025-10-08,08:30-13:00,ห้องประชุมคณะกรรมการ,ประชุมคณะกรรมการ ป.ป.ท. ประจำเดือน ตุลาคม 2568 ครั้งที่ 75/68,นายอำนาจ พวงชมภู,15,2025-09-23 09:25:32,ลลิตตา พานิชผล,กลุ่มงานบริหารคดีและบริหารทั่วไป,กองบริหารคดี,จองสำเร็จ,2025-09-23 09:25:32
723,2025-10-08,09:00-16:30,ห้องประชุม 2 (ห้องเล็ก),การประชุมคณะอนุกรรมการกลั่นกรองฯ คณะที่ 4,พลโท กิตติยุทธ กิตติยุทธโยธิน,9,2025-09-05 11:14:42,ณัฐฐพิชา นาวินธรรม,กลุ่มงานคำวินิจฉัยและมติคณะกรรมการ,กองบริหารคดี,จองสำเร็จ,2025-09-05 11:14:42
724,2025-10-08,09:00-12:00,ห้องไต่สวน3,สอบพยาน,,3,2025-10-06 16:05:17,ศรัทธา ศรมณี,กลุ่มงานปราบปรามการทุจริตหน่วยงานไม่สังกัดกระทรวง ทบวง สำนักนายกรัฐมนตรี,กองปราบปรามการทุจริตในภาครัฐ 5,จองสำเร็จ,2025-10-06 16:06:24
725,2025-10-08,09:00-16:30,OneConferenceRoom 1,การประชุมคณะอนุกรรมการกลั่นกรองฯ คณะที่ 4,พลโท กิตติยุทธ กิตติยุทธโยธิน,9,2025-09-05 11:14:42,ณัฐฐพิชา นาวินธรรม,กลุ่มงานคำวินิจฉัยและมติคณะกรรมการ,กองบริหารคดี,จองสำเร็จ,2025-09-05 11:14:42
726,2025-10-08,13:15-16:00,Zoom Meeting Room 2,ประชุมกอง กปท.3 (ออนไลน์),,5,2025-10-07 09:34:08,ลภัสรดา แก้วทองมี,กองปราบปรามการทุจริตในภาครัฐ 3,กองปราบปรามการทุจริตในภาครัฐ 3,จองสำเร็จ,2025-10-07 09:34:08
727,2025-10-08,13:30-16:00,ห้องประชุม(ห้องเล็ก 31),ประชุมกอง กปท.3,,10,2025-10-07 09:35:15,ลภัสรดา แก้วทองมี,กองปราบปรามการทุจริตในภาครัฐ 3,กองปราบปรามการทุจริตในภาครัฐ 3,จองสำเร็จ,2025-10-07 09:35:15
728,2025-10-08,13:30-15:00,OneConferenceRoom 3,ประชุมคณะอนุกรรมการไต่สวน เรื่องที่ 110850/2561,พ.ต.อ.ธวัช ประสพพระ,4,2025-10-01 14:38:41,ชุติมน แปงคำเรือง,กลุ่มงานปราบปรามการทุจริตในภาครัฐ 2,สำนักงานป้องกันและปราบปรามการทุจริตในภาครัฐ เขต 6,จองสำเร็จ,2025-10-01 14:38:41
729,2025-10-08,15:45-17:15,Zoom Meeting Room 3,เทสระบบ,,1,2025-10-08 15:44:50,รัศนันท์ พินธุประดิษฐกร,กลุ่มงานบริหารคดีและบริหารทั่วไป,สำนักงานป้องกันและปราบปรามการทุจริตในภาครัฐ เขต 7,จองสำเร็จ,2025-10-08 15:44:50
730,2025-10-08,15:45-17:00,OneConferenceRoom 3,เทสระบบ,,1,2025-10-08 15:38:50,รัศนันท์ พินธุประดิษฐกร,กลุ่มงานบริหารคดีและบริหารทั่วไป,สำนักงานป้องกันและปราบปรามการทุจริตในภาครัฐ เขต 7,จองสำเร็จ,2025-10-08 15:38:50
731,2025-10-09,08:00-16:00,ห้องไต่สวน1,สอบปากคำผู้ร้อง,,1,2025-09-29 10:26:46,เริงจิตร ฉิมพินิจ,กลุ่มงานปราบปรามการทุจริตกระทรวงด้านความมั่นคง 1,กองปราบปรามการทุจริตในภาครัฐ 1,จองสำเร็จ,2025-09-29 10:26:46
732,2025-10-09,08:00-17:00,ห้องไต่สวน3,สอบพยาน,,1,2025-10-01 10:28:56,ศรัทธา ศรมณี,กลุ่มงานปราบปรามการทุจริตหน่วยงานไม่สังกัดกระทรวง ทบวง สำนักนายกรัฐมนตรี,กองปราบปรามการทุจริตในภาครัฐ 5,จองสำเร็จ,2025-10-01 10:28:56
733,2025-10-09,08:00-17:00,ห้องไต่สวน4,สอบพยาน,,2,2025-09-29 11:20:29,พงศ์ศักดิ์ น้ำขาว,กลุ่มงานปราบปรามการทุจริตหน่วยงานไม่สังกัดกระทรวง ทบวง สำนักนายกรัฐมนตรี,กองปราบปรามการทุจริตในภาครัฐ 5,จองสำเร็จ,2025-09-29 11:20:29
734,2025-10-09,08:00-18:00,ห้องอบรม (กพบ),สตง.ตรวจสอบประจำปี 2568,,5,2025-07-24 16:05:01,นพรัตน์ บุญสำเร็จ,กลุ่มงานคลัง,สำนักงานเลขาธิการ,จองสำเร็จ,2025-07-24 16:05:01
735,2025-10-09,08:30-15:30,ห้องประชุม 2 (ห้องเล็ก),ประชุมคณะอนุกรรมการกลั่นกรองฯ คณะที่ 7,นายพิพัฒน์ วงศาโรจน์,8,2025-09-16 09:15:05,ศิริวิมล พิมพ์โคตร,กลุ่มงานกิจการคณะกรรมการ,กองบริหารคดี,จองสำเร็จ,2025-09-18 13:56:38
736,2025-10-09,08:30-16:30,ห้องไต่สวน2,เเจ้งข้อกล่าวหา,นางสาววรรณฉวี ชื้นจะบก,7,2025-10-01 10:53:35,รัศนันท์ พินธุประดิษฐกร,กลุ่มงานบริหารคดีและบริหารทั่วไป,สำนักงานป้องกันและปราบปรามการทุจริตในภาครัฐ เขต 7,จองสำเร็จ,2025-10-01 10:53:35
737,2025-10-09,08:30-13:00,OneConferenceRoom 1,ประชุมคณะกรรมการ ป.ป.ท. ประจำเดือน ตุลาคม 2568 ครั้งที่ 76/68,นายอำนาจ พวงชมพู,15,2025-09-23 09:51:52,ลลิตตา พานิชผล,กลุ่มงานบริหารคดีและบริหารทั่วไป,กองบริหารคดี,จองสำเร็จ,2025-09-23 09:51:52
738,2025-10-09,08:30-13:00,ห้องประชุมคณะกรรมการ,ประชุมคณะกรรมการ ป.ป.ท. ประจำเดือน ตุลาคม 2568 ครั้งที่ 76/68,นายอำนาจ พวงชมภู,15,2025-09-23 09:26:52,ลลิตตา พานิชผล,กลุ่มงานบริหารคดีและบริหารทั่วไป,กองบริหารคดี,จองสำเร็จ,2025-09-23 09:26:52
739,2025-10-09,09:00-16:30,Zoom Meeting Room 1,ประชุมคกก.ตรวจรับงานจ้างที่ปรึกษา CPI (งวดงานที่ 1) (แก้ไขครั้งที่ 3),นางสาวกิตวิภา สุวรรณรัตน์,7,2025-10-03 12:49:08,กิริยา พิชยวัฒน์,กลุ่มความร่วมมือและพัฒนานวัตกรรมความโปร่งใสในภาครัฐ,กองการต่างประเทศ,จองสำเร็จ,2025-10-03 12:49:08
740,2025-10-09,09:00-12:30,ห้องประชุม(ห้องเล็ก 31),สอบผู้ร้อง,,1,2025-10-01 13:57:09,นวพร ปั้นจันทร์,กลุ่มงานปราบปรามการทุจริตหน่วยงานในสังกัดสำนักนายกรัฐมนตรี,กองปราบปรามการทุจริตในภาครัฐ 5,จองสำเร็จ,2025-10-01 13:57:09
741,2025-10-09,09:00-16:30,ห้องประชุม(กยผ),ประชุมคกก.ตรวจรับงานจ้างที่ปรึกษา CPI (งวดงานที่ 1) (แก้ไขครั้งที่ 3),นางสาวกิตวิภา สุวรรณรัตน์,7,2025-10-03 12:47:31,กิริยา พิชยวัฒน์,กลุ่มความร่วมมือและพัฒนานวัตกรรมความโปร่งใสในภาครัฐ,กองการต่างประเทศ,จองสำเร็จ,2025-10-03 12:49:40
742,2025-10-09,09:00-12:00,ห้องประชุม (กปท.4),สอบพยาน,,6,2025-10-02 16:34:57,ดวงใจ เชยชม,กลุ่มงานปราบปรามการทุจริตในองค์กรปกครองส่วนท้องถิ่น 1,กองปราบปรามการทุจริตในภาครัฐ 4,จองสำเร็จ,2025-10-02 18:45:12
743,2025-10-09,10:00-12:00,Zoom Meeting Room 9,การประชุมการพัฒนาระบบไต่สวนข้อเท็จจริง เกี่ยวกับแบบรับรองผลการปฏิบัติงานของพนักงาน ป.ป.ท.,ผอ.สลธ,1,2025-10-07 09:37:55,ณัฐกฤตา วงษ์สายตา,กลุ่มงานบริหารเทคโนโลยีและพัฒนาระบบ,ศูนย์เทคโนโลยีสารสนเทศและการสื่อสาร,จองสำเร็จ,2025-10-07 09:37:55
744,2025-10-09,13:00-16:30,Zoom Meeting Room 2,ประชุมภายในสำนักงาน ปปท. เขต 3 ประจำเดือนตุลาคม 2568,,20,2025-10-07 21:34:41,แก้วกาญจน์ ป้อมอุ่นเรือน,กลุ่มงานบริหารคดีและบริหารทั่วไป,สำนักงานป้องกันและปราบปรามการทุจริตในภาครัฐ เขต 3,จองสำเร็จ,2025-10-07 21:34:41
745,2025-10-09,13:30-17:00,ห้องประชุมคณะกรรมการ,ประชุมคณะอนุกรรมการกำกับติดตามและให้คำปรึกษาด้านคดี  ครั้งที่ 1-1/2569,นายอำนาจ พวงชมภู ประธานกรรมการ ป.ป.ท.,9,2025-10-06 16:21:49,พิศาล เฝื่อชาติ,กลุ่มงานคำวินิจฉัยและมติคณะกรรมการ,กองบริหารคดี,จองสำเร็จ,2025-10-06 16:25:35
746,2025-10-09,15:00-17:30,Zoom Meeting Room 6,ประชุมติดตามสำนวนคดี,,15,2025-10-09 14:51:01,ทวีศักดิ์ สุขแก้ว,กลุ่มงานบริหารคดีและบริหารทั่วไป,สำนักงานป้องกันและปราบปรามการทุจริตในภาครัฐ เขต 9,จองสำเร็จ,2025-10-09 14:51:01
747,2025-10-10,08:00-12:00,Zoom Meeting Room 1,หารือเกี่ยวกับมาตรการแก้ไขปัญหาการทำธุรกิจถ่ายทำภาพยนตร์ต่างประเทศในรปะเทศไทย,,10,2025-09-30 15:36:34,นวีนา วัฒนประดิษฐ์,กลุ่มงานปราบปรามการทุจริตในองค์กรปกครองส่วนท้องถิ่น 1,กองปราบปรามการทุจริตในภาครัฐ 4,จองสำเร็จ,2025-09-30 15:36:34
748,2025-10-10,08:00-12:00,ห้องประชุม 2 (ห้องเล็ก),หารือเกี่ยวกับมาตรการแก้ไขปัญหาการทำธุรกิจถ่ายทำภาพยนตร์ต่างประเทศในรปะเทศไทย,,10,2025-09-30 15:34:55,นวีนา วัฒนประดิษฐ์,กลุ่มงานปราบปรามการทุจริตในองค์กรปกครองส่วนท้องถิ่น 1,กองปราบปรามการทุจริตในภาครัฐ 4,จองสำเร็จ,2025-09-30 15:34:55
749,2025-10-10,08:00-12:45,ห้องไต่สวน1,สอบปากคำพยาน,,3,2025-10-03 10:17:39,สัณหภณ พงษ์ประเสริฐ,กลุ่มงานปราบปรามการทุจริตกระทรวงด้านความมั่นคง 2,กองปราบปรามการทุจริตในภาครัฐ 1,จองสำเร็จ,2025-10-03 10:17:39
750,2025-10-10,08:00-17:00,ห้องไต่สวน3,สอบพยาน,,1,2025-10-01 10:29:33,ศรัทธา ศรมณี,กลุ่มงานปราบปรามการทุจริตหน่วยงานไม่สังกัดกระทรวง ทบวง สำนักนายกรัฐมนตรี,กองปราบปรามการทุจริตในภาครัฐ 5,จองสำเร็จ,2025-10-01 10:29:33
751,2025-10-10,08:00-18:00,ห้องอบรม (กพบ),สตง.ตรวจสอบประจำปี 2568,,5,2025-07-24 16:05:36,นพรัตน์ บุญสำเร็จ,กลุ่มงานคลัง,สำนักงานเลขาธิการ,จองสำเร็จ,2025-07-24 16:05:36
752,2025-10-10,09:00-12:00,ห้องไต่สวน2,สอบพยาน,,4,2025-10-02 18:22:18,ดวงใจ เชยชม,กลุ่มงานปราบปรามการทุจริตในองค์กรปกครองส่วนท้องถิ่น 1,กองปราบปรามการทุจริตในภาครัฐ 4,จองสำเร็จ,2025-10-02 18:22:18
753,2025-10-10,13:00-16:30,ห้องประชุม 2 (ห้องเล็ก),ประชุมคัดเลือกคณะกรรมการจริยธรรมประจำสำนักงาน ป.ป.ท.,,5,2025-09-29 16:15:42,พัทธนันท์ ประสิทธิวงษ์,กลุ่มงานจริยธรรม,ศูนย์ปฏิบัติการต่อต้านการทุจริต,จองสำเร็จ,2025-09-29 16:15:42
754,2025-10-14,08:00-16:30,Zoom Meeting Room 1,ประชุมโครงการปี 2570,นายภูมิวิศาล เกษมศุข,1,2025-09-23 09:26:18,สลักจิต ณ ลำพูน,ฝ่ายบริหารทั่วไป,กองยุทธศาสตร์และแผนงาน,จองสำเร็จ,2025-09-23 09:26:18
755,2025-10-14,08:00-16:30,ห้องประชุม 1 (ห้องใหญ่),ประชุมโครงการปี 2570,นายภูมิวิศาล เกษมศุข,40,2025-09-23 09:25:09,สลักจิต ณ ลำพูน,ฝ่ายบริหารทั่วไป,กองยุทธศาสตร์และแผนงาน,จองสำเร็จ,2025-09-23 09:25:09
756,2025-10-14,08:00-18:00,ห้องอบรม (กพบ),สตง.ตรวจสอบประจำปี 2568,,5,2025-07-24 16:06:16,นพรัตน์ บุญสำเร็จ,กลุ่มงานคลัง,สำนักงานเลขาธิการ,จองสำเร็จ,2025-07-24 16:06:16
757,2025-10-14,08:30-16:30,ห้องไต่สวน1,รับทราบการชี้แจงแก้ข้อกล่าวหา,ร.อ. ณัฐวัฒน์ จิตรสำเริง,4,2025-09-15 09:44:14,อนาวิล เกตพันธ์,กลุ่มงานปราบปรามการทุจริตในองค์กรปกครองส่วนท้องถิ่น 1,กองปราบปรามการทุจริตในภาครัฐ 4,จองสำเร็จ,2025-09-15 09:44:14
758,2025-10-14,09:30-15:30,Zoom Meeting Room 2,ตรวจรับระบบความเสี่ยงงวด 3,,10,2025-10-14 10:24:19,ธนภัทร์ ไชยพิตร,ศูนย์เทคโนโลยีสารสนเทศและการสื่อสาร,ศูนย์เทคโนโลยีสารสนเทศและการสื่อสาร,จองสำเร็จ,2025-10-14 10:24:19
759,2025-10-14,10:00-11:00,OneConferenceRoom 1,ประชุมการไต่สวน เรื่องที่ ๐๑๑๕/๒๕๖๕,นายทองสุข ณ พล,4,2025-10-08 11:00:24,เชิงชาย มณีฤทธิ์,กลุ่มงานปราบปรามการทุจริตในภาครัฐ 1,สำนักงานป้องกันและปราบปรามการทุจริตในภาครัฐ เขต 4,จองสำเร็จ,2025-10-08 11:01:07
760,2025-10-14,12:00-16:00,ห้องไต่สวน3,สอบพยาน,,3,2025-10-14 10:17:57,ศรัทธา ศรมณี,กลุ่มงานปราบปรามการทุจริตหน่วยงานไม่สังกัดกระทรวง ทบวง สำนักนายกรัฐมนตรี,กองปราบปรามการทุจริตในภาครัฐ 5,จองสำเร็จ,2025-10-14 10:17:57
761,2025-10-14,13:00-17:00,ห้องประชุม(ห้องเล็ก 31),ประชุมการขับเคลื่อนงาน กลุ่มงานเครือข่ายฯ,ว่าที่ ร.ท.เจนรบ  พละเดช,1,2025-10-14 11:01:41,ญาณัชชา นนทจันทร์,กลุ่มงานเครือข่ายภาคประชาสังคมป้องกันการทุจริต,กองป้องกันการทุจริตในภาครัฐ,จองสำเร็จ,2025-10-14 11:01:41
762,2025-10-15,08:00-16:30,Zoom Meeting Room 1,ประชุมโครงการปี 2570,นายภูมิวิศาล เกษมศุข,50,2025-09-23 07:03:53,สลักจิต ณ ลำพูน,ฝ่ายบริหารทั่วไป,กองยุทธศาสตร์และแผนงาน,จองสำเร็จ,2025-09-23 07:03:53
763,2025-10-15,08:00-16:00,ห้องไต่สวน2,สอบพยาน,,4,2025-10-07 13:53:27,ชัยนาท น้อยสอน,กลุ่มงานปราบปรามการทุจริตหน่วยงานในสังกัดสำนักนายกรัฐมนตรี,กองปราบปรามการทุจริตในภาครัฐ 5,จองสำเร็จ,2025-10-07 13:53:27
764,2025-10-15,08:00-17:00,ห้องไต่สวน3,สอบพยาน,,3,2025-10-03 09:43:08,ศรัทธา ศรมณี,กลุ่มงานปราบปรามการทุจริตหน่วยงานไม่สังกัดกระทรวง ทบวง สำนักนายกรัฐมนตรี,กองปราบปรามการทุจริตในภาครัฐ 5,จองสำเร็จ,2025-10-03 09:43:08
765,2025-10-15,08:00-12:00,ห้องไต่สวน4,สอบปากคำผู้ร้องเรียน,,1,2025-10-07 08:49:53,ชรินดา มีแป้น,กลุ่มงานปราบปรามการทุจริตหน่วยงานในสังกัดสำนักนายกรัฐมนตรี,กองปราบปรามการทุจริตในภาครัฐ 5,จองสำเร็จ,2025-10-07 08:49:53
766,2025-10-15,08:00-16:30,ห้องประชุม 1 (ห้องใหญ่),ประชุมโครงการปี 2570,นายภูมิวิศาล  เกษมศุข,40,2025-09-23 06:59:59,สลักจิต ณ ลำพูน,ฝ่ายบริหารทั่วไป,กองยุทธศาสตร์และแผนงาน,จองสำเร็จ,2025-09-23 06:59:59
767,2025-10-15,08:00-18:00,ห้องอบรม (กพบ),สตง.ตรวจสอบประจำปี 2568,,5,2025-07-24 16:06:56,นพรัตน์ บุญสำเร็จ,กลุ่มงานคลัง,สำนักงานเลขาธิการ,จองสำเร็จ,2025-07-24 16:06:56
768,2025-10-15,09:00-12:00,ห้องประชุม (กปท.4),สอบพยาน,พ ต ท งามพล,3,2025-10-15 08:11:22,อนาวิล เกตพันธ์,กลุ่มงานปราบปรามการทุจริตในองค์กรปกครองส่วนท้องถิ่น 1,กองปราบปรามการทุจริตในภาครัฐ 4,จองสำเร็จ,2025-10-15 08:11:22
769,2025-10-15,09:00-12:00,Zoom Meeting Room 2,คณะทำงาน OECD ป.ป.ท.,-,10,2025-10-08 13:23:29,ภูธนิตย์ สุขจิตร์,ฝ่ายบริหารทั่วไป,กองการต่างประเทศ,จองสำเร็จ,2025-10-08 13:23:29
770,2025-10-15,09:30-12:00,ห้องประชุม(กยผ),คณะทำงาน OECD ป.ป.ท.,-,13,2025-10-08 13:22:17,ภูธนิตย์ สุขจิตร์,ฝ่ายบริหารทั่วไป,กองการต่างประเทศ,จองสำเร็จ,2025-10-08 13:22:17
771,2025-10-15,10:00-16:30,ห้องไต่สวน1,สอบผู้ร้อง,-,1,2025-10-10 10:03:41,สุนิสา รักษา,กลุ่มงานปราบปรามการทุจริตในองค์กรปกครองส่วนท้องถิ่น 1,กองปราบปรามการทุจริตในภาครัฐ 4,จองสำเร็จ,2025-10-10 10:03:41
772,2025-10-15,13:00-16:00,ห้องไต่สวน4,สอบพยาน,_,1,2025-10-15 10:31:35,นันทการ มีเหม,กลุ่มงานปราบปรามการทุจริตในภาครัฐ 1,สำนักงานป้องกันและปราบปรามการทุจริตในภาครัฐ เขต 1,จองสำเร็จ,2025-10-15 10:31:35
773,2025-10-16,08:00-17:00,ห้องไต่สวน1,สอบถ้อยคำพยาน,ระวิพรรณ จินดาดวง,1,2025-10-02 16:28:04,ระวิพรรณ จินดาดวง,กลุ่มงานปราบปรามการทุจริตกระทรวงด้านความมั่นคง 1,กองปราบปรามการทุจริตในภาครัฐ 1,จองสำเร็จ,2025-10-02 16:28:04
774,2025-10-16,08:00-18:00,ห้องไต่สวน3,สอบพยาน,,1,2025-10-03 09:43:49,ศรัทธา ศรมณี,กลุ่มงานปราบปรามการทุจริตหน่วยงานไม่สังกัดกระทรวง ทบวง สำนักนายกรัฐมนตรี,กองปราบปรามการทุจริตในภาครัฐ 5,จองสำเร็จ,2025-10-03 09:43:49
775,2025-10-16,08:00-18:00,ห้องอบรม (กพบ),สตง.ตรวจสอบประจำปี 2568,,5,2025-07-24 16:07:27,นพรัตน์ บุญสำเร็จ,กลุ่มงานคลัง,สำนักงานเลขาธิการ,จองสำเร็จ,2025-07-24 16:07:27
776,2025-10-16,08:30-16:30,ห้องประชุม(ห้องเล็ก 31),สอบพยาน,,5,2025-10-10 15:44:37,สุพงษ์ธนา อธิเดชไพบูลย์,กลุ่มงานปราบปรามการทุจริตในภาครัฐ 3,สำนักงานป้องกันและปราบปรามการทุจริตในภาครัฐ เขต 1,จองสำเร็จ,2025-10-10 15:44:37
777,2025-10-16,08:30-13:00,OneConferenceRoom 1,ประชุมคณะกรรมการ ป.ป.ท. ประจำเดือน ตุลาคม 2568 ครั้งที่ 77/2568,นายอำนาจ พวงชมพู,15,2025-09-23 09:53:02,ลลิตตา พานิชผล,กลุ่มงานบริหารคดีและบริหารทั่วไป,กองบริหารคดี,จองสำเร็จ,2025-09-23 09:53:02
778,2025-10-16,08:30-13:00,ห้องประชุมคณะกรรมการ,ประชุมคณะกรรมการ ป.ป.ท. ประจำเดือน ตุลาคม 2568 ครั้งที่ 77/68,นายอำนาจ พวงชมภู,15,2025-09-23 09:27:51,ลลิตตา พานิชผล,กลุ่มงานบริหารคดีและบริหารทั่วไป,กองบริหารคดี,จองสำเร็จ,2025-09-23 09:27:51
779,2025-10-16,09:00-15:00,ห้องไต่สวน4,ไต่สวนเบื้องต้น,ไม่มี,3,2025-10-09 15:02:32,กาญจณา นาวิกนันทน์,กลุ่มงานปราบปรามการทุจริตกระทรวงด้านความมั่นคง 2,กองปราบปรามการทุจริตในภาครัฐ 1,จองสำเร็จ,2025-10-09 15:02:32
780,2025-10-16,10:00-12:00,ห้องไต่สวน2,สอบปากคำผู้ร้อง,,3,2025-10-07 08:44:58,กรีฑา พิทักษ์วงศ์,กลุ่มงานปราบปรามการทุจริตในองค์กรปกครองส่วนท้องถิ่น 2,กองปราบปรามการทุจริตในภาครัฐ 4,จองสำเร็จ,2025-10-07 08:44:58
781,2025-10-16,10:00-17:00,ห้องประชุม (กปท.4),ประชุมคณะกรรมการตรวจรับพัสดุโครงการ E-learning,,5,2025-10-15 15:34:55,นิติพงศ์ รัตนสุภา,กลุ่มงานวิชาการและพัฒนานวัตกรรมด้านการป้องกัน,กองป้องกันการทุจริตในภาครัฐ,จองสำเร็จ,2025-10-15 15:34:55
782,2025-10-16,12:30-15:00,ห้องประชุม 2 (ห้องเล็ก),การประชุมคณะกรรมการประเมินบุคคล,-,5,2025-10-08 14:53:27,ตติยา แก้วละเอียด,กลุ่มงานบริหารงานบุคคล,สำนักงานเลขาธิการ,จองสำเร็จ,2025-10-08 14:53:27
783,2025-10-16,13:00-17:00,ห้องไต่สวน2,สอบพยาน,,1,2025-10-16 10:10:15,อนาวิล เกตพันธ์,กลุ่มงานปราบปรามการทุจริตในองค์กรปกครองส่วนท้องถิ่น 1,กองปราบปรามการทุจริตในภาครัฐ 4,จองสำเร็จ,2025-10-16 10:10:15
784,2025-10-16,13:30-16:30,ห้องประชุม 1 (ห้องใหญ่),ขอเชิญประชุมการตรวจสอบพัสดุประจำปีงบประมาณ พ.ศ. 2568,,38,2025-10-09 07:39:48,จารุณี ชูสุวรรณ์,กลุ่มงานคลัง,สำนักงานเลขาธิการ,จองสำเร็จ,2025-10-09 07:39:48
785,2025-10-16,15:00-17:00,ห้องไต่สวน4,สอบพยาน,-,1,2025-10-16 11:54:51,นันทการ มีเหม,กลุ่มงานปราบปรามการทุจริตในภาครัฐ 1,สำนักงานป้องกันและปราบปรามการทุจริตในภาครัฐ เขต 1,จองสำเร็จ,2025-10-16 11:54:51
786,2025-10-17,08:00-17:00,ห้องไต่สวน1,สอบถ้อยคำพยาน,ระวิพรรณ จินดาดวง,1,2025-10-02 16:29:09,ระวิพรรณ จินดาดวง,กลุ่มงานปราบปรามการทุจริตกระทรวงด้านความมั่นคง 1,กองปราบปรามการทุจริตในภาครัฐ 1,จองสำเร็จ,2025-10-02 16:29:09
787,2025-10-17,08:00-12:00,ห้องไต่สวน2,สอบพยาน,,5,2025-10-02 15:33:29,ดวงใจ เชยชม,กลุ่มงานปราบปรามการทุจริตในองค์กรปกครองส่วนท้องถิ่น 1,กองปราบปรามการทุจริตในภาครัฐ 4,จองสำเร็จ,2025-10-02 15:33:29
788,2025-10-17,08:00-17:00,ห้องไต่สวน3,สอบพยาน,,1,2025-10-01 15:17:38,ศรัทธา ศรมณี,กลุ่มงานปราบปรามการทุจริตหน่วยงานไม่สังกัดกระทรวง ทบวง สำนักนายกรัฐมนตรี,กองปราบปรามการทุจริตในภาครัฐ 5,จองสำเร็จ,2025-10-01 15:17:38
789,2025-10-17,08:00-18:00,ห้องอบรม (กพบ),สตง.ตรวจสอบประจำปี 2568,,5,2025-07-24 16:08:00,นพรัตน์ บุญสำเร็จ,กลุ่มงานคลัง,สำนักงานเลขาธิการ,จองสำเร็จ,2025-07-24 16:08:00
790,2025-10-17,08:00-13:00,OneConferenceRoom 1,ประชุมคณะกรรมการ ป.ป.ท. ประจำเดือน ตุลาคม 2568 ครั้งที่ 78/68,นายอำนาจ พวงชมภู,15,2025-10-08 10:37:14,ลลิตตา พานิชผล,กลุ่มงานบริหารคดีและบริหารทั่วไป,กองบริหารคดี,จองสำเร็จ,2025-10-08 10:37:14
791,2025-10-17,08:30-16:30,ห้องประชุม 1 (ห้องใหญ่),ทดสอบระบบห้องประชุม,,1,2025-10-16 17:22:04,เลอสันต์ หมู่หมื่นศรี,กลุ่มงานคอมพิวเตอร์และการสื่อสาร,ศูนย์เทคโนโลยีสารสนเทศและการสื่อสาร,จองสำเร็จ,2025-10-16 17:22:04
792,2025-10-17,08:30-13:00,ห้องประชุมคณะกรรมการ,ประชุมคณะกรรมการ ป.ป.ท. ประจำเดือน ตุลาคม 2568 ครั้งที่ 78/68,นายอำนาจ พวงชมภู,15,2025-09-23 09:28:32,ลลิตตา พานิชผล,กลุ่มงานบริหารคดีและบริหารทั่วไป,กองบริหารคดี,จองสำเร็จ,2025-09-23 09:28:32
793,2025-10-17,08:45-12:00,ห้องประชุม(ห้องเล็ก 31),ประชุม กปก.,,16,2025-10-08 15:28:10,สุริยะ พรหมแก้ว,ฝ่ายบริหารทั่วไป,กองป้องกันการทุจริตในภาครัฐ,จองสำเร็จ,2025-10-08 15:28:10
794,2025-10-17,09:00-12:00,ห้องประชุม 2 (ห้องเล็ก),ประชุมคณะกรรมการตรวจรับพัสดุโครงการ E-learning,,5,2025-10-15 15:40:34,นิติพงศ์ รัตนสุภา,กลุ่มงานวิชาการและพัฒนานวัตกรรมด้านการป้องกัน,กองป้องกันการทุจริตในภาครัฐ,จองสำเร็จ,2025-10-15 15:40:34
795,2025-10-17,09:00-16:30,ห้องไต่สวน4,ไต่สวนพยาน,พ.ต.อ.ประหยัด เงางาม,3,2025-10-08 16:28:49,นันทการ มีเหม,กลุ่มงานปราบปรามการทุจริตในภาครัฐ 1,สำนักงานป้องกันและปราบปรามการทุจริตในภาครัฐ เขต 1,จองสำเร็จ,2025-10-08 16:29:11
796,2025-10-17,10:00-12:00,ห้องประชุม (กปท.4),สอบปากคำ,,1,2025-10-09 13:18:48,กรีฑา พิทักษ์วงศ์,กลุ่มงานปราบปรามการทุจริตในองค์กรปกครองส่วนท้องถิ่น 2,กองปราบปรามการทุจริตในภาครัฐ 4,จองสำเร็จ,2025-10-09 13:18:48
797,2025-10-17,10:15-12:15,OneConferenceRoom 2,ประชุมคณะอนุกรรมการไต่สวนเรื่องที่ 0035/2568,พ.ต.ท. ชัยวิณ เสมาทอง,3,2025-10-15 11:16:33,สาริศ บรรเทิง,กลุ่มงานปราบปรามการทุจริตในรัฐวิสาหกิจ 2,กองปราบปรามการทุจริตในภาครัฐ 3,จองสำเร็จ,2025-10-15 11:16:33
798,2025-10-20,08:00-17:30,ห้องประชุม 2 (ห้องเล็ก),หารือการจัดทำร่างประกาศคณะอนุกรรมการคัดเลือกฯ,,10,2025-10-16 08:58:19,อธิวัฒน์ ธัมมารัตน์นนท์,กลุ่มงานบริหารงานบุคคล,สำนักงานเลขาธิการ,จองสำเร็จ,2025-10-16 08:58:19
799,2025-10-20,08:00-18:00,ห้องอบรม (กพบ),สตง.ตรวจสอบประจำปี 2568,,5,2025-07-24 16:08:31,นพรัตน์ บุญสำเร็จ,กลุ่มงานคลัง,สำนักงานเลขาธิการ,จองสำเร็จ,2025-07-24 16:08:31
800,2025-10-20,08:30-16:30,ห้องไต่สวน4,ไต่สวนเบื้องต้น คดี เรื่องที่ 1210/2568 ของ กปท.5 และคดีเรื่องที่ 1209/2568 ของ กปท.1,,3,2025-10-09 10:09:03,วิชาญ พิเนตรเสถียร,กลุ่มงานปราบปรามการทุจริตหน่วยงานไม่สังกัดกระทรวง ทบวง สำนักนายกรัฐมนตรี,กองปราบปรามการทุจริตในภาครัฐ 5,จองสำเร็จ,2025-10-09 10:09:03
801,2025-10-20,09:00-16:00,ห้องไต่สวน3,ประชุมคณะอนุกรรมการไต่สวน,พ.ต.ท.ประหยัด เงางาม,7,2025-10-12 11:22:35,เสรี ไกรนารถ,ฝ่ายบริหารทั่วไปและคดี,กองปราบปรามการทุจริตในภาครัฐ 5,จองสำเร็จ,2025-10-12 11:22:35
802,2025-10-20,09:00-18:00,Zoom Meeting Room 9,ประชุมหารือการจัดทำร่างประกาศคณะอนุกรรมการคัดเลือกบุคคลเพื่อประเมินเข้าสู่ตำแหน่งพนักงาน ป.ป.ท. และเจ้าหน้าที่ ป.ป.ท. ว่าด้วยหลักเกณฑ์การแต่งตั้ง การเลื่อนระดับชั้น  การประเมินผล การเพิกถอน และการงดจ่ายเงินเพิ่มพนักงาน ป.ป.ท. และเจ้าหน้าที่ ป.ป.ท. พ.ศ. 25,เลขาธิการคณะกรรมการ ป.ป.ท.,300,2025-10-09 18:29:49,อธิวัฒน์ ธัมมารัตน์นนท์,กลุ่มงานบริหารงานบุคคล,สำนักงานเลขาธิการ,จองสำเร็จ,2025-10-09 18:29:49
803,2025-10-20,09:00-18:00,Zoom Meeting Room 10,ประชุมหารือการจัดทำร่างประกาศคณะอนุกรรมการคัดเลือกบุคคลเพื่อประเมินเข้าสู่ตำแหน่งพนักงาน ป.ป.ท. และเจ้าหน้าที่ ป.ป.ท. ว่าด้วยหลักเกณฑ์การแต่งตั้ง การเลื่อนระดับชั้น  การประเมินผล การเพิกถอน และการงดจ่ายเงินเพิ่มพนักงาน ป.ป.ท. และเจ้าหน้าที่ ป.ป.ท. พ.ศ. 25,เลขาธิการคณะกรรมการ ป.ป.ท.,300,2025-10-09 18:30:40,อธิวัฒน์ ธัมมารัตน์นนท์,กลุ่มงานบริหารงานบุคคล,สำนักงานเลขาธิการ,จองสำเร็จ,2025-10-09 18:30:40
804,2025-10-20,09:30-17:00,ห้องประชุม (กปท.4),ประชุมสอบพยาน,ระวิพรรณ จินดาดวง,4,2025-10-20 09:22:36,พิกุล โกสินทร์,ฝ่ายบริหารทั่วไปและคดี,กองปราบปรามการทุจริตในภาครัฐ 1,จองสำเร็จ,2025-10-20 09:22:36
805,2025-10-20,10:00-14:30,Zoom Meeting Room 1,ประชุมการดำเนินงานของกลุ่มงานป้องกันปีงบประมาณ พ.ศ. 2569,,6,2025-10-17 16:24:58,แก้วกาญจน์ ป้อมอุ่นเรือน,กลุ่มงานบริหารคดีและบริหารทั่วไป,สำนักงานป้องกันและปราบปรามการทุจริตในภาครัฐ เขต 3,จองสำเร็จ,2025-10-17 16:24:58
806,2025-10-20,13:00-16:30,ห้องประชุม(กยผ),คณะกรรมการตรวจรับพัสดุ  ในงานจ้างที่ปรึกษาภายใต้โครงการยกระดับศูนย์ขับเคลื่อนการบริการภาครัฐสำหรับนักลงทุนและชาวต่างชาติ ปีงบประมาณ พ.ศ. 2568 ครั้งที่1/68,,1,2025-10-17 15:54:30,นพณัช นิลสนธิ,กลุ่มความร่วมมือและพัฒนานวัตกรรมความโปร่งใสในภาครัฐ,กองการต่างประเทศ,จองสำเร็จ,2025-10-17 15:54:30
807,2025-10-20,13:30-16:30,ห้องไต่สวน2,สอบพยาน,นางนรินยา,4,2025-10-03 14:46:22,ประภัสรา นิลจันทึก,กลุ่มงานปราบปรามการทุจริตในองค์กรปกครองส่วนท้องถิ่น 2,กองปราบปรามการทุจริตในภาครัฐ 4,จองสำเร็จ,2025-10-03 14:46:22
808,2025-10-21,08:00-17:00,ห้องไต่สวน2,ไต่สวนพยาน,,1,2025-10-08 11:09:05,ฌานปกรณ์ ขัติวงศ์พศวัฒน์,กลุ่มงานปราบปรามการทุจริตกระทรวงด้านความมั่นคง 2,กองปราบปรามการทุจริตในภาครัฐ 1,จองสำเร็จ,2025-10-08 11:09:05
809,2025-10-21,08:00-17:00,ห้องไต่สวน3,ไต่สวนเบื่องต้น,,3,2025-10-08 14:25:46,ประทีป ศิริดำรงค์,กลุ่มงานปราบปรามการทุจริตหน่วยงานไม่สังกัดกระทรวง ทบวง สำนักนายกรัฐมนตรี,กองปราบปรามการทุจริตในภาครัฐ 5,จองสำเร็จ,2025-10-08 14:25:46
810,2025-10-21,08:00-17:00,ห้องไต่สวน4,ไต่สวนข้อเท็จจริง,,1,2025-10-01 08:55:47,รัตติกาล ณ ราช,กลุ่มงานปราบปรามการทุจริตหน่วยงานในสังกัดสำนักนายกรัฐมนตรี,กองปราบปรามการทุจริตในภาครัฐ 5,จองสำเร็จ,2025-10-01 08:55:47
811,2025-10-21,08:00-17:00,ห้องประชุม(ห้องเล็ก 31),ขอใช้ห้องประชุมเล็ก เพื่อการไต่สวนคดี,,5,2025-10-08 15:55:24,จักรกฤช จงกลกิจ,กลุ่มงานปราบปรามการทุจริตในภาครัฐ 1,สำนักงานป้องกันและปราบปรามการทุจริตในภาครัฐ เขต 1,จองสำเร็จ,2025-10-08 15:56:10
812,2025-10-21,08:00-18:00,ห้องอบรม (กพบ),สตง.ตรวจสอบประจำปี 2568,,5,2025-07-24 16:09:05,นพรัตน์ บุญสำเร็จ,กลุ่มงานคลัง,สำนักงานเลขาธิการ,จองสำเร็จ,2025-07-24 16:09:05
813,2025-10-21,08:00-13:00,OneConferenceRoom 1,ประชุมคณะกรรมการ ป.ป.ท. ประจำเดือน ตุลาคม 2568 ครั้งที่ 79/68,นายอำนาจ พวงชมพู,15,2025-10-08 10:38:36,ลลิตตา พานิชผล,กลุ่มงานบริหารคดีและบริหารทั่วไป,กองบริหารคดี,จองสำเร็จ,2025-10-08 10:38:36
814,2025-10-21,08:30-13:00,ห้องประชุมคณะกรรมการ,ประชุมคณะกรรมการ ป.ป.ท. ประจำเดือน ตุลาคม 2568 ครั้งที่ 79/68,นายอำนาจ พวงชมภู,15,2025-09-23 09:29:21,ลลิตตา พานิชผล,กลุ่มงานบริหารคดีและบริหารทั่วไป,กองบริหารคดี,จองสำเร็จ,2025-09-23 09:29:21
815,2025-10-21,09:00-16:30,ห้องประชุม 2 (ห้องเล็ก),คณะกรรมการกลั่นกรองการประเมินผลการปฏิบัติราชการของข้าราชการและพนักงานราชการ,,20,2025-10-13 18:14:59,อธิวัฒน์ ธัมมารัตน์นนท์,กลุ่มงานบริหารงานบุคคล,สำนักงานเลขาธิการ,จองสำเร็จ,2025-10-13 18:14:59
816,2025-10-21,09:00-12:00,ห้องประชุม (กปท.4),สอบปากคำ,,3,2025-10-09 13:21:20,กรีฑา พิทักษ์วงศ์,กลุ่มงานปราบปรามการทุจริตในองค์กรปกครองส่วนท้องถิ่น 2,กองปราบปรามการทุจริตในภาครัฐ 4,จองสำเร็จ,2025-10-09 13:21:20
817,2025-10-21,09:30-16:00,ห้องไต่สวน1,ไต่สวนเบื้องต้น,,1,2025-10-06 11:59:27,เริงจิตร ฉิมพินิจ,กลุ่มงานปราบปรามการทุจริตกระทรวงด้านความมั่นคง 1,กองปราบปรามการทุจริตในภาครัฐ 1,จองสำเร็จ,2025-10-06 11:59:27
818,2025-10-21,12:30-17:00,ห้องประชุม 1 (ห้องใหญ่),ประชุมคณะกรรมการ TOR E-CMIS,ณพัสตร์ ศรีสมเกียรติ,20,2025-10-15 15:26:58,ลลิตตา พานิชผล,กลุ่มงานบริหารคดีและบริหารทั่วไป,กองบริหารคดี,จองสำเร็จ,2025-10-15 15:27:32
819,2025-10-21,13:00-16:30,Zoom Meeting Room 1,ประชุมชี้แจงการกำกับดูแลและกวดขันให้ปฏิบัติหน้าที่ตามกรอบระยะเวลาการไต่สวนเบื้องต้นและการไต่สวนตาม พ.ร.บ. มาตรการฯ,,290,2025-10-21 10:05:56,ณัฐกิตติ์ วงศ์วิวัฒน์ชัย,กลุ่มงานกฎหมาย,กองกฎหมาย,จองสำเร็จ,2025-10-21 10:19:57
820,2025-10-21,13:00-16:30,ห้องประชุมคณะกรรมการ,ประชุมชี้แจงการกำกับดูแลและกวดขันให้ปฏิบัติหน้าที่ตามกรอบระยะเวลาการไต่สวนเบื้องต้นและการไต่สวนตาม พ.ร.บ. มาตรการฯ,,20,2025-10-21 10:15:20,ณัฐกิตติ์ วงศ์วิวัฒน์ชัย,กลุ่มงานกฎหมาย,กองกฎหมาย,จองสำเร็จ,2025-10-21 10:15:20
821,2025-10-21,15:00-17:00,Zoom Meeting Room 5,ประชุมคณะกรรมการตรวจรับพัสดุโครงการ E-learning,,5,2025-10-20 18:04:23,นิติพงศ์ รัตนสุภา,กลุ่มงานวิชาการและพัฒนานวัตกรรมด้านการป้องกัน,กองป้องกันการทุจริตในภาครัฐ,จองสำเร็จ,2025-10-20 18:04:23
822,2025-10-22,08:00-16:30,ห้องไต่สวน4,ไต่สวน,,1,2025-10-21 15:53:41,พูนทรัพย์ เตชะเกียรติสุจิตร,กลุ่มงานปราบปรามการทุจริตกระทรวงด้านความมั่นคง 1,กองปราบปรามการทุจริตในภาครัฐ 1,จองสำเร็จ,2025-10-21 15:53:41
823,2025-10-22,08:00-17:00,ห้องประชุม(ห้องเล็ก 31),ตรวจสอบ,,1,2025-10-17 11:01:03,อภิรักษ์ คงคาเพชร,กลุ่มงานปราบปรามการทุจริตในองค์กรปกครองส่วนท้องถิ่น 2,กองปราบปรามการทุจริตในภาครัฐ 4,จองสำเร็จ,2025-10-17 11:01:03
824,2025-10-22,08:00-18:00,ห้องอบรม (กพบ),สตง.ตรวจสอบประจำปี 2568,,5,2025-07-24 16:09:48,นพรัตน์ บุญสำเร็จ,กลุ่มงานคลัง,สำนักงานเลขาธิการ,จองสำเร็จ,2025-07-24 16:09:48
825,2025-10-22,08:00-16:00,ห้องประชุม (กปท.4),สอบพยาน,,10,2025-10-07 10:38:43,นวีนา วัฒนประดิษฐ์,กลุ่มงานปราบปรามการทุจริตในองค์กรปกครองส่วนท้องถิ่น 1,กองปราบปรามการทุจริตในภาครัฐ 4,จองสำเร็จ,2025-10-07 10:38:43
826,2025-10-22,08:00-10:00,Zoom Meeting Room 2,ประชุมประเมินบุคคลฯ,-,4,2025-10-21 18:13:05,ตติยา แก้วละเอียด,กลุ่มงานบริหารงานบุคคล,สำนักงานเลขาธิการ,จองสำเร็จ,2025-10-21 18:13:05
827,2025-10-22,08:30-17:00,ห้องไต่สวน2,ศ 0164/65,,3,2025-09-22 12:16:26,รัตติกาล ณ ราช,กลุ่มงานปราบปรามการทุจริตหน่วยงานในสังกัดสำนักนายกรัฐมนตรี,กองปราบปรามการทุจริตในภาครัฐ 5,จองสำเร็จ,2025-09-22 12:16:26
828,2025-10-22,08:30-13:00,OneConferenceRoom 1,ประชุมคณะกรรมการ ป.ป.ท. ประจำเดือน ตุลาคม 2568 ครั้งที่ 80/68,นายอำนาจ พวงชมพู,15,2025-09-23 09:55:24,ลลิตตา พานิชผล,กลุ่มงานบริหารคดีและบริหารทั่วไป,กองบริหารคดี,จองสำเร็จ,2025-09-23 09:55:24
829,2025-10-22,08:30-13:00,ห้องประชุมคณะกรรมการ,ประชุมคณะกรรมการ ป.ป.ท. ประจำเดือน ตุลาคม 2568 ครั้งที่ 80/68,นายอำนาจ พวงชมภู,15,2025-09-23 09:30:09,ลลิตตา พานิชผล,กลุ่มงานบริหารคดีและบริหารทั่วไป,กองบริหารคดี,จองสำเร็จ,2025-09-23 09:30:09
830,2025-10-22,09:00-16:30,Zoom Meeting Room 1,ประชุมคกก.ตรวจรับงานจ้างที่ปรึกษา CPI (งวดงานที่ 1) (แก้ไขครั้งที่ 4),นางสาวกิตวิภา สุวรรณรัตน์,7,2025-10-09 17:07:46,กิริยา พิชยวัฒน์,กลุ่มความร่วมมือและพัฒนานวัตกรรมความโปร่งใสในภาครัฐ,กองการต่างประเทศ,จองสำเร็จ,2025-10-09 17:07:46
831,2025-10-22,09:00-12:00,ห้องประชุม 2 (ห้องเล็ก),หารือการเลือกอกพ.,ประภา,12,2025-10-20 15:52:58,กิตวิภา สุวรรณรัตน์,กลุ่มงานพัฒนาบุคลากร,สำนักงานเลขาธิการ,จองสำเร็จ,2025-10-20 15:52:58
832,2025-10-22,09:00-17:00,ห้องไต่สวน1,สอบถ้อยคำพยาน,,1,2025-10-15 14:42:04,วลัยพร พ่วงเจริญ,กลุ่มงานปราบปรามการทุจริตในองค์กรปกครองส่วนท้องถิ่น 2,กองปราบปรามการทุจริตในภาครัฐ 4,จองสำเร็จ,2025-10-15 14:42:04
833,2025-10-22,09:00-16:30,ห้องประชุม(กยผ),ประชุมคกก.ตรวจรับงานจ้างที่ปรึกษา CPI (งวดงานที่ 1) (แก้ไขครั้งที่ 4),นางสาวกิตวิภา สุวรรณรัตน์,7,2025-10-09 17:04:41,กิริยา พิชยวัฒน์,กลุ่มความร่วมมือและพัฒนานวัตกรรมความโปร่งใสในภาครัฐ,กองการต่างประเทศ,จองสำเร็จ,2025-10-09 17:04:41
834,2025-10-22,09:00-12:00,Zoom Meeting Room 7,ประชุม KM ปปท.เขต 4,นายสวัสดิ์ นาสมฝัน,40,2025-10-10 10:31:50,ธันย์นภัทร ศรีนันทา,กลุ่มงานป้องกันการทุจริตในภาครัฐ,สำนักงานป้องกันและปราบปรามการทุจริตในภาครัฐ เขต 4,จองสำเร็จ,2025-10-10 10:31:50
835,2025-10-22,09:30-12:30,ห้องไต่สวน3,ไต่สวนเบื่องต้น,--,3,2025-10-08 14:21:54,ประทีป ศิริดำรงค์,กลุ่มงานปราบปรามการทุจริตหน่วยงานไม่สังกัดกระทรวง ทบวง สำนักนายกรัฐมนตรี,กองปราบปรามการทุจริตในภาครัฐ 5,จองสำเร็จ,2025-10-08 14:21:54
836,2025-10-22,13:30-15:00,Zoom Meeting Room 2,เชิญประชุมอ่านผลงานฯ,-,3,2025-10-17 12:38:59,ตติยา แก้วละเอียด,กลุ่มงานบริหารงานบุคคล,สำนักงานเลขาธิการ,จองสำเร็จ,2025-10-17 12:38:59
837,2025-10-23,08:00-15:00,Zoom Meeting Room 1,ประชุมหารือตรวจรับ pacc e-learning,ปิยนุช จันทน์สุคนธ์,5,2025-10-22 23:41:52,กิติคุณ โตรักษา,กลุ่มงานวิชาการและพัฒนานวัตกรรมด้านการป้องกัน,กองป้องกันการทุจริตในภาครัฐ,จองสำเร็จ,2025-10-22 23:42:14
838,2025-10-24,08:00-18:00,ห้องอบรม (กพบ),สตง.ตรวจสอบประจำปี 2568,,5,2025-07-24 16:10:19,นพรัตน์ บุญสำเร็จ,กลุ่มงานคลัง,สำนักงานเลขาธิการ,จองสำเร็จ,2025-07-24 16:10:19
839,2025-10-24,08:30-16:30,ห้องไต่สวน3,สอบพยาน,,1,2025-10-20 10:45:32,สหราช เกษอินทร์,กลุ่มงานปราบปรามการทุจริตในองค์กรปกครองส่วนท้องถิ่น 1,กองปราบปรามการทุจริตในภาครัฐ 4,จองสำเร็จ,2025-10-20 10:45:32
840,2025-10-24,09:00-16:30,ห้องไต่สวน1,สอบปากคำพยาน,,1,2025-10-17 14:39:55,เริงจิตร ฉิมพินิจ,กลุ่มงานปราบปรามการทุจริตกระทรวงด้านความมั่นคง 1,กองปราบปรามการทุจริตในภาครัฐ 1,จองสำเร็จ,2025-10-17 14:39:55
841,2025-10-24,09:00-16:00,ห้องไต่สวน2,สอบพยาน,,5,2025-10-20 07:56:38,ดวงใจ เชยชม,กลุ่มงานปราบปรามการทุจริตในองค์กรปกครองส่วนท้องถิ่น 1,กองปราบปรามการทุจริตในภาครัฐ 4,จองสำเร็จ,2025-10-20 07:56:38
842,2025-10-24,10:00-16:00,ห้องประชุม(ห้องเล็ก 31),ประชุมคณะอนุกรรมการไต่สวน,นายสามารถ จิตมหาวงศ์,7,2025-10-16 16:46:03,สาริศ บรรเทิง,กลุ่มงานปราบปรามการทุจริตในรัฐวิสาหกิจ 2,กองปราบปรามการทุจริตในภาครัฐ 3,จองสำเร็จ,2025-10-16 16:46:03
843,2025-10-24,12:00-16:00,Zoom Meeting Room 8,ประชุมคณะทำงานการบริหารงบประมาณรายจ่าย ประจำปีงบประมาณ พ.ศ. 2569 ครั้งที่ 1/2568,ผู้ช่วยเลขาธิการ,15,2025-10-22 15:10:11,รัชดาภรณ์ เทพพุทธา,กลุ่มงานแผนงานและงบประมาณ,กองยุทธศาสตร์และแผนงาน,จองสำเร็จ,2025-10-22 15:10:11
844,2025-10-24,13:00-15:00,ห้องประชุม(กยผ),ประชุมคณะทำงานบริหารงบประมาณ ปี 2569 ครั้งที่ 1,ผู้ช่วยเลขาธิการคณะกรรมการ ป.ป.ท.,15,2025-10-22 11:30:51,รัชดาภรณ์ เทพพุทธา,กลุ่มงานแผนงานและงบประมาณ,กองยุทธศาสตร์และแผนงาน,จองสำเร็จ,2025-10-22 11:30:51
845,2025-10-24,13:15-16:30,OneConferenceRoom 1,ประชุมคณะอนุกรรมการไต่สวน เรื่องที่ 0136/2564,นายสามารถ จิตมหาวงศ์,7,2025-10-17 11:48:15,สาริศ บรรเทิง,กลุ่มงานปราบปรามการทุจริตในรัฐวิสาหกิจ 2,กองปราบปรามการทุจริตในภาครัฐ 3,จองสำเร็จ,2025-10-17 11:48:15
846,2025-10-27,08:00-12:00,Zoom Meeting Room 1,ประชุม สปท. ครั้งที่ 10/2568,นายเอกชัย เกษมสุขธวัช,14,2025-09-23 15:35:50,ณรัธน์นันท์ อำนวยธนากูล,กลุ่มงานวิชาการและพัฒนานวัตกรรมด้านการป้องกัน,กองป้องกันการทุจริตในภาครัฐ,จองสำเร็จ,2025-09-23 15:35:50
847,2025-10-27,08:00-17:00,ห้องไต่สวน1,ประชุมไต่สวน,,5,2025-09-16 16:04:04,กชมน สุธีรวัฒนกุล,กลุ่มงานปราบปรามการทุจริตในองค์กรปกครองส่วนท้องถิ่น 1,กองปราบปรามการทุจริตในภาครัฐ 4,จองสำเร็จ,2025-09-16 16:04:04
848,2025-10-27,08:00-17:00,ห้องไต่สวน2,ประชุมไต่สวน,,5,2025-10-07 10:20:36,กชมน สุธีรวัฒนกุล,กลุ่มงานปราบปรามการทุจริตในองค์กรปกครองส่วนท้องถิ่น 1,กองปราบปรามการทุจริตในภาครัฐ 4,จองสำเร็จ,2025-10-07 10:20:36
849,2025-10-27,08:00-17:00,ห้องไต่สวน3,สอบปากคำพยาน,,2,2025-10-17 14:37:34,เริงจิตร ฉิมพินิจ,กลุ่มงานปราบปรามการทุจริตกระทรวงด้านความมั่นคง 1,กองปราบปรามการทุจริตในภาครัฐ 1,จองสำเร็จ,2025-10-17 14:37:34
850,2025-10-27,08:00-12:00,ห้องประชุม 1 (ห้องใหญ่),ประชุม สปท. ป.ป.ท. 10/2568,นายเอกชัย เกษมสุขธวัช,15,2025-10-01 14:55:33,ณรัธน์นันท์ อำนวยธนากูล,กลุ่มงานวิชาการและพัฒนานวัตกรรมด้านการป้องกัน,กองป้องกันการทุจริตในภาครัฐ,จองสำเร็จ,2025-10-01 14:55:33
851,2025-10-27,08:00-17:00,ห้องประชุม(ห้องเล็ก 31),ไต่สวน,,1,2025-10-15 14:20:42,ณัฏฐ์นนท์ จารุวนาลัย,กลุ่มงานปราบปรามการทุจริตหน่วยงานไม่สังกัดกระทรวง ทบวง สำนักนายกรัฐมนตรี,กองปราบปรามการทุจริตในภาครัฐ 5,จองสำเร็จ,2025-10-15 14:20:42
852,2025-10-27,08:00-18:00,ห้องอบรม (กพบ),สตง.ตรวจสอบประจำปี 2568,,5,2025-07-24 16:10:52,นพรัตน์ บุญสำเร็จ,กลุ่มงานคลัง,สำนักงานเลขาธิการ,จองสำเร็จ,2025-07-24 16:10:52
853,2025-10-27,08:30-16:30,ห้องไต่สวน4,สอบพยาน,,4,2025-10-07 12:42:59,ชัยนาท น้อยสอน,กลุ่มงานปราบปรามการทุจริตหน่วยงานในสังกัดสำนักนายกรัฐมนตรี,กองปราบปรามการทุจริตในภาครัฐ 5,จองสำเร็จ,2025-10-07 12:42:59
854,2025-10-27,09:00-17:30,ห้องประชุม 2 (ห้องเล็ก),หารือการจัดทำร่างประกาศคณะอนุกรรมการคัดเลือกฯ ครั้งที่ 2,,10,2025-10-21 13:29:42,อธิวัฒน์ ธัมมารัตน์นนท์,กลุ่มงานบริหารงานบุคคล,สำนักงานเลขาธิการ,จองสำเร็จ,2025-10-21 13:29:42
855,2025-10-27,09:00-17:00,ห้องประชุม (กปท.4),สอบถ้อยคำพยาน,,1,2025-10-22 15:01:54,วลัยพร พ่วงเจริญ,กลุ่มงานปราบปรามการทุจริตในองค์กรปกครองส่วนท้องถิ่น 2,กองปราบปรามการทุจริตในภาครัฐ 4,จองสำเร็จ,2025-10-22 15:01:54
856,2025-10-27,09:30-17:30,Zoom Meeting Room 9,หารือการจัดทำร่างประกาศคณะอนุกรรมการคัดเลือกฯ ครั้งที่ 2,,300,2025-10-21 13:30:36,อธิวัฒน์ ธัมมารัตน์นนท์,กลุ่มงานบริหารงานบุคคล,สำนักงานเลขาธิการ,จองสำเร็จ,2025-10-27 14:05:34
857,2025-10-27,09:30-17:30,Zoom Meeting Room 10,หารือการจัดทำร่างประกาศคณะอนุกรรมการคัดเลือกฯ ครั้งที่ 2,,300,2025-10-21 13:30:13,อธิวัฒน์ ธัมมารัตน์นนท์,กลุ่มงานบริหารงานบุคคล,สำนักงานเลขาธิการ,จองสำเร็จ,2025-10-27 14:05:46
858,2025-10-27,09:30-16:00,OneConferenceRoom 1,การประชุมคณะอนุกรรมการสนับสนุนเลขาธิการคณะกรรมการ ป.ป.ท.ฯ คณะที่ 2 ครั้งที่ 59-1/2569,พันตำรวจโท ชัยวิณ เสมาทอง,13,2025-09-05 11:10:37,กฤติยาวดี ณ ถลาง,กลุ่มงานกิจการคณะกรรมการ,กองบริหารคดี,จองสำเร็จ,2025-10-22 10:12:31
859,2025-10-27,09:30-16:00,ห้องประชุมคณะกรรมการ,การประชุมคณะอนุกรรมการสนับสนุนเลขาธิการคณะกรรมการ ป.ป.ท.ฯ คณะที่ 2 ครั้งที่ 59-1/2569,พันตำรวจโท ชัยวิณ เสมาทอง,13,2025-09-05 11:10:37,กฤติยาวดี ณ ถลาง,กลุ่มงานกิจการคณะกรรมการ,กองบริหารคดี,จองสำเร็จ,2025-10-22 10:12:31
860,2025-10-27,13:00-17:00,Zoom Meeting Room 1,ประชุมชี้แจงตัวชี้วัดกรม,เลขาธิการคณะกรรมการ ป.ป.ท.,20,2025-10-16 10:45:33,นิลมณี จิรอร่าม,กลุ่มพัฒนาระบบบริหาร,กลุ่มพัฒนาระบบบริหาร,จองสำเร็จ,2025-10-16 10:45:33
861,2025-10-27,13:00-17:00,ห้องประชุม 1 (ห้องใหญ่),ประชุมตัวชี้วัดกรม,เลขาธิการคณะกรรมการ ป.ป.ท.,50,2025-10-16 10:41:09,นิลมณี จิรอร่าม,กลุ่มพัฒนาระบบบริหาร,กลุ่มพัฒนาระบบบริหาร,จองสำเร็จ,2025-10-16 10:41:09
862,2025-10-27,14:00-18:00,Zoom Meeting Room 5,ประชุมคณะกรรมการตรวจรับพัสดุ E- Learning,,10,2025-10-27 10:45:59,สุริยะ พรหมแก้ว,ฝ่ายบริหารทั่วไป,กองป้องกันการทุจริตในภาครัฐ,จองสำเร็จ,2025-10-27 10:45:59
863,2025-10-28,08:00-17:00,ห้องไต่สวน1,ไต่สวน,พันตำรวจเอก ประหยัด เงางาม,1,2025-10-24 09:39:02,สรศักดิ์ ชัยอนันต์วรพล,กลุ่มงานปราบปรามการทุจริตหน่วยงานไม่สังกัดกระทรวง ทบวง สำนักนายกรัฐมนตรี,กองปราบปรามการทุจริตในภาครัฐ 5,จองสำเร็จ,2025-10-24 09:39:02
864,2025-10-28,08:00-17:00,ห้องประชุม(ห้องเล็ก 31),ไต่สวน,,1,2025-10-15 14:22:10,ณัฏฐ์นนท์ จารุวนาลัย,กลุ่มงานปราบปรามการทุจริตหน่วยงานไม่สังกัดกระทรวง ทบวง สำนักนายกรัฐมนตรี,กองปราบปรามการทุจริตในภาครัฐ 5,จองสำเร็จ,2025-10-15 14:22:10
865,2025-10-28,08:00-18:00,ห้องอบรม (กพบ),สตง.ตรวจสอบประจำปี 2568,,5,2025-07-24 16:11:21,นพรัตน์ บุญสำเร็จ,กลุ่มงานคลัง,สำนักงานเลขาธิการ,จองสำเร็จ,2025-07-24 16:11:21
866,2025-10-28,08:30-16:30,ห้องไต่สวน4,สอบพยาน,,4,2025-10-07 12:43:39,ชัยนาท น้อยสอน,กลุ่มงานปราบปรามการทุจริตหน่วยงานในสังกัดสำนักนายกรัฐมนตรี,กองปราบปรามการทุจริตในภาครัฐ 5,จองสำเร็จ,2025-10-07 12:43:39
867,2025-10-28,08:30-16:30,ห้องประชุม (กปท.4),ประชุมคณะกรรมการตรวจรับพัสดุ E- Learning,,5,2025-10-27 15:35:28,สุริยะ พรหมแก้ว,ฝ่ายบริหารทั่วไป,กองป้องกันการทุจริตในภาครัฐ,จองสำเร็จ,2025-10-27 15:35:28
868,2025-10-28,08:30-12:30,OneConferenceRoom 1,ประชุมคณะกรรมการ ป.ป.ท. ประจำเดือน ตุลาคม 2568 ครั้งที่ 81/68,อำนาจ พวงชมพู,15,2025-10-27 10:35:38,ลลิตตา พานิชผล,กลุ่มงานบริหารคดีและบริหารทั่วไป,กองบริหารคดี,จองสำเร็จ,2025-10-27 10:35:38
869,2025-10-28,08:30-13:00,ห้องประชุมคณะกรรมการ,ประชุมคณะกรรมการ ป.ป.ท. ประจำเดือน ตุลาคม 2568 ครั้งที่ 81/68,อำนาจ พวงชมพู,15,2025-10-27 10:37:02,ลลิตตา พานิชผล,กลุ่มงานบริหารคดีและบริหารทั่วไป,กองบริหารคดี,จองสำเร็จ,2025-10-27 10:37:02
870,2025-10-28,09:00-16:30,ห้องประชุม 2 (ห้องเล็ก),ประชุมคณะอนุกรรมการกลั่นกรองฯ คณะที่ 3,นายภาส ภาสสัทธา,9,2025-10-08 16:43:07,นงค์ลักษณ์ ยั่งยืน,กลุ่มงานคำวินิจฉัยและมติคณะกรรมการ,กองบริหารคดี,จองสำเร็จ,2025-10-08 16:43:07
871,2025-10-28,09:00-15:00,ห้องไต่สวน2,ประชุมไต่สวน,-,5,2025-10-21 14:50:11,พงศ์ศักดิ์ น้ำขาว,กลุ่มงานปราบปรามการทุจริตหน่วยงานไม่สังกัดกระทรวง ทบวง สำนักนายกรัฐมนตรี,กองปราบปรามการทุจริตในภาครัฐ 5,จองสำเร็จ,2025-10-21 14:50:11
872,2025-10-28,10:00-12:00,ห้องประชุม(กยผ),ประชุมบูรณาการกับ สำนักงาน ป.ย.ป.,นางสาวกิตวิภา สุวรรณรัตน์,10,2025-10-28 09:24:05,แพรววนิต เวียงมูล,กลุ่มความร่วมมือและพัฒนานวัตกรรมความโปร่งใสในภาครัฐ,กองการต่างประเทศ,จองสำเร็จ,2025-10-28 09:24:05
873,2025-10-28,12:30-13:00,Zoom Meeting Room 1,ประชุมหารือ TOR,,1,2025-10-28 11:40:30,ธนภัทร์ ไชยพิตร,ศูนย์เทคโนโลยีสารสนเทศและการสื่อสาร,ศูนย์เทคโนโลยีสารสนเทศและการสื่อสาร,จองสำเร็จ,2025-10-28 11:40:30
874,2025-10-28,12:30-18:00,OneConferenceRoom 2,ประชุมอนุไต่สวนฯ,ณรงค์ รัตนานุกูล,5,2025-10-15 15:38:00,ณปภัช ศศิชาณฐมณ,กลุ่มงานปราบปรามการทุจริตในรัฐวิสาหกิจ 1,กองปราบปรามการทุจริตในภาครัฐ 3,จองสำเร็จ,2025-10-15 15:38:00
875,2025-10-28,13:00-17:00,ห้องไต่สวน3,ประชุมคณะอนุกรรมการไต่สวน,พันตำรวจเอก ประหยัด เงางาม,1,2025-10-08 14:32:35,สรศักดิ์ ชัยอนันต์วรพล,กลุ่มงานปราบปรามการทุจริตหน่วยงานไม่สังกัดกระทรวง ทบวง สำนักนายกรัฐมนตรี,กองปราบปรามการทุจริตในภาครัฐ 5,จองสำเร็จ,2025-10-08 14:32:35
876,2025-10-29,08:00-17:00,ห้องไต่สวน2,ไต่สวน,,1,2025-10-21 14:46:48,พรพรรณ พรมมา,กลุ่มงานปราบปรามการทุจริตหน่วยงานในสังกัดสำนักนายกรัฐมนตรี,กองปราบปรามการทุจริตในภาครัฐ 5,จองสำเร็จ,2025-10-21 14:46:48
877,2025-10-29,08:00-18:00,ห้องอบรม (กพบ),สตง.ตรวจสอบประจำปี 2568,,5,2025-07-24 16:11:47,นพรัตน์ บุญสำเร็จ,กลุ่มงานคลัง,สำนักงานเลขาธิการ,จองสำเร็จ,2025-07-24 16:11:47
878,2025-10-29,08:30-16:30,ห้องไต่สวน3,ไต่สวนเบื้องต้น,,3,2025-10-24 10:50:04,โรสนา ศักดิ์นภาพรเลิศ,กลุ่มงานปราบปรามการทุจริตหน่วยงานไม่สังกัดกระทรวง ทบวง สำนักนายกรัฐมนตรี,กองปราบปรามการทุจริตในภาครัฐ 5,จองสำเร็จ,2025-10-24 10:50:04
879,2025-10-29,08:30-16:30,ห้องไต่สวน4,สอบพยาน,,4,2025-10-07 12:44:27,ชัยนาท น้อยสอน,กลุ่มงานปราบปรามการทุจริตหน่วยงานในสังกัดสำนักนายกรัฐมนตรี,กองปราบปรามการทุจริตในภาครัฐ 5,จองสำเร็จ,2025-10-07 12:44:27
880,2025-10-29,08:30-13:30,ห้องประชุม 1 (ห้องใหญ่),ประชุมคณะกรรมการ TOR E-CMIS ครั้ง 2/68,ณพัสรต์ ศรีสมเกียรติ,20,2025-10-27 10:29:14,ลลิตตา พานิชผล,กลุ่มงานบริหารคดีและบริหารทั่วไป,กองบริหารคดี,จองสำเร็จ,2025-10-27 10:29:14
881,2025-10-29,08:30-13:00,OneConferenceRoom 1,ประชุมคณะกรรมการ ป.ป.ท. ประจำเดือน ตุลาคม 2568 ครั้งที่ 82/68,นายอำนาจ พวงชมพู,15,2025-09-23 09:56:06,ลลิตตา พานิชผล,กลุ่มงานบริหารคดีและบริหารทั่วไป,กองบริหารคดี,จองสำเร็จ,2025-10-27 10:38:38
882,2025-10-29,08:30-13:00,ห้องประชุมคณะกรรมการ,ประชุมคณะกรรมการ ป.ป.ท. ประจำเดือน ตุลาคม 2568 ครั้งที่ 82/68,นายอำนาจ พวงชมภู,15,2025-09-23 09:31:41,ลลิตตา พานิชผล,กลุ่มงานบริหารคดีและบริหารทั่วไป,กองบริหารคดี,จองสำเร็จ,2025-10-27 10:38:10
883,2025-10-29,09:00-18:30,ห้องประชุม(ห้องเล็ก 31),ประชุมคณะกรรมการตรวจรับพัสดุ E- Learning,,10,2025-10-27 15:39:45,สุริยะ พรหมแก้ว,ฝ่ายบริหารทั่วไป,กองป้องกันการทุจริตในภาครัฐ,จองสำเร็จ,2025-10-27 15:39:45
884,2025-10-29,14:00-16:30,ห้องประชุม(กยผ),แนวทางโครงการ,นางสาวกิตวิภา สุวรรณรัตน์,6,2025-10-27 13:13:26,แพรววนิต เวียงมูล,กลุ่มความร่วมมือและพัฒนานวัตกรรมความโปร่งใสในภาครัฐ,กองการต่างประเทศ,จองสำเร็จ,2025-10-27 13:13:26
885,2025-10-30,06:00-13:00,ห้องประชุม (กปท.4),การประชุมคณะอนุกรรมการพิจารณากลั่นกรองการเปิดเผยข้อมูลข่าวสาร,,16,2025-10-21 16:56:51,อรวรรณ ทูลมณี,กลุ่มงานความเห็นแย้ง,กองกฎหมาย,จองสำเร็จ,2025-10-21 16:57:19
886,2025-10-30,08:00-17:00,ห้องไต่สวน3,ไต่สวนข้อเท็จจริง,,1,2025-10-01 11:51:36,รัตติกาล ณ ราช,กลุ่มงานปราบปรามการทุจริตหน่วยงานในสังกัดสำนักนายกรัฐมนตรี,กองปราบปรามการทุจริตในภาครัฐ 5,จองสำเร็จ,2025-10-01 11:51:36
887,2025-10-30,08:00-18:00,ห้องอบรม (กพบ),สตง.ตรวจสอบประจำปี 2568,,5,2025-07-24 16:13:12,นพรัตน์ บุญสำเร็จ,กลุ่มงานคลัง,สำนักงานเลขาธิการ,จองสำเร็จ,2025-07-24 16:13:12
888,2025-10-30,08:30-16:30,ห้องไต่สวน1,ไต่สวนพยาน,-,3,2025-10-13 09:51:30,นันทการ มีเหม,กลุ่มงานปราบปรามการทุจริตในภาครัฐ 1,สำนักงานป้องกันและปราบปรามการทุจริตในภาครัฐ เขต 1,จองสำเร็จ,2025-10-13 09:51:30
889,2025-10-30,09:00-16:30,ห้องประชุม 2 (ห้องเล็ก),การประชุมคณะอนุกรรมการกลั่นกรองฯ คณะที่ 8,นายปริญญา บุญชู,8,2025-09-22 16:04:30,ณัฐฐพิชา นาวินธรรม,กลุ่มงานคำวินิจฉัยและมติคณะกรรมการ,กองบริหารคดี,จองสำเร็จ,2025-09-22 16:04:30
890,2025-10-30,09:00-16:30,ห้องไต่สวน4,ไต่สวน,,3,2025-09-30 13:17:08,มะลิไล แก้วมาดีงาม,กลุ่มงานปราบปรามการทุจริตหน่วยงานไม่สังกัดกระทรวง ทบวง สำนักนายกรัฐมนตรี,กองปราบปรามการทุจริตในภาครัฐ 5,จองสำเร็จ,2025-09-30 13:17:08
891,2025-10-30,09:00-18:30,ห้องประชุม(ห้องเล็ก 31),ประชุมคณะกรรมการตรวจรับพัสดุ E- Learning,,10,2025-10-27 15:41:14,สุริยะ พรหมแก้ว,ฝ่ายบริหารทั่วไป,กองป้องกันการทุจริตในภาครัฐ,จองสำเร็จ,2025-10-27 15:41:14
892,2025-10-30,09:00-16:30,OneConferenceRoom 1,การประชุมคณะอนุกรรมการกลั่นกรองฯ คณะที่ 8,นายปริญญา บุญชู,8,2025-09-22 16:04:30,ณัฐฐพิชา นาวินธรรม,กลุ่มงานคำวินิจฉัยและมติคณะกรรมการ,กองบริหารคดี,จองสำเร็จ,2025-09-22 16:04:30
893,2025-10-30,09:30-13:30,ห้องประชุม 1 (ห้องใหญ่),ประชุมคณะอนุกรรมการกลั่นกรองฯ คณะที่ 6,พลตำรวจตรี นพรัตน์ รินทพล ประธานอนุกรรมการฯ,8,2025-09-23 10:55:14,ปิยะนุช ชูเมือง,กลุ่มงานคำวินิจฉัยและมติคณะกรรมการ,กองบริหารคดี,จองสำเร็จ,2025-09-23 10:55:14
894,2025-10-30,13:00-16:30,ห้องประชุม(กยผ),ประชุมคณะกรรมการตรวจรับพัสดุในงานจ้างที่ปรึกษาภายใต้โครงการยกระดับศูนย์ขับเคลื่อนการบริการภาครัฐสำหรับนักลงทุนและชาวต่างชาติ ปีงบประมาณ พ.ศ. 2568 ครั้งที่2/69,,5,2025-10-29 17:20:18,นพณัช นิลสนธิ,กลุ่มความร่วมมือและพัฒนานวัตกรรมความโปร่งใสในภาครัฐ,กองการต่างประเทศ,จองสำเร็จ,2025-10-29 17:20:18
895,2025-10-30,13:00-18:00,ห้องประชุม (กปท.4),การประชุมคณะอนุกรรมการพิจารณากลั่นกรองการเปิดเผยข้อมูลข่าวสาร,,16,2025-10-21 16:49:46,อรวรรณ ทูลมณี,กลุ่มงานความเห็นแย้ง,กองกฎหมาย,จองสำเร็จ,2025-10-21 16:49:46
896,2025-10-31,08:00-18:00,ห้องอบรม (กพบ),สตง.ตรวจสอบประจำปี 2568,,5,2025-07-24 16:13:42,นพรัตน์ บุญสำเร็จ,กลุ่มงานคลัง,สำนักงานเลขาธิการ,จองสำเร็จ,2025-07-24 16:13:42
897,2025-10-31,08:30-17:30,ห้องไต่สวน4,ไต่สวน,,3,2025-10-10 15:38:14,วิชาญ พิเนตรเสถียร,กลุ่มงานปราบปรามการทุจริตหน่วยงานไม่สังกัดกระทรวง ทบวง สำนักนายกรัฐมนตรี,กองปราบปรามการทุจริตในภาครัฐ 5,จองสำเร็จ,2025-10-10 15:38:14
898,2025-10-31,08:45-18:00,ห้องประชุม(ห้องเล็ก 31),ประชุมคณะกรรมการตรวจรับพัสดุ E- Learning,,10,2025-10-30 10:35:26,สุริยะ พรหมแก้ว,ฝ่ายบริหารทั่วไป,กองป้องกันการทุจริตในภาครัฐ,จองสำเร็จ,2025-10-30 10:35:26
899,2025-10-31,09:00-12:00,ห้องประชุม 2 (ห้องเล็ก),หารือกับมหาวิทยาลัยธรรมศาสตร์,,10,2025-10-30 15:20:18,ประภัศษร ครองงาม,กลุ่มงานติดตามและประเมินผล,กองยุทธศาสตร์และแผนงาน,จองสำเร็จ,2025-10-30 15:20:18
900,2025-10-31,09:00-16:30,ห้องไต่สวน1,เเจ้งข้อกล่าวหา,วรรณฉวี ชื้นจะบก,2,2025-10-21 10:40:13,วรรณฉวี ชื้นจะบก,กลุ่มงานปราบปรามการทุจริตกระทรวงด้านความมั่นคง 2,กองปราบปรามการทุจริตในภาครัฐ 1,จองสำเร็จ,2025-10-21 10:40:13
901,2025-10-31,09:00-17:30,ห้องไต่สวน3,ไต่สวน,พล.ต.ท.สมชาย ฯ,3,2025-10-20 16:04:54,ณัฏฐพล ศุรธีร์โกศล,กลุ่มงานปราบปรามการทุจริตหน่วยงานในสังกัดสำนักนายกรัฐมนตรี,กองปราบปรามการทุจริตในภาครัฐ 5,จองสำเร็จ,2025-10-20 16:04:54
902,2025-10-31,09:00-16:30,ห้องประชุม(กยผ),ประชุมคณะอนุกรรมการผลักดันแผนแม่บทภายใต้ยุทธศาสตร์ชาติฯ ด้านป้องกันการทุจริตฯ ครั้งที่ 4/2568,ผอ. อาภรณีย์,4,2025-10-21 10:01:56,สลักจิต ณ ลำพูน,ฝ่ายบริหารทั่วไป,กองยุทธศาสตร์และแผนงาน,จองสำเร็จ,2025-10-21 10:01:56
903,2025-10-31,09:30-12:00,OneConferenceRoom 2,ไต่สวนข้อเท็จจริง,พล.ต.อ.สมชาย เกาสำราญ,3,2025-10-31 09:10:26,ประทีป ศิริดำรงค์,กลุ่มงานปราบปรามการทุจริตหน่วยงานไม่สังกัดกระทรวง ทบวง สำนักนายกรัฐมนตรี,กองปราบปรามการทุจริตในภาครัฐ 5,จองสำเร็จ,2025-10-31 09:10:26
904,2025-10-31,09:45-12:00,Zoom Meeting Room 6,หารือกับมหาวิทยาลัยธรรมศาสตร์,ไม่มี,10,2025-10-30 15:17:52,ประภัศษร ครองงาม,กลุ่มงานติดตามและประเมินผล,กองยุทธศาสตร์และแผนงาน,จองสำเร็จ,2025-10-30 15:17:52
905,2025-10-31,10:00-12:00,ห้องไต่สวน2,สอบพยาน,,5,2025-10-20 14:47:08,กรีฑา พิทักษ์วงศ์,กลุ่มงานปราบปรามการทุจริตในองค์กรปกครองส่วนท้องถิ่น 2,กองปราบปรามการทุจริตในภาครัฐ 4,จองสำเร็จ,2025-10-20 14:47:08
906,2025-10-31,10:00-12:00,Zoom Meeting Room 5,ประชุมการดำเนินงานกลุ่มงานป้องกัน ฯ ประจำปีงบประมาณ พ.ศ. 2569,,6,2025-10-29 11:08:51,แก้วกาญจน์ ป้อมอุ่นเรือน,กลุ่มงานบริหารคดีและบริหารทั่วไป,สำนักงานป้องกันและปราบปรามการทุจริตในภาครัฐ เขต 3,จองสำเร็จ,2025-10-29 11:08:51
907,2025-11-03,07:30-16:30,ห้องไต่สวน4,ไต่สวนข้อเท็จจริง,,3,2025-11-02 18:45:59,ประทีป ศิริดำรงค์,กลุ่มงานปราบปรามการทุจริตหน่วยงานไม่สังกัดกระทรวง ทบวง สำนักนายกรัฐมนตรี,กองปราบปรามการทุจริตในภาครัฐ 5,จองสำเร็จ,2025-11-02 18:45:59
908,2025-11-03,08:00-16:00,ห้องไต่สวน1,ตรวจสอบ,,1,2025-10-17 11:08:49,อภิรักษ์ คงคาเพชร,กลุ่มงานปราบปรามการทุจริตในองค์กรปกครองส่วนท้องถิ่น 2,กองปราบปรามการทุจริตในภาครัฐ 4,จองสำเร็จ,2025-10-17 11:08:49
909,2025-11-03,08:00-12:00,ห้องไต่สวน3,สอบผู้ร้อง,,1,2025-10-28 09:57:12,ศรัทธา ศรมณี,กลุ่มงานปราบปรามการทุจริตหน่วยงานไม่สังกัดกระทรวง ทบวง สำนักนายกรัฐมนตรี,กองปราบปรามการทุจริตในภาครัฐ 5,จองสำเร็จ,2025-10-28 09:57:12
910,2025-11-03,08:00-17:30,ห้องอบรม (กพบ),สตง.เข้าตรวจสอบประจำปี 2568,,4,2025-10-06 14:56:37,กนิษฐา จิตพิมาย,กลุ่มงานคลัง,สำนักงานเลขาธิการ,จองสำเร็จ,2025-10-06 14:57:03
911,2025-11-03,08:00-17:00,OneConferenceRoom 3,ประชุมอนุไต่สวนฯ,ภาส ภาสสัทธา,5,2025-10-15 15:45:28,ณปภัช ศศิชาณฐมณ,กลุ่มงานปราบปรามการทุจริตในรัฐวิสาหกิจ 1,กองปราบปรามการทุจริตในภาครัฐ 3,จองสำเร็จ,2025-10-15 15:45:28
912,2025-11-03,08:15-18:00,ห้องประชุม(ห้องเล็ก 31),ประชุมอนุไต่สวนฯ,ภาส ภาสสัทธา,5,2025-10-15 15:43:42,ณปภัช ศศิชาณฐมณ,กลุ่มงานปราบปรามการทุจริตในรัฐวิสาหกิจ 1,กองปราบปรามการทุจริตในภาครัฐ 3,จองสำเร็จ,2025-10-15 15:43:42
913,2025-11-03,08:45-18:00,ห้องประชุม (กปท.4),ประชุมคณะกรรมการตรวจรับพัสดุ E- Learning,,10,2025-10-30 10:36:24,สุริยะ พรหมแก้ว,ฝ่ายบริหารทั่วไป,กองป้องกันการทุจริตในภาครัฐ,จองสำเร็จ,2025-10-30 10:36:24
914,2025-11-03,09:00-16:30,ห้องประชุม(กยผ),ประชุมคกก.ตรวจรับงานจ้างที่ปรึกษา CPI (งวดงานที่ 1) (แก้ไขครั้งที่ 5),นางสาวกิตวิภา สุวรรณรัตน์,7,2025-10-27 14:05:10,กิริยา พิชยวัฒน์,กลุ่มความร่วมมือและพัฒนานวัตกรรมความโปร่งใสในภาครัฐ,กองการต่างประเทศ,จองสำเร็จ,2025-10-27 14:05:10
915,2025-11-03,09:00-16:30,Zoom Meeting Room 2,ประชุมคกก.ตรวจรับงานจ้างที่ปรึกษา CPI (งวดงานที่ 1) (แก้ไขครั้งที่ 5),นางสาวกิตวิภา สุวรรณรัตน์,7,2025-10-27 14:06:35,กิริยา พิชยวัฒน์,กลุ่มความร่วมมือและพัฒนานวัตกรรมความโปร่งใสในภาครัฐ,กองการต่างประเทศ,จองสำเร็จ,2025-10-27 14:06:35
916,2025-11-03,09:30-12:00,Zoom Meeting Room 1,ติดตามสำนวนคงค้าง ต่ำกว่าปี 61,นายเอกชัย เกษมสุขธวัช,30,2025-11-02 15:15:01,กนิษฐา แก้วสาร,กลุ่มงานวินัย,สำนักงานเลขาธิการ,จองสำเร็จ,2025-11-02 15:15:01
917,2025-11-03,09:30-16:30,ห้องไต่สวน2,ไต่สวน,,4,2025-11-02 07:49:51,วิชาญ พิเนตรเสถียร,กลุ่มงานปราบปรามการทุจริตหน่วยงานไม่สังกัดกระทรวง ทบวง สำนักนายกรัฐมนตรี,กองปราบปรามการทุจริตในภาครัฐ 5,จองสำเร็จ,2025-11-02 07:49:51
918,2025-11-03,13:00-16:00,Zoom Meeting Room 1,ประชุมคณะทำงานขับเคลื่อนการพัฒนาบุคลากรรายบุคคล ในสังกัดสำนักงานคณะกรรมการป้องกันและปราบปรามการทุจริตในภาครัฐ (ครั้งที่ 3/2568),พันตำรวจโทสิริพงษ์ ศรีตุลา (ผู้ช่วยเลขาธิการคณะกรรมการ ป.ป.ท.),15,2025-10-22 15:29:45,ลินจง ดาวเรือง,กลุ่มงานบริหารงานบุคคล,สำนักงานเลขาธิการ,จองสำเร็จ,2025-10-22 15:29:45
919,2025-11-03,13:00-16:00,ห้องประชุม 2 (ห้องเล็ก),ประชุมคณะทำงานขับเคลื่อนการพัฒนาบุคลากรรายบุคคล ในสังกัดสำนักงานคณะกรรมการป้องกันและปราบปรามการทุจริตในภาครัฐ (ครั้งที่ 3/2568),พันตำรวจโทสิริพงษ์ ศรีตุลา (ผู้ช่วยเลขาธิการคณะกรรมการ ป.ป.ท.),15,2025-10-22 15:25:18,ลินจง ดาวเรือง,กลุ่มงานบริหารงานบุคคล,สำนักงานเลขาธิการ,จองสำเร็จ,2025-10-22 15:25:18
920,2025-11-04,08:00-16:00,ห้องประชุม 2 (ห้องเล็ก),ประชุมคณะอนุกรรมการปรับปรุงหลักเกณฑ์การสมัครและคัดเลือกเครือข่ายต้นแบบฯ ครั้งที่ 1/2568,นายเอกชัย เกษมสุขธวัช รองเลขาธิการคณะกรรมการ ป.ป.ท.,15,2025-10-20 13:53:20,เกศรารัตติ์ บุนนท์,กลุ่มงานเครือข่ายภาคประชาสังคมป้องกันการทุจริต,กองป้องกันการทุจริตในภาครัฐ,จองสำเร็จ,2025-10-22 14:37:38
921,2025-11-04,08:00-12:45,ห้องไต่สวน4,สอบผู้ร้อง,,1,2025-10-17 13:30:34,นวพร ปั้นจันทร์,กลุ่มงานปราบปรามการทุจริตหน่วยงานในสังกัดสำนักนายกรัฐมนตรี,กองปราบปรามการทุจริตในภาครัฐ 5,จองสำเร็จ,2025-10-17 13:30:34
922,2025-11-04,08:00-18:00,ห้องอบรม (กพบ),สตง.เข้าตรวจสอบประจำปี 2568,,4,2025-10-06 14:58:31,กนิษฐา จิตพิมาย,กลุ่มงานคลัง,สำนักงานเลขาธิการ,จองสำเร็จ,2025-10-06 14:58:31
923,2025-11-04,08:00-16:00,Zoom Meeting Room 9,ประชุมคณะอนุกรรมการปรับปรุงหลักเกณฑ์การสมัครและคัดเลือกเครือข่ายต้นแบบฯ ครั้งที่ 1/2568,นายเอกชัย เกษมสุขธวัช รองเลขาธิการคณะกรรมการ ป.ป.ท.,10,2025-10-06 15:41:46,เกศรารัตติ์ บุนนท์,กลุ่มงานเครือข่ายภาคประชาสังคมป้องกันการทุจริต,กองป้องกันการทุจริตในภาครัฐ,จองสำเร็จ,2025-10-20 14:40:04
924,2025-11-04,09:00-16:30,ห้องไต่สวน2,ไต่สวน,,4,2025-11-02 07:51:09,วิชาญ พิเนตรเสถียร,กลุ่มงานปราบปรามการทุจริตหน่วยงานไม่สังกัดกระทรวง ทบวง สำนักนายกรัฐมนตรี,กองปราบปรามการทุจริตในภาครัฐ 5,จองสำเร็จ,2025-11-02 07:51:09
925,2025-11-04,09:00-18:00,ห้องไต่สวน3,ไต่สวน สอบปากคำพยาน,,5,2025-09-29 11:15:59,รัตติกาล ณ ราช,กลุ่มงานปราบปรามการทุจริตหน่วยงานในสังกัดสำนักนายกรัฐมนตรี,กองปราบปรามการทุจริตในภาครัฐ 5,จองสำเร็จ,2025-09-29 11:15:59
926,2025-11-04,09:30-16:30,Zoom Meeting Room 5,ประชุมระบบ CRA,,10,2025-10-30 13:14:30,กฤษฏ์ ธวัชชัยวิสุทธิ์,กลุ่มงานปราบปรามการทุจริตหน่วยงานไม่สังกัดกระทรวง ทบวง สำนักนายกรัฐมนตรี,กองปราบปรามการทุจริตในภาครัฐ 5,จองสำเร็จ,2025-10-30 13:14:30
927,2025-11-04,09:45-11:00,Zoom Meeting Room 1,เชิญประชุมอ่านผลงานฯ,-,3,2025-10-22 10:49:29,ตติยา แก้วละเอียด,กลุ่มงานบริหารงานบุคคล,สำนักงานเลขาธิการ,จองสำเร็จ,2025-10-22 10:49:29
928,2025-11-04,10:00-12:00,Zoom Meeting Room 3,ประชุมภายในสำนักงาน ปปท. เขต 3 ประจำเดือนพฤศจิกายน 2568,,31,2025-10-31 16:30:21,แก้วกาญจน์ ป้อมอุ่นเรือน,กลุ่มงานบริหารคดีและบริหารทั่วไป,สำนักงานป้องกันและปราบปรามการทุจริตในภาครัฐ เขต 3,จองสำเร็จ,2025-10-31 16:30:21
929,2025-11-04,10:30-11:00,OneConferenceRoom 3,ทดสอบระบบ เขต 9,,1,2025-11-04 10:40:13,ตรียภรณ์ กองอ้น,กลุ่มงานป้องกันการทุจริตในภาครัฐ,สำนักงานป้องกันและปราบปรามการทุจริตในภาครัฐ เขต 5,จองสำเร็จ,2025-11-04 10:40:13
930,2025-11-04,12:00-16:30,ห้องประชุมคณะกรรมการ,ประชุมคณะทำงาน TOR- ECMIS,,20,2025-10-30 16:50:50,ลลิตตา พานิชผล,กลุ่มงานบริหารคดีและบริหารทั่วไป,กองบริหารคดี,จองสำเร็จ,2025-10-30 16:50:50
931,2025-11-04,12:30-16:30,Zoom Meeting Room 1,ประชุมคณะทำงาน TOR- ECMIS,ณพัสตร์ ศรีสมเกียรติ,20,2025-11-04 11:36:05,ลลิตตา พานิชผล,กลุ่มงานบริหารคดีและบริหารทั่วไป,กองบริหารคดี,จองสำเร็จ,2025-11-04 11:36:05
932,2025-11-04,12:30-16:30,OneConferenceRoom 1,ประชุมคณะทำงาน TOR- ECMIS,นางสาวณพัสตร์ ศรีสมเกียรติ,20,2025-10-30 09:49:52,ลลิตตา พานิชผล,กลุ่มงานบริหารคดีและบริหารทั่วไป,กองบริหารคดี,จองสำเร็จ,2025-10-30 09:49:52
933,2025-11-04,13:00-17:00,ห้องไต่สวน4,ประชุมไต่สวน,พลโทนพพร โควหกุล,1,2025-11-04 09:54:42,ศิรินทร์ทิพย์ โพธิมาศ,กลุ่มงานปราบปรามการทุจริตหน่วยงานไม่สังกัดกระทรวง ทบวง สำนักนายกรัฐมนตรี,กองปราบปรามการทุจริตในภาครัฐ 5,จองสำเร็จ,2025-11-04 09:54:42
934,2025-11-04,13:00-16:30,ห้องประชุม(ห้องเล็ก 31),ประชุมคณะกรรมการตรวจรับรับอาคาร สำนักงาน ป.ป.ท.,,5,2025-10-31 13:58:37,สุริยะ พรหมแก้ว,ฝ่ายบริหารทั่วไป,กองป้องกันการทุจริตในภาครัฐ,จองสำเร็จ,2025-10-31 13:58:37
935,2025-11-04,13:00-16:30,OneConferenceRoom 2,ประชุมคณะอนุกรรมการไต่สวนข้อเท็จจริง ครั้งที่ 1 - 1/2569 เรื่องที่ 111769/2561,นายศักดิ์สิทธิ์ เตี๋ยวงษ์สุวรรณ์,4,2025-10-21 15:27:03,อาทิตย์ เย็นขัน,กลุ่มงานปราบปรามการทุจริตในภาครัฐ 1,สำนักงานป้องกันและปราบปรามการทุจริตในภาครัฐ เขต 6,จองสำเร็จ,2025-10-21 15:27:03
936,2025-11-04,13:30-16:30,ห้องประชุม 1 (ห้องใหญ่),ขอเชิญประชุมการตรวจสอบพัสดุประจำปีงบประมาณ พ.ศ. 2568 (ครั้งที่2/2568),,35,2025-10-16 15:29:00,จารุณี ชูสุวรรณ์,กลุ่มงานคลัง,สำนักงานเลขาธิการ,จองสำเร็จ,2025-10-16 15:29:00
937,2025-11-05,08:00-12:00,Zoom Meeting Room 1,คณะอนุกรรมการพิจารณากลั่นกรองการเปิดเผยข้อมูลข่าวสาร,,16,2025-10-28 13:26:57,อานนท์ ชนประชา,กลุ่มงานความเห็นแย้ง,กองกฎหมาย,จองสำเร็จ,2025-10-28 13:26:57
938,2025-11-05,08:00-12:00,ห้องประชุม 2 (ห้องเล็ก),คณะอนุกรรมการพิจารณากลั่นกรองการเปิดเผยข้อมูลข่าวสาร,,16,2025-10-28 13:25:44,อานนท์ ชนประชา,กลุ่มงานความเห็นแย้ง,กองกฎหมาย,จองสำเร็จ,2025-10-28 13:25:44
939,2025-11-05,08:00-12:30,ห้องไต่สวน1,สอบปากคำพยาน,,4,2025-10-28 15:38:43,สัณหภณ พงษ์ประเสริฐ,กลุ่มงานปราบปรามการทุจริตกระทรวงด้านความมั่นคง 2,กองปราบปรามการทุจริตในภาครัฐ 1,จองสำเร็จ,2025-10-28 15:38:43
940,2025-11-05,08:00-18:00,ห้องอบรม (กพบ),สตง.เข้าตรวจสอบประจำปี 2568,,4,2025-10-06 14:59:25,กนิษฐา จิตพิมาย,กลุ่มงานคลัง,สำนักงานเลขาธิการ,จองสำเร็จ,2025-10-06 14:59:25
941,2025-11-05,08:30-12:00,ห้องประชุม (กปท.4),ประชุมอนุกรรมการไต่สวน,นางสาวชิยา ศิริรักษ์,5,2025-10-22 10:07:09,สหราช เกษอินทร์,กลุ่มงานปราบปรามการทุจริตในองค์กรปกครองส่วนท้องถิ่น 1,กองปราบปรามการทุจริตในภาครัฐ 4,จองสำเร็จ,2025-10-22 10:07:09
942,2025-11-05,08:30-12:30,OneConferenceRoom 1,ประชุมคณะกรรมการ ป.ป.ท. ประจำเดือน พฤศจิกายน 2568 ครั้งที่ 83/68,นายอำนาจ พวงชมภู,15,2025-10-28 17:33:19,ลลิตตา พานิชผล,กลุ่มงานบริหารคดีและบริหารทั่วไป,กองบริหารคดี,จองสำเร็จ,2025-10-28 17:33:19
943,2025-11-05,08:30-13:00,ห้องประชุมคณะกรรมการ,ประชุมคณะกรรมการ ป.ป.ท. ประจำเดือน พฤศจิกายน 2568 ครั้งที่ 83/68,นายอำนาจ พวงชมภู,15,2025-10-28 17:32:32,ลลิตตา พานิชผล,กลุ่มงานบริหารคดีและบริหารทั่วไป,กองบริหารคดี,จองสำเร็จ,2025-10-28 17:32:32
944,2025-11-05,09:00-17:00,ห้องไต่สวน4,สอบพยาน,พ.ต.ท.เทวิล ชาญกล้า,3,2025-10-21 13:06:59,โรสนา ศักดิ์นภาพรเลิศ,กลุ่มงานปราบปรามการทุจริตหน่วยงานไม่สังกัดกระทรวง ทบวง สำนักนายกรัฐมนตรี,กองปราบปรามการทุจริตในภาครัฐ 5,จองสำเร็จ,2025-10-21 13:06:59
945,2025-11-05,09:00-12:00,ห้องประชุม 1 (ห้องใหญ่),ขอเชิญเข้ารับการปฐมนิเทศ,-,3,2025-11-04 15:21:46,ตติยา แก้วละเอียด,กลุ่มงานบริหารงานบุคคล,สำนักงานเลขาธิการ,จองสำเร็จ,2025-11-04 15:21:46
946,2025-11-05,09:45-12:00,ห้องประชุม(ห้องเล็ก 31),ประชุม กปก.,,5,2025-11-05 09:18:39,สุริยะ พรหมแก้ว,ฝ่ายบริหารทั่วไป,กองป้องกันการทุจริตในภาครัฐ,จองสำเร็จ,2025-11-05 09:18:39
947,2025-11-05,12:00-17:00,ห้องประชุม(ห้องเล็ก 31),ประชุมคณะกรรมการจริยธรรมประจำสำนักงาน ป.ป.ท.,,3,2025-10-28 09:40:42,พัทธนันท์ ประสิทธิวงษ์,กลุ่มงานจริยธรรม,ศูนย์ปฏิบัติการต่อต้านการทุจริต,จองสำเร็จ,2025-10-28 09:40:42
948,2025-11-05,12:00-17:00,Zoom Meeting Room 9,ประชุมคณะกรรมการจริยธรรมประจำสำนักงาน ป.ป.ท.,,10,2025-10-28 09:48:49,พัทธนันท์ ประสิทธิวงษ์,กลุ่มงานจริยธรรม,ศูนย์ปฏิบัติการต่อต้านการทุจริต,จองสำเร็จ,2025-10-28 09:48:49
949,2025-11-05,12:45-16:45,Zoom Meeting Room 1,คณะอนุกรรมการพิจารณากลั่นกรองการเปิดเผยข้อมูลข่าวสาร,,15,2025-10-27 08:42:54,อานนท์ ชนประชา,กลุ่มงานความเห็นแย้ง,กองกฎหมาย,จองสำเร็จ,2025-10-27 08:42:54
950,2025-11-05,12:45-16:45,ห้องประชุม 1 (ห้องใหญ่),คณะอนุกรรมการพิจารณากลั่นกรองการเปิดเผยข้อมูลข่าวสาร,,15,2025-10-27 08:40:02,อานนท์ ชนประชา,กลุ่มงานความเห็นแย้ง,กองกฎหมาย,จองสำเร็จ,2025-10-27 08:40:02
951,2025-11-05,13:00-16:30,ห้องประชุม 2 (ห้องเล็ก),ประชุมอนุเงินเพิ่มฯ ครั้งที่ 11/2568,นายวิเชียร จันทรโณทัย,20,2025-10-17 14:15:57,อธิวัฒน์ ธัมมารัตน์นนท์,กลุ่มงานบริหารงานบุคคล,สำนักงานเลขาธิการ,จองสำเร็จ,2025-10-17 14:15:57
952,2025-11-05,13:00-17:30,Zoom Meeting Room 10,ประชุมอนุเงินเพิ่มฯ ครั้งที่ 11/2568,,10,2025-10-17 14:16:57,อธิวัฒน์ ธัมมารัตน์นนท์,กลุ่มงานบริหารงานบุคคล,สำนักงานเลขาธิการ,จองสำเร็จ,2025-10-17 14:16:57
953,2025-11-05,14:00-17:00,Zoom Meeting Room 2,ประชุมคณะกรรมการตรวจรับงานจ้างที่ปรึกษาฯ กิจกรรมการจัดตั้งศูนย์ประสานงานเพื่ออำนวยความสะดวกการให้บริการภาครัฐในเขต EEC,นางสาวปัทมา ประสิทธิวงษ์,5,2025-11-03 11:38:04,วันนา วิลุนระพันธ์,กลุ่มความร่วมมือและพัฒนานวัตกรรมความโปร่งใสในภาครัฐ,กองการต่างประเทศ,จองสำเร็จ,2025-11-03 11:38:04
954,2025-11-06,07:00-18:00,Zoom Meeting Room 1,สัมมนานโยบายและยุทธศาสตร์ สำนักงาน ป.ป.ท. ประจำปีงบประมาณ 2569,เลขาธิการคณะกรรมการ ป.ป.ท.,300,2025-10-20 16:16:25,กฤตธี เผื่อนพงศ์,กลุ่มงานนโยบายและยุทธศาสตร์,กองยุทธศาสตร์และแผนงาน,จองสำเร็จ,2025-10-20 16:16:25
955,2025-11-06,08:00-16:00,ห้องไต่สวน1,ไต่สวนเ,,5,2025-10-28 11:24:36,มะลิไล แก้วมาดีงาม,กลุ่มงานปราบปรามการทุจริตหน่วยงานไม่สังกัดกระทรวง ทบวง สำนักนายกรัฐมนตรี,กองปราบปรามการทุจริตในภาครัฐ 5,จองสำเร็จ,2025-10-28 11:24:36
956,2025-11-06,08:00-17:00,ห้องไต่สวน2,ไต่สวนเบื้องต้น,นายไพรัตน์ ปัจจะวงษ์,1,2025-10-31 11:16:07,กาญจณา นาวิกนันทน์,กลุ่มงานปราบปรามการทุจริตกระทรวงด้านความมั่นคง 2,กองปราบปรามการทุจริตในภาครัฐ 1,จองสำเร็จ,2025-10-31 11:16:07
957,2025-11-06,08:00-18:00,ห้องอบรม (กพบ),สตง.เข้าตรวจสอบประจำปี 2568,,4,2025-10-06 15:00:14,กนิษฐา จิตพิมาย,กลุ่มงานคลัง,สำนักงานเลขาธิการ,จองสำเร็จ,2025-10-06 15:00:14
958,2025-11-06,09:00-13:00,ห้องประชุม 1 (ห้องใหญ่),ประชุมติดตามสำนวนคดีที่อยู่ในความรับผิดชอบ กปท.5,รองเลขาธิการ ป.ป.ท.1 (รองเอกชัย),25,2025-11-04 17:29:32,เสรี ไกรนารถ,ฝ่ายบริหารทั่วไปและคดี,กองปราบปรามการทุจริตในภาครัฐ 5,จองสำเร็จ,2025-11-05 06:36:09
959,2025-11-06,09:00-17:00,ห้องประชุม (กปท.4),ประชุมร่วมกับสำนักงานเขตปทุมวัน,,15,2025-10-29 09:52:00,วลัยพร พ่วงเจริญ,กลุ่มงานปราบปรามการทุจริตในองค์กรปกครองส่วนท้องถิ่น 2,กองปราบปรามการทุจริตในภาครัฐ 4,จองสำเร็จ,2025-10-29 09:52:00
960,2025-11-06,09:00-13:00,Zoom Meeting Room 2,ประชุมหารือแนวทางการปฏิบัติงานร่วมกับสำนักงานเขตปทุมวัน,นางสาวชิยา ศิริรักษ์,25,2025-11-04 11:59:16,ประภัสรา นิลจันทึก,กลุ่มงานปราบปรามการทุจริตในองค์กรปกครองส่วนท้องถิ่น 2,กองปราบปรามการทุจริตในภาครัฐ 4,จองสำเร็จ,2025-11-04 11:59:16
961,2025-11-06,09:15-23:59,ห้องประชุม(ห้องเล็ก 31),ประชุมคณะกรรมการตรวจรับพัสดุ E- Learning,,5,2025-11-04 14:44:47,สุริยะ พรหมแก้ว,ฝ่ายบริหารทั่วไป,กองป้องกันการทุจริตในภาครัฐ,จองสำเร็จ,2025-11-04 14:44:47
962,2025-11-06,09:30-12:00,ห้องประชุม 2 (ห้องเล็ก),ตรวจสำนวนคดีของคณะกรรมการ ป.ป.ท.,คณะกรรมการ ป.ป.ท.,15,2025-11-05 15:49:07,ลภัสรดา แก้วทองมี,กองปราบปรามการทุจริตในภาครัฐ 3,กองปราบปรามการทุจริตในภาครัฐ 3,จองสำเร็จ,2025-11-05 15:49:07
963,2025-11-06,13:00-15:00,ห้องประชุม(กยผ),ประชุมตรวจรับ ฯ,นพณัช นิลสนธิ,5,2025-11-05 10:26:41,พัชรียา ต่อประดิษฐ์,กลุ่มงานประสานการป้องกันและปราบปรามการทุจริตระหว่างประเทศ,กองการต่างประเทศ,จองสำเร็จ,2025-11-05 10:26:41
964,2025-11-06,13:30-15:30,Zoom Meeting Room 9,ประชุม ผอ. กลุ่มงาน ฯ,,9,2025-11-05 10:58:14,แก้วกาญจน์ ป้อมอุ่นเรือน,กลุ่มงานบริหารคดีและบริหารทั่วไป,สำนักงานป้องกันและปราบปรามการทุจริตในภาครัฐ เขต 3,จองสำเร็จ,2025-11-05 10:58:14
965,2025-11-07,06:00-16:00,ห้องไต่สวน1,ไต่สวนข้อเท็จจริง,,1,2025-10-22 09:08:12,อภิรักษ์ คงคาเพชร,กลุ่มงานปราบปรามการทุจริตในองค์กรปกครองส่วนท้องถิ่น 2,กองปราบปรามการทุจริตในภาครัฐ 4,จองสำเร็จ,2025-10-22 09:08:12
966,2025-11-07,07:00-18:00,Zoom Meeting Room 1,สัมมนานโยบายและยุทธศาสตร์ สำนักงาน ป.ป.ท. ประจำปีงบประมาณ 2569,เลขาธิการคณะกรรมการ ป.ป.ท.,300,2025-10-20 16:18:30,กฤตธี เผื่อนพงศ์,กลุ่มงานนโยบายและยุทธศาสตร์,กองยุทธศาสตร์และแผนงาน,จองสำเร็จ,2025-10-20 16:18:30
967,2025-11-07,08:00-17:00,ห้องไต่สวน2,ไต่สวนเบื้องต้น,นายไพรัตน์ ปัจจะวงษ์,4,2025-10-31 11:16:07,กาญจณา นาวิกนันทน์,กลุ่มงานปราบปรามการทุจริตกระทรวงด้านความมั่นคง 2,กองปราบปรามการทุจริตในภาครัฐ 1,จองสำเร็จ,2025-10-31 11:16:07
968,2025-11-07,08:00-16:00,ห้องไต่สวน3,สอบพยาน,,4,2025-11-03 11:19:16,นวีนา วัฒนประดิษฐ์,กลุ่มงานปราบปรามการทุจริตในองค์กรปกครองส่วนท้องถิ่น 1,กองปราบปรามการทุจริตในภาครัฐ 4,จองสำเร็จ,2025-11-03 11:19:16
969,2025-11-07,08:00-16:30,ห้องประชุม(กยผ),ประชุมกับสำนักงบประมาณ,อัญชิสา ปงคำเฟย,5,2025-11-03 13:43:51,สลักจิต ณ ลำพูน,ฝ่ายบริหารทั่วไป,กองยุทธศาสตร์และแผนงาน,จองสำเร็จ,2025-11-03 13:43:51
970,2025-11-07,08:00-18:00,ห้องอบรม (กพบ),สตง.เข้าตรวจสอบประจำปี 2568,,4,2025-10-06 15:00:52,กนิษฐา จิตพิมาย,กลุ่มงานคลัง,สำนักงานเลขาธิการ,จองสำเร็จ,2025-10-06 15:00:52
971,2025-11-07,08:30-16:00,ห้องประชุม 1 (ห้องใหญ่),ประชุมพิจารณาแผนปฏิบัติการขับเคลื่อนกลไกส่งเสริมและสนับสนุนให้ภาคประชาสังคมรวมตัวกันเพื่อมีส่วนร่วมในการป้องกันการทุจริต (สปท. ป.ป.ท.) ปีงบประมาณ พ.ศ. 2569,นายเอกชัย เกษมสุขธวัช รองเลขาธิการคณะกรรมการ ป.ป.ท.,15,2025-10-27 14:13:30,เกศรารัตติ์ บุนนท์,กลุ่มงานเครือข่ายภาคประชาสังคมป้องกันการทุจริต,กองป้องกันการทุจริตในภาครัฐ,จองสำเร็จ,2025-10-27 14:13:30
972,2025-11-07,08:30-16:00,Zoom Meeting Room 8,ประชุมพิจารณาแผนปฏิบัติการขับเคลื่อนกลไกส่งเสริมและสนับสนุนให้ภาคประชาสังคมรวมตัวกันเพื่อมีส่วนร่วมในการป้องกันการทุจริต (สปท. ป.ป.ท.) ปีงบประมาณ พ.ศ. 2569,นายเอกชัย เกษมสุขธวัช รองเลขาธิการคณะกรรมการ ป.ป.ท.,20,2025-10-27 14:13:30,เกศรารัตติ์ บุนนท์,กลุ่มงานเครือข่ายภาคประชาสังคมป้องกันการทุจริต,กองป้องกันการทุจริตในภาครัฐ,จองสำเร็จ,2025-10-27 14:13:30
973,2025-11-07,09:00-16:30,ห้องประชุม 2 (ห้องเล็ก),ประชุมคณะอนุกรรมการกลั่นกรองฯ คณะที่ 2,นายพิทักษ์ คงจันทร์,9,2025-10-30 12:33:37,ฤาฤทธิ์ เริงสมุทร์,กลุ่มงานคำวินิจฉัยและมติคณะกรรมการ,กองบริหารคดี,จองสำเร็จ,2025-10-30 12:33:37
974,2025-11-07,09:00-16:30,ห้องไต่สวน4,สอบผู้ร้อง,วรรณฉวี ชื้นจะบก,3,2025-11-03 09:52:19,วรรณฉวี ชื้นจะบก,กลุ่มงานปราบปรามการทุจริตกระทรวงด้านความมั่นคง 2,กองปราบปรามการทุจริตในภาครัฐ 1,จองสำเร็จ,2025-11-03 09:52:19
975,2025-11-07,09:00-16:30,OneConferenceRoom 1,ประชุมคณะอนุกรรมการกลั่นกรองฯ คณะที่ 2,"นายพิทักษ์ คงจันทร์	ประธานอนุกรรมการ",9,2025-10-20 17:57:23,ฤาฤทธิ์ เริงสมุทร์,กลุ่มงานคำวินิจฉัยและมติคณะกรรมการ,กองบริหารคดี,จองสำเร็จ,2025-10-20 17:57:23
976,2025-11-07,09:00-16:30,ห้องประชุมคณะกรรมการ,ประชุมคณะอนุกรรมการกลั่นกรองฯ คณะที่ 2,"นายพิทักษ์ คงจันทร์	ประธานอนุกรรมการ",9,2025-10-20 17:57:23,ฤาฤทธิ์ เริงสมุทร์,กลุ่มงานคำวินิจฉัยและมติคณะกรรมการ,กองบริหารคดี,จองสำเร็จ,2025-10-20 17:57:23
977,2025-11-07,09:15-23:59,ห้องประชุม(ห้องเล็ก 31),ประชุมคณะกรรมการตรวจรับพัสดุ E- Learning,,5,2025-11-04 14:45:23,สุริยะ พรหมแก้ว,ฝ่ายบริหารทั่วไป,กองป้องกันการทุจริตในภาครัฐ,จองสำเร็จ,2025-11-04 14:45:23
978,2025-11-07,12:30-16:45,Zoom Meeting Room 9,ประชุมคณะกรรมการคัดเลือกพนักงาน ป.ป.ท. และเจ้าหน้าที่ ป.ป.ท. ดีเด่นประจำปี 2568,พ.ต.ท. สิริพงษ์ ศรีตุลา,10,2025-10-31 09:08:55,ตะวัน ราชไลกิจ,กลุ่มงานบริหารงานบุคคล,สำนักงานเลขาธิการ,จองสำเร็จ,2025-10-31 09:08:55
979,2025-11-07,14:00-17:00,OneConferenceRoom 3,ประชุมคณะอนุกรรมการไต่สวนฯ เรื่องที่ 112465/2560,นายอริยวัตถ์ เที่ยงธรรมโม,2,2025-10-28 10:17:22,วัชรินทร์ เมฆอับ,กลุ่มงานปราบปรามการทุจริตในภาครัฐ 1,สำนักงานป้องกันและปราบปรามการทุจริตในภาครัฐ เขต 6,จองสำเร็จ,2025-10-28 10:17:22
980,2025-11-10,08:00-16:30,Zoom Meeting Room 1,ประชุมโครงการอบรมเพื่อเพิ่มประสิทธิภาพการประเมินผลการควบคุมภายในของหน่วยงานในสังกัดสำนักงาน ป.ป.ท.,ผอ.กตน.,15,2025-10-22 11:37:59,พิมพ์จุฑา ชินวงศ์สกุล,กลุ่มตรวจสอบภายใน,กลุ่มตรวจสอบภายใน,จองสำเร็จ,2025-10-22 11:37:59
981,2025-11-10,08:00-17:00,ห้องไต่สวน2,ไต่สวน สอบปากคำพยาน,,1,2025-10-27 14:48:44,รัตติกาล ณ ราช,กลุ่มงานปราบปรามการทุจริตหน่วยงานในสังกัดสำนักนายกรัฐมนตรี,กองปราบปรามการทุจริตในภาครัฐ 5,จองสำเร็จ,2025-10-27 14:48:44
982,2025-11-10,08:00-17:00,ห้องประชุม(ห้องเล็ก 31),ประชุมโครงการอบรมเพื่อเพิ่มประสิทธิภาพการประเมินผลการควบคุมภายในของหน่วยงานในสังกัดสำนักงาน ป.ป.ท.,ผอ.กตน.,10,2025-10-22 11:23:16,พิมพ์จุฑา ชินวงศ์สกุล,กลุ่มตรวจสอบภายใน,กลุ่มตรวจสอบภายใน,จองสำเร็จ,2025-10-22 11:23:16
983,2025-11-10,08:00-18:00,ห้องอบรม (กพบ),สตง.เข้าตรวจสอบประจำปี 2568,,4,2025-10-06 15:01:44,กนิษฐา จิตพิมาย,กลุ่มงานคลัง,สำนักงานเลขาธิการ,จองสำเร็จ,2025-10-06 15:01:44
984,2025-11-10,08:45-15:00,ห้องประชุมคณะกรรมการ,ประชุมคณะอนุกรรมการกลั่นกรองฯ คณะที่ 1,พลโท นพพร โควหกุล ประธานอนุกรรมการฯ,9,2025-10-06 17:01:18,ปิยะนุช ชูเมือง,กลุ่มงานคำวินิจฉัยและมติคณะกรรมการ,กองบริหารคดี,จองสำเร็จ,2025-10-06 17:01:18
985,2025-11-10,09:00-17:00,ห้องไต่สวน1,แจ้งข้อกล่าวหาคดีไต่สวน,-,3,2025-10-24 13:20:17,ดารณี ปฐมโยธิน,กลุ่มงานปราบปรามการทุจริตกระทรวงด้านความมั่นคง 2,กองปราบปรามการทุจริตในภาครัฐ 1,จองสำเร็จ,2025-10-24 13:20:17
986,2025-11-10,09:00-17:30,ห้องประชุม 1 (ห้องใหญ่),หารือการจัดทำร่างประกาศคณะอนุกรรมการคัดเลือกฯ ครั้งที่ 2,,10,2025-11-04 15:01:33,อธิวัฒน์ ธัมมารัตน์นนท์,กลุ่มงานบริหารงานบุคคล,สำนักงานเลขาธิการ,จองสำเร็จ,2025-11-04 15:01:33
987,2025-11-10,09:00-17:30,Zoom Meeting Room 9,หารือการจัดทำร่างประกาศคณะอนุกรรมการคัดเลือกฯ ครั้งที่ 2,,300,2025-11-04 14:59:37,อธิวัฒน์ ธัมมารัตน์นนท์,กลุ่มงานบริหารงานบุคคล,สำนักงานเลขาธิการ,จองสำเร็จ,2025-11-04 14:59:37
988,2025-11-10,09:00-17:30,Zoom Meeting Room 10,หารือการจัดทำร่างประกาศคณะอนุกรรมการคัดเลือกฯ ครั้งที่ 2,,300,2025-11-04 15:00:22,อธิวัฒน์ ธัมมารัตน์นนท์,กลุ่มงานบริหารงานบุคคล,สำนักงานเลขาธิการ,จองสำเร็จ,2025-11-04 15:00:22
989,2025-11-10,09:00-15:00,OneConferenceRoom 1,ประชุมคณะอนุกรรมการกลั่นกรองฯ คณะที่ 1,พลโท นพพร โควหกุล,9,2025-10-06 17:04:18,ปิยะนุช ชูเมือง,กลุ่มงานคำวินิจฉัยและมติคณะกรรมการ,กองบริหารคดี,จองสำเร็จ,2025-10-06 17:04:18
990,2025-11-10,09:30-16:30,ห้องประชุม 2 (ห้องเล็ก),ประชุมคณะอนุกรรมการกลั่นกรองฯ คณะที่ 5 ครั้งที่ 24-1/2569,นายประพาฬ อนมาน,9,2025-10-17 15:54:54,พิศาล เฝื่อชาติ,กลุ่มงานคำวินิจฉัยและมติคณะกรรมการ,กองบริหารคดี,จองสำเร็จ,2025-10-17 15:54:54
991,2025-11-10,10:00-16:30,Zoom Meeting Room 3,หารือการเลือกผู้ทรงคุณวุฒิในอกพ. สำนักงาน ป.ป.ท.,,15,2025-11-06 14:05:45,กิตวิภา สุวรรณรัตน์,กลุ่มงานพัฒนาบุคลากร,สำนักงานเลขาธิการ,จองสำเร็จ,2025-11-07 14:52:36
992,2025-11-10,13:00-23:59,ห้องประชุม (กปท.4),ประชุม ตรวจระบบ PACC E-Learning,นางสาวปิยนุช จันทน์สูคนธ์,5,2025-11-08 01:41:44,กิติคุณ โตรักษา,กลุ่มงานวิชาการและพัฒนานวัตกรรมด้านการป้องกัน,กองป้องกันการทุจริตในภาครัฐ,จองสำเร็จ,2025-11-08 01:42:23
993,2025-11-10,13:00-16:30,Zoom Meeting Room 8,ประชุมระบบ CRA,,10,2025-11-10 10:42:49,กฤษฏ์ ธวัชชัยวิสุทธิ์,กลุ่มงานปราบปรามการทุจริตหน่วยงานไม่สังกัดกระทรวง ทบวง สำนักนายกรัฐมนตรี,กองปราบปรามการทุจริตในภาครัฐ 5,จองสำเร็จ,2025-11-10 10:42:49
994,2025-11-10,14:00-16:00,OneConferenceRoom 2,ประชุมคณะอนุกรรมการไต่สวน,นายสุภาพ ศิริ,5,2025-11-06 12:02:07,วิสุทธิ์ แสนสำราญ,กลุ่มงานปราบปรามการทุจริตในภาครัฐ 1,สำนักงานป้องกันและปราบปรามการทุจริตในภาครัฐ เขต 6,จองสำเร็จ,2025-11-06 12:02:07
995,2025-11-10,14:45-16:00,Zoom Meeting Room 7,เชิญประชุมประเมินบุคคลฯ (โอน),-,5,2025-11-06 09:19:54,ตติยา แก้วละเอียด,กลุ่มงานบริหารงานบุคคล,สำนักงานเลขาธิการ,จองสำเร็จ,2025-11-06 09:45:31
996,2025-11-11,08:00-16:30,Zoom Meeting Room 1,ประชุมโครงการอบรมเพื่อเพิ่มประสิทธิภาพการประเมินผลการควบคุมภายในของหน่วยงานในสังกัดสำนักงาน ป.ป.ท.,ผอ.กตน.,15,2025-10-22 11:39:21,พิมพ์จุฑา ชินวงศ์สกุล,กลุ่มตรวจสอบภายใน,กลุ่มตรวจสอบภายใน,จองสำเร็จ,2025-10-22 11:39:21
997,2025-11-11,08:00-18:00,ห้องไต่สวน1,สอบถ้อยคำพยาน,ระวิพรรณ จินดาดวง,4,2025-10-26 19:58:35,ระวิพรรณ จินดาดวง,กลุ่มงานปราบปรามการทุจริตกระทรวงด้านความมั่นคง 1,กองปราบปรามการทุจริตในภาครัฐ 1,จองสำเร็จ,2025-10-26 19:58:35
998,2025-11-11,08:00-16:30,ห้องประชุม(ห้องเล็ก 31),ประชุมโครงการอบรมเพื่อเพิ่มประสิทธิภาพการประเมินผลการควบคุมภายในของหน่วยงานในสังกัดสำนักงาน ป.ป.ท.,ผอ.กตน.,15,2025-10-22 11:33:06,พิมพ์จุฑา ชินวงศ์สกุล,กลุ่มตรวจสอบภายใน,กลุ่มตรวจสอบภายใน,จองสำเร็จ,2025-10-22 11:33:06
999,2025-11-11,08:00-18:00,ห้องอบรม (กพบ),สตง.เข้าตรวจสอบประจำปี 2568,,4,2025-10-06 15:02:35,กนิษฐา จิตพิมาย,กลุ่มงานคลัง,สำนักงานเลขาธิการ,จองสำเร็จ,2025-10-06 15:02:35
1000,2025-11-11,08:15-15:30,ห้องไต่สวน4,ไต่สวน,-,3,2025-10-30 13:55:21,ณัฏฐพล ศุรธีร์โกศล,กลุ่มงานปราบปรามการทุจริตหน่วยงานในสังกัดสำนักนายกรัฐมนตรี,กองปราบปรามการทุจริตในภาครัฐ 5,จองสำเร็จ,2025-10-30 13:55:21
1001,2025-11-11,08:30-12:30,OneConferenceRoom 1,ประชุมคณะกรรมการ ป.ป.ท. ประจำเดือน พฤศจิกายน 2568 ครั้งที่ 84/68,นายอำนาจ พวงชมภู,15,2025-10-28 17:36:39,ลลิตตา พานิชผล,กลุ่มงานบริหารคดีและบริหารทั่วไป,กองบริหารคดี,จองสำเร็จ,2025-11-06 17:58:22
1002,2025-11-11,08:30-12:30,ห้องประชุมคณะกรรมการ,ประชุมคณะกรรมการ ป.ป.ท. ประจำเดือน พฤศจิกายน 2568 ครั้งที่ 84/68,นายอำนาจ พวงชมภู,15,2025-10-28 17:35:08,ลลิตตา พานิชผล,กลุ่มงานบริหารคดีและบริหารทั่วไป,กองบริหารคดี,จองสำเร็จ,2025-11-06 18:05:17
1003,2025-11-11,09:00-12:00,ห้องไต่สวน3,ไต่สวน,พ.ต.ท.เทวิล ชาญกล้า,3,2025-11-11 08:40:49,โรสนา ศักดิ์นภาพรเลิศ,กลุ่มงานปราบปรามการทุจริตหน่วยงานไม่สังกัดกระทรวง ทบวง สำนักนายกรัฐมนตรี,กองปราบปรามการทุจริตในภาครัฐ 5,จองสำเร็จ,2025-11-11 08:40:49
1004,2025-11-11,09:00-16:30,ห้องประชุม(กยผ),ประชุมคกก.ตรวจรับงานจ้างที่ปรึกษา CPI (งวดงานที่ 1) (แก้ไขครั้งที่ 6),นางสาวกิตวิภา สุวรรรรัตน์,7,2025-11-06 09:24:07,กิริยา พิชยวัฒน์,กลุ่มความร่วมมือและพัฒนานวัตกรรมความโปร่งใสในภาครัฐ,กองการต่างประเทศ,จองสำเร็จ,2025-11-10 16:11:07
1005,2025-11-11,09:00-21:00,ห้องประชุม (กปท.4),ประชุมคณะกรรมการตรวจรับพัสดุ E- Learning,,5,2025-11-07 13:38:25,สุริยะ พรหมแก้ว,ฝ่ายบริหารทั่วไป,กองป้องกันการทุจริตในภาครัฐ,จองสำเร็จ,2025-11-07 13:38:25
1006,2025-11-11,09:00-16:30,Zoom Meeting Room 3,ประชุมคกก.ตรวจรับงานจ้างที่ปรึกษา CPI (งวดงานที่ 1) (แก้ไขครั้งที่ 6),นางสาวกิตวิภา สุวรรณรัตน์,7,2025-11-10 16:13:14,กิริยา พิชยวัฒน์,กลุ่มความร่วมมือและพัฒนานวัตกรรมความโปร่งใสในภาครัฐ,กองการต่างประเทศ,จองสำเร็จ,2025-11-10 16:13:14
1007,2025-11-11,09:30-12:30,Zoom Meeting Room 2,ประชุมคณะทำงานดำเนินโครงการเฝ้าระวัง ป้องกัน ตรวจสอบ และติดตามการจัดสอบแข่งขันเพื่อบรรจุบุคคลเป็นข้าราชการหรือพนักงานส่วนท้องถิ่น,นายเอกชัย เกษมสุขธวัช รองเลขาธิการคณะกรรมการ ป.ป.ท. หัวหน้าคณะทำงาน,20,2025-10-22 14:55:34,ศิริพักร์ แก้วจันทร์,กลุ่มงานปราบปรามการทุจริตในองค์กรปกครองส่วนท้องถิ่น 2,กองปราบปรามการทุจริตในภาครัฐ 4,จองสำเร็จ,2025-11-11 08:39:09
1008,2025-11-11,10:00-12:30,ห้องประชุม 2 (ห้องเล็ก),ประชุมคณะทำงานดำเนินโครงการเฝ้าระวัง ป้องกัน ตรวจสอบ และติดตามการจัดสอบแข่งขันเพื่อบรรจุบุคคลเป็นข้าราชการหรือพนักงานส่วนท้องถิ่น,นายเอกชัย เกษมสุขธวัช รองเลขาธิการคณะกรรมการ ป.ป.ท. หัวหน้าคณะทำงาน,20,2025-10-22 14:45:16,ศิริพักร์ แก้วจันทร์,กลุ่มงานปราบปรามการทุจริตในองค์กรปกครองส่วนท้องถิ่น 2,กองปราบปรามการทุจริตในภาครัฐ 4,จองสำเร็จ,2025-11-11 08:37:43
1009,2025-11-11,13:00-16:00,ห้องไต่สวน2,ไต่สวน,,3,2025-11-07 11:08:44,พรพรรณ พรมมา,กลุ่มงานปราบปรามการทุจริตหน่วยงานในสังกัดสำนักนายกรัฐมนตรี,กองปราบปรามการทุจริตในภาครัฐ 5,จองสำเร็จ,2025-11-07 11:08:44
1010,2025-11-12,08:00-16:30,Zoom Meeting Room 1,ประชุมโครงการอบรมเพื่อเพิ่มประสิทธิภาพการประเมินผลการควบคุมภายในของหน่วยงานในสังกัดสำนักงาน ป.ป.ท.,ผอ.กตน.,15,2025-10-22 11:40:17,พิมพ์จุฑา ชินวงศ์สกุล,กลุ่มตรวจสอบภายใน,กลุ่มตรวจสอบภายใน,จองสำเร็จ,2025-10-22 11:40:17
1011,2025-11-12,08:00-18:00,ห้องไต่สวน1,สอบถ้อยคำพยาน,ระวิพรรณ จินดาดวง,4,2025-10-26 19:59:48,ระวิพรรณ จินดาดวง,กลุ่มงานปราบปรามการทุจริตกระทรวงด้านความมั่นคง 1,กองปราบปรามการทุจริตในภาครัฐ 1,จองสำเร็จ,2025-10-26 19:59:48
1012,2025-11-12,08:00-17:00,ห้องไต่สวน3,ประชุมคดีไต่สวน,,1,2025-11-10 09:48:33,อนาวิล เกตพันธ์,กลุ่มงานปราบปรามการทุจริตในองค์กรปกครองส่วนท้องถิ่น 1,กองปราบปรามการทุจริตในภาครัฐ 4,จองสำเร็จ,2025-11-10 09:48:33
1013,2025-11-12,08:00-16:30,ห้องประชุม(ห้องเล็ก 31),ประชุมโครงการอบรมเพื่อเพิ่มประสิทธิภาพการประเมินผลการควบคุมภายในของหน่วยงานในสังกัดสำนักงาน ป.ป.ท.,ผอ.กตน.,15,2025-10-22 11:34:30,พิมพ์จุฑา ชินวงศ์สกุล,กลุ่มตรวจสอบภายใน,กลุ่มตรวจสอบภายใน,จองสำเร็จ,2025-10-22 11:34:30
1014,2025-11-12,08:00-18:00,ห้องอบรม (กพบ),สตง.เข้าตรวจสอบประจำปี 2568,,4,2025-10-06 15:03:24,กนิษฐา จิตพิมาย,กลุ่มงานคลัง,สำนักงานเลขาธิการ,จองสำเร็จ,2025-10-06 15:03:24
1015,2025-11-12,08:30-16:30,ห้องไต่สวน2,สอบพยาน,นางสาวชิยา ศิริรักษ์,5,2025-11-07 17:01:31,นวีนา วัฒนประดิษฐ์,กลุ่มงานปราบปรามการทุจริตในองค์กรปกครองส่วนท้องถิ่น 1,กองปราบปรามการทุจริตในภาครัฐ 4,จองสำเร็จ,2025-11-07 17:01:31
1016,2025-11-12,08:30-12:00,Zoom Meeting Room 6,การประชุมผู้บริหารสำนักงาน ป.ป.ท. ครั้งที่ 7/2568,,1,2025-11-04 18:19:41,ตรียภรณ์ กองอ้น,กลุ่มงานป้องกันการทุจริตในภาครัฐ,สำนักงานป้องกันและปราบปรามการทุจริตในภาครัฐ เขต 5,จองสำเร็จ,2025-11-10 16:22:17
1017,2025-11-12,09:00-21:00,ห้องประชุม (กปท.4),ประชุมคณะกรรมการตรวจรับพัสดุ E- Learning,,5,2025-11-07 13:41:30,สุริยะ พรหมแก้ว,ฝ่ายบริหารทั่วไป,กองป้องกันการทุจริตในภาครัฐ,จองสำเร็จ,2025-11-07 13:41:30
1018,2025-11-12,10:00-12:00,Zoom Meeting Room 3,ประชุมคณะทำงานการจัดการความรู้ (KM) ปปท.เขต ๔,นายสวัสดิ์ นาสมฝัน,6,2025-11-06 10:35:49,ทัศนีย์ แสนลี,กลุ่มงานปราบปรามการทุจริตในภาครัฐ 3,สำนักงานป้องกันและปราบปรามการทุจริตในภาครัฐ เขต 4,จองสำเร็จ,2025-11-06 15:36:54
1019,2025-11-12,12:00-17:00,ห้องประชุม(กยผ),สำนักงบประมาณ ติดตามการดำเนินงานก่อสร้างอาคารสำนักงาน ป.ป.ท. ส่วนกลาง,ผอ.กยผ.,15,2025-11-11 11:23:40,ชญาดา ดีเปี่ยม,กลุ่มงานแผนงานและงบประมาณ,กองยุทธศาสตร์และแผนงาน,จองสำเร็จ,2025-11-11 11:23:40
1020,2025-11-12,13:00-16:30,ห้องประชุม 2 (ห้องเล็ก),ประชุม กปก.,,18,2025-11-12 08:24:55,สุริยะ พรหมแก้ว,ฝ่ายบริหารทั่วไป,กองป้องกันการทุจริตในภาครัฐ,จองสำเร็จ,2025-11-12 08:24:55
1021,2025-11-12,14:30-16:30,Zoom Meeting Room 9,ประชุมติดตามสำนวนที่คณะกรรมการ ป.ป.ท. มีมติให้ดำเนินการเพิ่มเติม,นายเอกชัย เกษมสุขธวัช รองเลขาธิการคณะกรรมการ ป.ป.ท. 1,30,2025-11-12 08:53:38,วิศิษฏ์ นาคะเสงี่ยม,กลุ่มงานสารบรรณ,สำนักงานเลขาธิการ,จองสำเร็จ,2025-11-12 08:53:38
1022,2025-11-13,08:00-16:30,Zoom Meeting Room 1,ประชุมโครงการอบรมเพื่อเพิ่มประสิทธิภาพการประเมินผลการควบคุมภายในของหน่วยงานในสังกัดสำนักงาน ป.ป.ท.,ผอ.กตน.,50,2025-10-22 11:41:18,พิมพ์จุฑา ชินวงศ์สกุล,กลุ่มตรวจสอบภายใน,กลุ่มตรวจสอบภายใน,จองสำเร็จ,2025-10-22 11:41:18
1023,2025-11-13,08:00-12:00,ห้องไต่สวน1,ประชุมคณะพนักงานไต่สวน,,1,2025-11-10 09:46:11,อนาวิล เกตพันธ์,กลุ่มงานปราบปรามการทุจริตในองค์กรปกครองส่วนท้องถิ่น 1,กองปราบปรามการทุจริตในภาครัฐ 4,จองสำเร็จ,2025-11-10 09:46:11
1024,2025-11-13,08:00-17:00,ห้องไต่สวน4,ไต่สวนข้อเท็จจริง,,3,2025-10-07 16:27:14,รัตติกาล ณ ราช,กลุ่มงานปราบปรามการทุจริตหน่วยงานในสังกัดสำนักนายกรัฐมนตรี,กองปราบปรามการทุจริตในภาครัฐ 5,จองสำเร็จ,2025-10-07 16:27:14
1025,2025-11-13,08:00-16:30,ห้องประชุม(ห้องเล็ก 31),ประชุมโครงการอบรมเพื่อเพิ่มประสิทธิภาพการประเมินผลการควบคุมภายในของหน่วยงานในสังกัดสำนักงาน ป.ป.ท.,ผอ.กตน.,15,2025-10-22 11:35:53,พิมพ์จุฑา ชินวงศ์สกุล,กลุ่มตรวจสอบภายใน,กลุ่มตรวจสอบภายใน,จองสำเร็จ,2025-10-22 11:35:53
1026,2025-11-13,08:00-18:00,ห้องอบรม (กพบ),สตง.เข้าตรวจสอบประจำปี 2568,,4,2025-10-06 15:11:09,กนิษฐา จิตพิมาย,กลุ่มงานคลัง,สำนักงานเลขาธิการ,จองสำเร็จ,2025-10-06 15:11:09
1027,2025-11-13,08:45-16:30,ห้องไต่สวน3,ไต่สวน,,5,2025-11-10 15:20:41,วิชาญ พิเนตรเสถียร,กลุ่มงานปราบปรามการทุจริตหน่วยงานไม่สังกัดกระทรวง ทบวง สำนักนายกรัฐมนตรี,กองปราบปรามการทุจริตในภาครัฐ 5,จองสำเร็จ,2025-11-10 15:20:41
1028,2025-11-13,09:00-21:00,ห้องประชุม (กปท.4),ประชุมคณะกรรมการตรวจรับพัสดุ E- Learning,,5,2025-11-07 13:42:42,สุริยะ พรหมแก้ว,ฝ่ายบริหารทั่วไป,กองป้องกันการทุจริตในภาครัฐ,จองสำเร็จ,2025-11-07 13:42:42
1029,2025-11-13,10:00-12:00,ห้องไต่สวน2,สอบพยาน,-,4,2025-11-03 16:03:41,มานพ ธงชัย,กลุ่มงานปราบปรามการทุจริตในองค์กรปกครองส่วนท้องถิ่น 2,กองปราบปรามการทุจริตในภาครัฐ 4,จองสำเร็จ,2025-11-03 16:03:41
1030,2025-11-13,13:00-16:00,ห้องประชุม 2 (ห้องเล็ก),ประชุมบูรณาการร่วมกับ ป.ย.ป.,นางสาวกิตวิภา สุวรรณรัตน์,15,2025-11-06 10:15:38,แพรววนิต เวียงมูล,กลุ่มความร่วมมือและพัฒนานวัตกรรมความโปร่งใสในภาครัฐ,กองการต่างประเทศ,จองสำเร็จ,2025-11-06 10:15:38
1031,2025-11-14,08:00-16:30,Zoom Meeting Room 1,ประชุมถ่ายทอดสัญญาอบรมการใช้งานระบบ CRAMP,,100,2025-11-05 09:14:44,กฤษฏ์ ธวัชชัยวิสุทธิ์,กลุ่มงานปราบปรามการทุจริตหน่วยงานไม่สังกัดกระทรวง ทบวง สำนักนายกรัฐมนตรี,กองปราบปรามการทุจริตในภาครัฐ 5,จองสำเร็จ,2025-11-05 09:14:44
1032,2025-11-14,08:00-13:00,ห้องไต่สวน2,สอบพยาน,,1,2025-10-27 11:07:33,อนาวิล เกตพันธ์,กลุ่มงานปราบปรามการทุจริตในองค์กรปกครองส่วนท้องถิ่น 1,กองปราบปรามการทุจริตในภาครัฐ 4,จองสำเร็จ,2025-10-27 11:07:33
1033,2025-11-14,08:00-17:00,ห้องไต่สวน4,สอบถ้อยคำพยาน,ระวิพรรณ จินดาดวง,4,2025-11-10 11:25:17,ระวิพรรณ จินดาดวง,กลุ่มงานปราบปรามการทุจริตกระทรวงด้านความมั่นคง 1,กองปราบปรามการทุจริตในภาครัฐ 1,จองสำเร็จ,2025-11-10 11:25:17
1034,2025-11-14,08:00-16:30,ห้องประชุม(ห้องเล็ก 31),ประชุมถ่ายทอดสัญญาอบรมการใช้งานระบบ CRAMP,,10,2025-11-05 09:12:39,กฤษฏ์ ธวัชชัยวิสุทธิ์,กลุ่มงานปราบปรามการทุจริตหน่วยงานไม่สังกัดกระทรวง ทบวง สำนักนายกรัฐมนตรี,กองปราบปรามการทุจริตในภาครัฐ 5,จองสำเร็จ,2025-11-05 09:12:39
1035,2025-11-14,08:00-18:00,ห้องอบรม (กพบ),สตง.เข้าตรวจสอบประจำปี 2568,,4,2025-10-06 15:11:58,กนิษฐา จิตพิมาย,กลุ่มงานคลัง,สำนักงานเลขาธิการ,จองสำเร็จ,2025-10-06 15:11:58
1036,2025-11-14,08:30-16:30,ห้องประชุม 2 (ห้องเล็ก),ประชุมคณะอนุกรรมการกลั่นกรองฯ คณะที่ 3,นายภาส ภาสสัทธา,9,2025-10-28 14:45:20,นงค์ลักษณ์ ยั่งยืน,กลุ่มงานคำวินิจฉัยและมติคณะกรรมการ,กองบริหารคดี,จองสำเร็จ,2025-10-28 14:45:20
1037,2025-11-14,08:30-16:30,ห้องไต่สวน1,สอบถ้อยคำพยาน,,4,2025-11-06 11:03:51,ศิริพักร์ แก้วจันทร์,กลุ่มงานปราบปรามการทุจริตในองค์กรปกครองส่วนท้องถิ่น 2,กองปราบปรามการทุจริตในภาครัฐ 4,จองสำเร็จ,2025-11-06 11:03:51
1038,2025-11-14,09:00-12:00,ห้องไต่สวน3,สอบปากคำ,,4,2025-11-06 11:13:31,ทนายศักดิ์ โสภิณสูงเนิน,กลุ่มงานปราบปรามการทุจริตในภาครัฐ 2,สำนักงานป้องกันและปราบปรามการทุจริตในภาครัฐ เขต 3,จองสำเร็จ,2025-11-06 11:13:31
1039,2025-11-14,09:00-16:30,ห้องประชุม 1 (ห้องใหญ่),การประชุมคณะอนุกรรมการกลั่นกรองฯ คณะที่ 4,พลโท กิตติยุทธ  กิตติยุทธโยธิน,9,2025-10-28 09:55:39,ณัฐฐพิชา นาวินธรรม,กลุ่มงานคำวินิจฉัยและมติคณะกรรมการ,กองบริหารคดี,จองสำเร็จ,2025-10-31 13:51:02
1040,2025-11-14,09:00-17:30,ห้องประชุม(กยผ),หารือการจัดทำร่างประกาศคณะอนุกรรมการคัดเลือกฯ ครั้งที่ 3,,10,2025-11-11 14:56:42,อธิวัฒน์ ธัมมารัตน์นนท์,กลุ่มงานบริหารงานบุคคล,สำนักงานเลขาธิการ,จองสำเร็จ,2025-11-11 14:56:42
1041,2025-11-14,09:00-21:00,ห้องประชุม (กปท.4),ประชุมคณะกรรมการตรวจรับพัสดุ E- Learning,,5,2025-11-07 14:36:05,สุริยะ พรหมแก้ว,ฝ่ายบริหารทั่วไป,กองป้องกันการทุจริตในภาครัฐ,จองสำเร็จ,2025-11-07 14:36:05
1042,2025-11-14,09:00-17:30,Zoom Meeting Room 9,หารือการจัดทำร่างประกาศคณะอนุกรรมการคัดเลือกฯ ครั้งที่ 3,,100,2025-11-11 14:57:31,อธิวัฒน์ ธัมมารัตน์นนท์,กลุ่มงานบริหารงานบุคคล,สำนักงานเลขาธิการ,จองสำเร็จ,2025-11-11 14:57:31
1043,2025-11-14,09:00-16:30,OneConferenceRoom 1,การประชุมคณะอนุกรรมการกลั่นกรองฯ คณะที่ 4,พลโท กิตติยุทธ  กิตติยุทธโยธิน,9,2025-10-28 09:55:39,ณัฐฐพิชา นาวินธรรม,กลุ่มงานคำวินิจฉัยและมติคณะกรรมการ,กองบริหารคดี,จองสำเร็จ,2025-10-31 13:51:02
1044,2025-11-14,09:30-12:00,OneConferenceRoom 2,ประชุมคณะอนุกรรมการไต่สวน ตามคำสั่งคระกรรมการ ป.ป.ท. ที่ 464/2564,นายธรรมนูญ ภาคธูป,3,2025-11-12 13:36:36,ยงค์ยุทธ บวรธนเรืองกุล,กลุ่มงานป้องกันการทุจริตในภาครัฐ,สำนักงานป้องกันและปราบปรามการทุจริตในภาครัฐ เขต 4,จองสำเร็จ,2025-11-12 13:36:36
1045,2025-11-14,10:00-12:00,Zoom Meeting Room 6,สัมภาษณ์คัดเลือกลูกจ้าง,-,1,2025-11-13 11:44:40,ปิยพัชร์ ชาญชัยพิบูลนนท์,ฝ่ายบริหารทั่วไป,กองป้องกันการทุจริตในภาครัฐ,จองสำเร็จ,2025-11-13 13:07:56
1046,2025-11-14,10:00-11:00,OneConferenceRoom 3,ประชุมคณะอนุกรรมการไต่สวน เรื่องที่ 100822/2561 ครั้งที่ 6 – 1/2569,นายกฤษณ์ กระแสเวส,6,2025-10-31 17:33:01,ศิรพงศ์ จิตจิรวัฒน์,กลุ่มงานปราบปรามการทุจริตในภาครัฐ 3,สำนักงานป้องกันและปราบปรามการทุจริตในภาครัฐ เขต 5,จองสำเร็จ,2025-10-31 17:33:01
1047,2025-11-14,12:30-17:00,Zoom Meeting Room 2,การถ่ายทอดการอบรม,,200,2025-11-05 10:22:00,ริญญรัตน์ ฐิติสมานรัตน์,กลุ่มงานปราบปรามการทุจริตกระทรวงด้านสังคม,กองปราบปรามการทุจริตในภาครัฐ 2,จองสำเร็จ,2025-11-05 10:22:00
1048,2025-11-14,13:30-15:00,OneConferenceRoom 3,ประชุมคณะอนุกรรมการไต่สวน เรื่องที่ 0227/2567,นายสุภาพ ศิริ,2,2025-11-14 10:45:43,ชุติมน แปงคำเรือง,กลุ่มงานปราบปรามการทุจริตในภาครัฐ 2,สำนักงานป้องกันและปราบปรามการทุจริตในภาครัฐ เขต 6,จองสำเร็จ,2025-11-14 10:45:43
1049,2025-11-17,08:00-17:00,ห้องไต่สวน3,สอบพยาน,วรรณฉวี ชื้นจะบก,3,2025-11-07 09:29:35,วรรณฉวี ชื้นจะบก,กลุ่มงานปราบปรามการทุจริตกระทรวงด้านความมั่นคง 2,กองปราบปรามการทุจริตในภาครัฐ 1,จองสำเร็จ,2025-11-07 09:29:35
1050,2025-11-17,08:00-17:00,ห้องประชุม 1 (ห้องใหญ่),ประชุมอบรม E-learning,นางสาวอัญญ์รัตน์ กัมปนานนท์,20,2025-11-11 17:34:48,กิติคุณ โตรักษา,กลุ่มงานวิชาการและพัฒนานวัตกรรมด้านการป้องกัน,กองป้องกันการทุจริตในภาครัฐ,จองสำเร็จ,2025-11-11 17:34:48
1051,2025-11-17,08:00-18:00,ห้องอบรม (กพบ),สตง.เข้าตรวจสอบประจำปี 2568,,4,2025-10-06 15:12:50,กนิษฐา จิตพิมาย,กลุ่มงานคลัง,สำนักงานเลขาธิการ,จองสำเร็จ,2025-10-06 15:12:50
1052,2025-11-17,08:00-17:00,ห้องประชุม (กปท.4),สอบถ้อยคำพยาน,ระวิพรรณ จินดาดวง,4,2025-11-10 11:27:28,ระวิพรรณ จินดาดวง,กลุ่มงานปราบปรามการทุจริตกระทรวงด้านความมั่นคง 1,กองปราบปรามการทุจริตในภาครัฐ 1,จองสำเร็จ,2025-11-10 11:27:28
1053,2025-11-17,08:30-12:00,ห้องไต่สวน2,สอบพยาน,,5,2025-11-06 15:10:51,นวีนา วัฒนประดิษฐ์,กลุ่มงานปราบปรามการทุจริตในองค์กรปกครองส่วนท้องถิ่น 1,กองปราบปรามการทุจริตในภาครัฐ 4,จองสำเร็จ,2025-11-06 15:10:51
1054,2025-11-17,08:30-16:30,ห้องไต่สวน4,สอบพยาน,,4,2025-10-31 13:15:55,ชัยนาท น้อยสอน,กลุ่มงานปราบปรามการทุจริตหน่วยงานในสังกัดสำนักนายกรัฐมนตรี,กองปราบปรามการทุจริตในภาครัฐ 5,จองสำเร็จ,2025-10-31 13:15:55
1055,2025-11-17,08:30-16:30,ห้องประชุม(ห้องเล็ก 31),ประชุมอนุไต่สวนฯ,นายภาส ภาสสัทธา,7,2025-11-06 21:17:24,ณปภัช ศศิชาณฐมณ,กลุ่มงานปราบปรามการทุจริตในรัฐวิสาหกิจ 1,กองปราบปรามการทุจริตในภาครัฐ 3,จองสำเร็จ,2025-11-06 21:17:24
1056,2025-11-17,08:30-13:00,OneConferenceRoom 1,ประชุมคณะกรรมการ ป.ป.ท. ประจำเดือน พฤศจิกายน 2568 ครั้งที่ 85/68,นายอำนาจ พวงชมพู,20,2025-10-30 09:53:42,ลลิตตา พานิชผล,กลุ่มงานบริหารคดีและบริหารทั่วไป,กองบริหารคดี,จองสำเร็จ,2025-11-13 15:31:38
1057,2025-11-17,08:30-16:30,OneConferenceRoom 2,ประชุมอนุไต่สวนฯ,นายภาส ภาสสัทธา,7,2025-11-06 21:16:40,ณปภัช ศศิชาณฐมณ,กลุ่มงานปราบปรามการทุจริตในรัฐวิสาหกิจ 1,กองปราบปรามการทุจริตในภาครัฐ 3,จองสำเร็จ,2025-11-06 21:16:40
1058,2025-11-17,08:30-12:30,ห้องประชุมคณะกรรมการ,ประชุมคณะกรรมการ ป.ป.ท. ประจำเดือน พฤศจิกายน 2568 ครั้งที่ 85/68,นายอำนาจ พวงชมพู,20,2025-10-30 09:52:51,ลลิตตา พานิชผล,กลุ่มงานบริหารคดีและบริหารทั่วไป,กองบริหารคดี,จองสำเร็จ,2025-11-13 15:32:03
1059,2025-11-17,09:00-16:00,ห้องประชุม 2 (ห้องเล็ก),ประชุมคณะอนุกรรมการกลั่นกรองฯ คณะที่ 7,นายพิพัฒน์ วงศาโรจน์,8,2025-10-30 10:25:27,ศิริวิมล พิมพ์โคตร,กลุ่มงานกิจการคณะกรรมการ,กองบริหารคดี,จองสำเร็จ,2025-10-30 10:25:27
1060,2025-11-17,09:00-17:00,ห้องไต่สวน1,ไต่สวนเพิ่มเติม (เรื่องที่ 060473/2559),-,4,2025-10-29 14:18:14,ดารณี ปฐมโยธิน,กลุ่มงานปราบปรามการทุจริตกระทรวงด้านความมั่นคง 2,กองปราบปรามการทุจริตในภาครัฐ 1,จองสำเร็จ,2025-10-29 14:18:14
1061,2025-11-17,09:00-17:00,ห้องประชุม(กยผ),อบรมการใช้งานระบบ PACC E-learning,นางสาวปิยนุช จันทน์สุคนธ์,15,2025-11-11 17:31:07,นิติพงศ์ รัตนสุภา,กลุ่มงานวิชาการและพัฒนานวัตกรรมด้านการป้องกัน,กองป้องกันการทุจริตในภาครัฐ,จองสำเร็จ,2025-11-11 17:31:07
1062,2025-11-17,12:45-16:45,ห้องไต่สวน2,ประชุมสำนวน กปท.1,พันตำรวจโทสิริพงษ์  ศรีตุลา,1,2025-11-10 13:18:54,พิกุล โกสินทร์,ฝ่ายบริหารทั่วไปและคดี,กองปราบปรามการทุจริตในภาครัฐ 1,จองสำเร็จ,2025-11-10 13:18:54
1063,2025-11-17,13:15-15:00,OneConferenceRoom 3,ประชุมคณะอนุกรรมการไต่สวน เรื่องที่ 0332/2566,นายสุภาพ ศิริ,3,2025-11-12 08:48:55,กาญจนา วงศ์สุนา,กลุ่มตรวจสอบภายใน,กลุ่มตรวจสอบภายใน,จองสำเร็จ,2025-11-12 08:48:55
1064,2025-11-18,07:30-13:00,ห้องประชุม 1 (ห้องใหญ่),การศึกษาดูงานของคณะเจ้าหน้าที่จาก Anti-Corruption Commission ประเทศบังคลาเทศ (รุ่นที่ 2),เลขาธิการคณะกรรมการ ป.ป.ท.,50,2025-10-22 17:12:14,ลินจง ดาวเรือง,กลุ่มงานบริหารงานบุคคล,สำนักงานเลขาธิการ,จองสำเร็จ,2025-10-22 17:12:14
1065,2025-11-18,08:00-17:00,ห้องประชุม 2 (ห้องเล็ก),เจรจาตัวชี้วัด,กพร.,1,2025-11-11 14:39:32,นิลมณี จิรอร่าม,กลุ่มพัฒนาระบบบริหาร,กลุ่มพัฒนาระบบบริหาร,จองสำเร็จ,2025-11-11 14:39:32
1066,2025-11-18,08:00-17:00,ห้องไต่สวน1,สอบพยาน,,3,2025-10-22 09:37:58,เชษฐินันท์ นนทแก้ว,กลุ่มงานปราบปรามการทุจริตกระทรวงด้านความมั่นคง 2,กองปราบปรามการทุจริตในภาครัฐ 1,จองสำเร็จ,2025-10-22 09:37:58
1067,2025-11-18,08:00-15:00,ห้องไต่สวน2,สอบถ้อยคำผู้ร้องเรียน,,5,2025-10-30 10:58:53,เพชรรพี จรัสเจษฎา,กลุ่มงานปราบปรามการทุจริตหน่วยงานในสังกัดสำนักนายกรัฐมนตรี,กองปราบปรามการทุจริตในภาครัฐ 5,จองสำเร็จ,2025-10-30 10:58:53
1068,2025-11-18,08:00-11:45,ห้องไต่สวน3,สอบถ้อยคำพยาน,ระวิพรรณ จินดาดวง,4,2025-11-11 08:40:41,ระวิพรรณ จินดาดวง,กลุ่มงานปราบปรามการทุจริตกระทรวงด้านความมั่นคง 1,กองปราบปรามการทุจริตในภาครัฐ 1,จองสำเร็จ,2025-11-11 08:40:41
1069,2025-11-18,08:00-17:00,ห้องประชุม(ห้องเล็ก 31),ข้อเสนอแนะในร่างหลักเกณฑ์การคัดเลือกเครือข่าย กับ ปปท. เขต 1-9,ว่าที่ ร.ท.เจนรบ  พละเดช,6,2025-11-11 21:43:17,ญาณัชชา นนทจันทร์,กลุ่มงานเครือข่ายภาคประชาสังคมป้องกันการทุจริต,กองป้องกันการทุจริตในภาครัฐ,จองสำเร็จ,2025-11-11 21:43:44
1070,2025-11-18,08:00-17:00,ห้องประชุม(กยผ),อบรมการใช้งานระบบ PACC E-learning,นางสาวปิยนุช จันทน์สุคนธ์,15,2025-11-12 11:15:45,นิติพงศ์ รัตนสุภา,กลุ่มงานวิชาการและพัฒนานวัตกรรมด้านการป้องกัน,กองป้องกันการทุจริตในภาครัฐ,จองสำเร็จ,2025-11-12 11:15:45
1071,2025-11-18,08:00-18:00,ห้องอบรม (กพบ),สตง.เข้าตรวจสอบประจำปี 2568,,1,2025-10-06 15:13:27,กนิษฐา จิตพิมาย,กลุ่มงานคลัง,สำนักงานเลขาธิการ,จองสำเร็จ,2025-10-06 15:13:27
1072,2025-11-18,08:15-12:30,Zoom Meeting Room 6,ประชุมประจำเดือน พฤศจิกายน 2568,นายจิรวัฒน์  สุภาพ,40,2025-11-17 12:17:55,ธันย์นภัทร ศรีนันทา,กลุ่มงานป้องกันการทุจริตในภาครัฐ,สำนักงานป้องกันและปราบปรามการทุจริตในภาครัฐ เขต 4,จองสำเร็จ,2025-11-17 12:17:55
1073,2025-11-18,08:30-16:30,ห้องไต่สวน4,สอบพยาน,,4,2025-10-31 13:16:51,ชัยนาท น้อยสอน,กลุ่มงานปราบปรามการทุจริตหน่วยงานในสังกัดสำนักนายกรัฐมนตรี,กองปราบปรามการทุจริตในภาครัฐ 5,จองสำเร็จ,2025-10-31 13:16:51
1074,2025-11-18,08:30-12:30,OneConferenceRoom 1,ประชุมคณะกรรมการ ป.ป.ท. ประจำเดือน พฤศจิกายน 2568 ครั้งที่ 86/68,นายอำนาจ พวงชมพู,20,2025-10-30 09:55:41,ลลิตตา พานิชผล,กลุ่มงานบริหารคดีและบริหารทั่วไป,กองบริหารคดี,จองสำเร็จ,2025-11-13 15:33:44
1075,2025-11-18,08:30-12:30,ห้องประชุมคณะกรรมการ,ประชุมคณะกรรมการ ป.ป.ท. ประจำเดือน พฤศจิกายน 2568 ครั้งที่ 86/68,นายอำนาจ พวงชมพู,20,2025-10-30 09:54:30,ลลิตตา พานิชผล,กลุ่มงานบริหารคดีและบริหารทั่วไป,กองบริหารคดี,จองสำเร็จ,2025-11-13 15:32:57
1076,2025-11-18,09:30-16:30,Zoom Meeting Room 5,ประชุมระบบ CRA,,10,2025-11-14 14:14:28,กฤษฏ์ ธวัชชัยวิสุทธิ์,กลุ่มงานปราบปรามการทุจริตหน่วยงานไม่สังกัดกระทรวง ทบวง สำนักนายกรัฐมนตรี,กองปราบปรามการทุจริตในภาครัฐ 5,จองสำเร็จ,2025-11-14 14:14:28
1077,2025-11-18,12:00-17:00,ห้องไต่สวน3,สอบปากคำผู้ร้องเรียน,,1,2025-10-31 10:36:17,ชรินดา มีแป้น,กลุ่มงานปราบปรามการทุจริตหน่วยงานในสังกัดสำนักนายกรัฐมนตรี,กองปราบปรามการทุจริตในภาครัฐ 5,จองสำเร็จ,2025-10-31 10:36:17
1078,2025-11-18,12:00-16:30,Zoom Meeting Room 8,ประชุมพิจารณาร่างหลักเกณฑ์ ร่วมกับ ป.ป.ท. เขต 1-9,,30,2025-11-11 13:46:32,สุริยะ พรหมแก้ว,ฝ่ายบริหารทั่วไป,กองป้องกันการทุจริตในภาครัฐ,จองสำเร็จ,2025-11-11 13:46:32
1079,2025-11-18,12:00-16:30,Zoom Meeting Room 9,ประชุมพิจารณาร่างหลักเกณฑ์ ร่วมกับ ป.ป.ท. เขต 1-9,,30,2025-11-11 12:05:09,สุริยะ พรหมแก้ว,ฝ่ายบริหารทั่วไป,กองป้องกันการทุจริตในภาครัฐ,จองสำเร็จ,2025-11-11 13:45:14
1080,2025-11-18,13:00-16:30,ห้องประชุม (กปท.4),ประชุมคณะกรรมการจัดทำร่าง TOR ภายใต้โครงการ CPI 69,นางสาวกิตวิภา สุวรรณรัตน์,7,2025-11-14 09:59:45,กิริยา พิชยวัฒน์,กลุ่มความร่วมมือและพัฒนานวัตกรรมความโปร่งใสในภาครัฐ,กองการต่างประเทศ,จองสำเร็จ,2025-11-14 09:59:45
1081,2025-11-18,13:30-15:00,OneConferenceRoom 3,ไต่สวน,นายสวัสดิ์ นาสมฝัน,5,2025-11-11 14:48:23,หยาดพิรุณ งามรูป,กลุ่มงานปราบปรามการทุจริตในภาครัฐ 2,สำนักงานป้องกันและปราบปรามการทุจริตในภาครัฐ เขต 4,จองสำเร็จ,2025-11-11 14:48:23
1082,2025-11-19,08:00-17:00,ห้องประชุม 2 (ห้องเล็ก),เจรจาตัวชี้วัด,กพร.,1,2025-11-11 14:40:27,นิลมณี จิรอร่าม,กลุ่มพัฒนาระบบบริหาร,กลุ่มพัฒนาระบบบริหาร,จองสำเร็จ,2025-11-11 14:40:27
1083,2025-11-19,08:00-17:00,ห้องไต่สวน3,สอบถ้อยคำผู้ร้องเรียน,,1,2025-10-31 10:33:24,ชรินดา มีแป้น,กลุ่มงานปราบปรามการทุจริตหน่วยงานในสังกัดสำนักนายกรัฐมนตรี,กองปราบปรามการทุจริตในภาครัฐ 5,จองสำเร็จ,2025-10-31 10:33:24
1084,2025-11-19,08:00-16:00,ห้องประชุม 1 (ห้องใหญ่),ประชุมคณะอนุกรรมการปรับปรุงหลักเกณฑ์การสมัครและคัดเลือกเครือข่ายต้นแบบฯ ครั้งที่ 2/2568,นายเอกชัย เกษมสุขธวัช รองเลขาธิการคณะกรรมการ ป.ป.ท.,15,2025-10-06 15:44:46,เกศรารัตติ์ บุนนท์,กลุ่มงานเครือข่ายภาคประชาสังคมป้องกันการทุจริต,กองป้องกันการทุจริตในภาครัฐ,จองสำเร็จ,2025-10-06 15:45:07
1085,2025-11-19,08:00-19:00,ห้องอบรม (กพบ),สตง.เข้าตรวจสอบประจำปี 2568,,4,2025-10-06 15:14:06,กนิษฐา จิตพิมาย,กลุ่มงานคลัง,สำนักงานเลขาธิการ,จองสำเร็จ,2025-10-06 15:14:06
1086,2025-11-19,08:00-17:00,ห้องประชุม (กปท.4),สอบถ้อยคำพยาน,ระวิพรรณ จินดาดวง,4,2025-11-12 16:28:33,ระวิพรรณ จินดาดวง,กลุ่มงานปราบปรามการทุจริตกระทรวงด้านความมั่นคง 1,กองปราบปรามการทุจริตในภาครัฐ 1,จองสำเร็จ,2025-11-12 16:28:33
1087,2025-11-19,08:00-16:00,Zoom Meeting Room 8,ประชุมคณะอนุกรรมการปรับปรุงหลักเกณฑ์การสมัครและคัดเลือกเครือข่ายต้นแบบฯ ครั้งที่ 2/2568,นายเอกชัย เกษมสุขธวัช รองเลขาธิการคณะกรรมการ ป.ป.ท.,15,2025-10-06 15:44:46,เกศรารัตติ์ บุนนท์,กลุ่มงานเครือข่ายภาคประชาสังคมป้องกันการทุจริต,กองป้องกันการทุจริตในภาครัฐ,จองสำเร็จ,2025-10-06 15:45:07
1088,2025-11-19,08:30-15:00,ห้องไต่สวน2,ประชุมไต่สวน,พลโท นพพร โควหกุล,3,2025-11-10 09:22:47,พิพัฒน์ เพียราชโยธา,กลุ่มงานปราบปรามการทุจริตหน่วยงานในสังกัดสำนักนายกรัฐมนตรี,กองปราบปรามการทุจริตในภาครัฐ 5,จองสำเร็จ,2025-11-10 09:22:47
1089,2025-11-19,09:00-16:30,Zoom Meeting Room 1,ประชุมคกก.ตรวจรับงานจ้างที่ปรึกษา CPI (งวดงานที่ 1) (แก้ไขครั้งที่ 7),นางสาวกิตวิภา สุวรรณรัตน์,7,2025-11-11 16:30:00,กิริยา พิชยวัฒน์,กลุ่มความร่วมมือและพัฒนานวัตกรรมความโปร่งใสในภาครัฐ,กองการต่างประเทศ,จองสำเร็จ,2025-11-11 16:30:00
1090,2025-11-19,09:00-16:00,ห้องไต่สวน1,สอบพยาน,-,2,2025-11-10 15:13:49,พงศ์ศักดิ์ น้ำขาว,กลุ่มงานปราบปรามการทุจริตหน่วยงานไม่สังกัดกระทรวง ทบวง สำนักนายกรัฐมนตรี,กองปราบปรามการทุจริตในภาครัฐ 5,จองสำเร็จ,2025-11-10 15:13:49
1091,2025-11-19,09:00-12:00,ห้องประชุม(ห้องเล็ก 31),สอบพยาน,,5,2025-11-18 14:50:56,ดวงใจ เชยชม,กลุ่มงานปราบปรามการทุจริตในองค์กรปกครองส่วนท้องถิ่น 1,กองปราบปรามการทุจริตในภาครัฐ 4,จองสำเร็จ,2025-11-18 14:50:56
1092,2025-11-19,09:00-16:30,ห้องประชุม(กยผ),ประชุมคกก.ตรวจรับงานจ้างที่ปรึกษา CPI (งวดงานที่ 1) (แก้ไขครั้งที่ 7),นางสาวกิตวิภา สุวรรรรัตน์,7,2025-11-11 16:28:35,กิริยา พิชยวัฒน์,กลุ่มความร่วมมือและพัฒนานวัตกรรมความโปร่งใสในภาครัฐ,กองการต่างประเทศ,จองสำเร็จ,2025-11-11 16:28:50
1093,2025-11-19,09:30-17:30,ห้องไต่สวน4,ไต่สวน,,7,2025-10-30 15:27:24,วิชาญ พิเนตรเสถียร,กลุ่มงานปราบปรามการทุจริตหน่วยงานไม่สังกัดกระทรวง ทบวง สำนักนายกรัฐมนตรี,กองปราบปรามการทุจริตในภาครัฐ 5,จองสำเร็จ,2025-10-30 15:27:24
1094,2025-11-19,10:00-12:00,OneConferenceRoom 1,ไต่สวน 169/2568,,6,2025-11-12 15:13:20,ชยพล เงยวิจิตร,กลุ่มงานปราบปรามการทุจริตในภาครัฐ 1,สำนักงานป้องกันและปราบปรามการทุจริตในภาครัฐ เขต 3,จองสำเร็จ,2025-11-12 15:13:20
1095,2025-11-19,12:00-16:30,Zoom Meeting Room 2,เจรจาตัวชี้วัดระดับหน่วยงาน ประจำปีงบประมาณ พ.ศ.2569,กพร.,15,2025-11-13 09:05:05,นิลมณี จิรอร่าม,กลุ่มพัฒนาระบบบริหาร,กลุ่มพัฒนาระบบบริหาร,จองสำเร็จ,2025-11-13 11:40:22
1096,2025-11-19,13:00-17:00,ห้องประชุม(ห้องเล็ก 31),ประชุมอนุกรรมการประชาสัมพันธ์,,10,2025-11-13 09:23:32,กนกพร บุตรรักษ์,กลุ่มงานส่งเสริมธรรมาภิบาลในภาครัฐ,กองป้องกันการทุจริตในภาครัฐ,จองสำเร็จ,2025-11-13 09:23:32
1097,2025-11-19,13:00-17:00,Zoom Meeting Room 3,ประชุมอนุกรรมการประชาสัมพันธ์,,10,2025-11-13 09:25:07,กนกพร บุตรรักษ์,กลุ่มงานส่งเสริมธรรมาภิบาลในภาครัฐ,กองป้องกันการทุจริตในภาครัฐ,จองสำเร็จ,2025-11-13 11:41:22
1098,2025-11-19,13:00-16:30,Zoom Meeting Room 5,ประชุมคณะทำงานบริหารงบประมาณรายจ่าย ประจำปีงบประมาณ พ.ศ. 2569,พันตำรวจโท สิริพงษ์ ศรีตุลา,15,2025-11-14 10:12:59,สลักจิต ณ ลำพูน,ฝ่ายบริหารทั่วไป,กองยุทธศาสตร์และแผนงาน,จองสำเร็จ,2025-11-14 10:12:59
1099,2025-11-20,08:00-17:00,ห้องไต่สวน1,สอบปากคำผู้ร้อง,,4,2025-11-05 11:05:23,กรีฑา พิทักษ์วงศ์,กลุ่มงานปราบปรามการทุจริตในองค์กรปกครองส่วนท้องถิ่น 2,กองปราบปรามการทุจริตในภาครัฐ 4,จองสำเร็จ,2025-11-05 11:05:23
1100,2025-11-20,08:00-17:00,ห้องไต่สวน2,ไต่สวน,สมศักดิ์,1,2025-10-24 10:42:32,สมศักดิ์ ทองประดับ,กลุ่มงานปราบปรามการทุจริตในองค์กรปกครองส่วนท้องถิ่น 2,กองปราบปรามการทุจริตในภาครัฐ 4,จองสำเร็จ,2025-10-24 10:42:32
1101,2025-11-20,08:00-17:00,ห้องไต่สวน3,สอบปากคำผู้ร้องเรียนและพยาน,,1,2025-10-31 10:46:16,ชรินดา มีแป้น,กลุ่มงานปราบปรามการทุจริตหน่วยงานในสังกัดสำนักนายกรัฐมนตรี,กองปราบปรามการทุจริตในภาครัฐ 5,จองสำเร็จ,2025-10-31 10:46:16
1102,2025-11-20,08:00-17:00,ห้องไต่สวน4,ไต่สวนข้อเท็จจริง,,1,2025-10-01 08:57:13,รัตติกาล ณ ราช,กลุ่มงานปราบปรามการทุจริตหน่วยงานในสังกัดสำนักนายกรัฐมนตรี,กองปราบปรามการทุจริตในภาครัฐ 5,จองสำเร็จ,2025-10-01 08:57:13
1103,2025-11-20,08:00-17:00,ห้องประชุม(ห้องเล็ก 31),เจรจาตัวชี้วัด,กพร.,1,2025-11-11 14:41:09,นิลมณี จิรอร่าม,กลุ่มพัฒนาระบบบริหาร,กลุ่มพัฒนาระบบบริหาร,จองสำเร็จ,2025-11-11 14:41:09
1104,2025-11-20,08:00-12:00,ห้องประชุม(กยผ),ประชุมคณะกรรมการขับเคลื่อนแผนแม่บทภายใต้ยุทธศาสตร์ชาติ ประเด็น ฯ (พ.ศ.2561-2580),พันตำรวจโท สิริพงษ์  ศรีตุลา,6,2025-11-06 15:43:13,สลักจิต ณ ลำพูน,ฝ่ายบริหารทั่วไป,กองยุทธศาสตร์และแผนงาน,จองสำเร็จ,2025-11-06 15:43:13
1105,2025-11-20,08:00-18:00,ห้องอบรม (กพบ),สตง.เข้าตรวจสอบประจำปี 2568,,1,2025-10-06 15:14:37,กนิษฐา จิตพิมาย,กลุ่มงานคลัง,สำนักงานเลขาธิการ,จองสำเร็จ,2025-10-06 15:14:37
1106,2025-11-20,08:00-17:00,ห้องประชุม (กปท.4),สอบถ้อยคำพยาน,ระวิพรรณ จินดาดวง,4,2025-11-12 16:31:05,ระวิพรรณ จินดาดวง,กลุ่มงานปราบปรามการทุจริตกระทรวงด้านความมั่นคง 1,กองปราบปรามการทุจริตในภาครัฐ 1,จองสำเร็จ,2025-11-12 16:31:05
1107,2025-11-20,08:30-16:30,ห้องประชุม 1 (ห้องใหญ่),การรประชุมคณะอนุกรรมการกลั่นกรองฯ คณะที่ 6 ครั้งที่ 22-2/2569,พันตำรวจตรี นพรัตน์ รินทพล,9,2025-10-30 12:45:01,นงค์ลักษณ์ ยั่งยืน,กลุ่มงานคำวินิจฉัยและมติคณะกรรมการ,กองบริหารคดี,จองสำเร็จ,2025-10-30 12:45:01
1108,2025-11-20,09:00-16:30,ห้องประชุม 2 (ห้องเล็ก),การประชุมคณะอนุกรรมการกลั่นกรองฯ คณะที่ 8,นายปริญญา บุญชู,8,2025-10-28 14:48:11,ณัฐฐพิชา นาวินธรรม,กลุ่มงานคำวินิจฉัยและมติคณะกรรมการ,กองบริหารคดี,จองสำเร็จ,2025-10-30 12:34:52
1109,2025-11-20,09:00-16:30,OneConferenceRoom 1,การประชุมคณะอนุกรรมการกลั่นกรองฯ คณะที่ 8,นายปริญญา บุญชู,8,2025-10-28 14:48:11,ณัฐฐพิชา นาวินธรรม,กลุ่มงานคำวินิจฉัยและมติคณะกรรมการ,กองบริหารคดี,จองสำเร็จ,2025-11-13 11:44:31
1110,2025-11-20,13:00-16:30,Zoom Meeting Room 1,ประชุมกองบริหารคดี,,35,2025-11-20 11:19:52,ลลิตตา พานิชผล,กลุ่มงานบริหารคดีและบริหารทั่วไป,กองบริหารคดี,จองสำเร็จ,2025-11-24 10:40:33
1111,2025-11-20,13:30-15:00,OneConferenceRoom 3,ประชุมคณะอนุกรรมการไต่สวน เรื่องที่ 0227/2567,นายสุภาพ ศิริ,2,2025-11-19 09:27:35,ชุติมน แปงคำเรือง,กลุ่มงานปราบปรามการทุจริตในภาครัฐ 2,สำนักงานป้องกันและปราบปรามการทุจริตในภาครัฐ เขต 6,จองสำเร็จ,2025-11-19 09:27:35
1112,2025-11-21,08:00-17:00,ห้องไต่สวน1,แจ้งข้อกล่าวหา,,1,2025-11-11 15:55:41,นิดา พินิจวิกรานต์,กลุ่มงานปราบปรามการทุจริตกระทรวงด้านความมั่นคง 1,กองปราบปรามการทุจริตในภาครัฐ 1,จองสำเร็จ,2025-11-11 15:55:41
1113,2025-11-21,08:00-17:00,ห้องไต่สวน2,ไต่สวน,-,1,2025-11-03 10:44:49,สมศักดิ์ ทองประดับ,กลุ่มงานปราบปรามการทุจริตในองค์กรปกครองส่วนท้องถิ่น 2,กองปราบปรามการทุจริตในภาครัฐ 4,จองสำเร็จ,2025-11-03 10:44:49
1114,2025-11-21,08:00-17:00,ห้องไต่สวน3,ประชุมไต่สวน,,5,2025-11-12 11:15:59,กชมน สุธีรวัฒนกุล,กลุ่มงานปราบปรามการทุจริตในองค์กรปกครองส่วนท้องถิ่น 1,กองปราบปรามการทุจริตในภาครัฐ 4,จองสำเร็จ,2025-11-12 11:15:59
1115,2025-11-21,08:00-17:00,ห้องประชุม(ห้องเล็ก 31),เจรจาตัวชี้วัด,กพร.,1,2025-11-11 14:49:40,นิลมณี จิรอร่าม,กลุ่มพัฒนาระบบบริหาร,กลุ่มพัฒนาระบบบริหาร,จองสำเร็จ,2025-11-11 14:49:40
1116,2025-11-21,08:00-18:00,ห้องอบรม (กพบ),สตง.เข้าตรวจสอบประจำปี 2568,,4,2025-10-06 15:15:14,กนิษฐา จิตพิมาย,กลุ่มงานคลัง,สำนักงานเลขาธิการ,จองสำเร็จ,2025-10-06 15:15:14
1117,2025-11-21,08:30-16:30,ห้องไต่สวน4,การประชุมอนุกรรมการไต่สวน,พ.ต.อ.ประหยัด  เงางาม,6,2025-11-12 06:28:14,เสรี ไกรนารถ,ฝ่ายบริหารทั่วไปและคดี,กองปราบปรามการทุจริตในภาครัฐ 5,จองสำเร็จ,2025-11-12 06:28:14
1118,2025-11-21,08:30-18:00,ห้องประชุม (กปท.4),ประชุมคณะกรรมการตรวจรับพัสดุ E- Learning,,7,2025-11-14 13:16:38,สุริยะ พรหมแก้ว,ฝ่ายบริหารทั่วไป,กองป้องกันการทุจริตในภาครัฐ,จองสำเร็จ,2025-11-14 13:16:38
1119,2025-11-21,08:30-12:00,OneConferenceRoom 1,ทดสอบ,มรุต,10,2025-11-03 15:54:01,จิตรพล อินกุณา,กลุ่มงานคอมพิวเตอร์และการสื่อสาร,ศูนย์เทคโนโลยีสารสนเทศและการสื่อสาร,จองสำเร็จ,2025-11-03 15:54:01
1120,2025-11-21,08:30-13:00,OneConferenceRoom 2,ประชุมไต่สวน,,5,2025-11-20 14:04:51,กชมน สุธีรวัฒนกุล,กลุ่มงานปราบปรามการทุจริตในองค์กรปกครองส่วนท้องถิ่น 1,กองปราบปรามการทุจริตในภาครัฐ 4,จองสำเร็จ,2025-11-20 14:04:51
1121,2025-11-21,09:00-16:00,Zoom Meeting Room 1,เชิญประชุมคณะกรรมการกลั่นกรองและคัดเลือกบุคลากรเพื่อส่งเข้ารับการศึกษาอบรมกับหน่วยงานภายนอกของสำนักงาน ป.ป.ท.,พันตำรวจโทสิริพงษ์ ศรีตุลา (รองเลขาธิการคณะกรรมการ ป.ป.ท.),15,2025-11-11 10:43:19,ลินจง ดาวเรือง,กลุ่มงานบริหารงานบุคคล,สำนักงานเลขาธิการ,จองสำเร็จ,2025-11-13 13:10:37
1122,2025-11-21,09:00-16:00,ห้องประชุม 2 (ห้องเล็ก),เชิญประชุมคณะกรรมการกลั่นกรองและคัดเลือกบุคลากรเพื่อส่งเข้ารับการศึกษาอบรมกับหน่วยงานภายนอกของสำนักงาน ป.ป.ท.,พันตำรวจโทสิริพงษ์ ศรีตุลา (รองเลขาธิการคณะกรรมการ ป.ป.ท.),15,2025-11-11 10:41:44,ลินจง ดาวเรือง,กลุ่มงานบริหารงานบุคคล,สำนักงานเลขาธิการ,จองสำเร็จ,2025-11-11 10:41:44
1123,2025-11-21,09:00-12:00,Zoom Meeting Room 3,ประชุมคณะอนุกรรมการเพื่อดำเนินการศึกษาเพิ่มเติมเกี่ยวกับการกำหนดวิธีการ หลักเกณฑ์ระเบียบและกฎหมายที่เกี่ยวข้องเพื่อมีแนวทางการป้องกันการทุจริตและประพฤติมิชอบของเจ้าหน้าที่รัฐในการอนุญาตให้บุคคลเดินทางเข้า-ออก ราชอาณาจักรไทย กรณีการจัดงานนมัสการ พระธาตุพนม,นายจิรวัฒน์ สุภาพ,15,2025-11-19 15:41:46,ภัคคินี แขวงเมือง,กลุ่มงานปราบปรามการทุจริตในภาครัฐ 1,สำนักงานป้องกันและปราบปรามการทุจริตในภาครัฐ เขต 4,จองสำเร็จ,2025-11-19 15:44:08
1124,2025-11-21,09:00-12:00,Zoom Meeting Room 7,ประชุมคณะทำงานการจัดการความรู้ (KM) ปปท.เขต ๔,คณะทำงานการจัดการความรู้ (KM) ปปท.เขต ๔,35,2025-11-19 08:31:28,ทัศนีย์ แสนลี,กลุ่มงานปราบปรามการทุจริตในภาครัฐ 3,สำนักงานป้องกันและปราบปรามการทุจริตในภาครัฐ เขต 4,จองสำเร็จ,2025-11-19 08:31:28
1125,2025-11-21,09:30-12:00,ห้องประชุม 1 (ห้องใหญ่),ประชุมคณะกรรมการจัดทำขอบเขตการจ้างที่ปรึกษาฯ ครั้งที่ 2/2568,นางสาวกิตวิภา สุวรรณรัตน์,7,2025-11-20 10:05:13,กิริยา พิชยวัฒน์,กลุ่มความร่วมมือและพัฒนานวัตกรรมความโปร่งใสในภาครัฐ,กองการต่างประเทศ,จองสำเร็จ,2025-11-20 10:05:13
1126,2025-11-21,10:00-12:00,ห้องประชุม(กยผ),ประชุมติดตามการพัฒนาระบบฯ,,8,2025-11-19 10:55:27,ศุภนิดา มาพบ,-,กองกำกับและขับเคลื่อนการดำเนินงานนโยบายภาครัฐ,จองสำเร็จ,2025-11-19 10:55:27
1127,2025-11-21,10:00-12:00,Zoom Meeting Room 5,คลินิกให้คำปรึกษาการประเมินผลการควบคุมภายใน  กตน.-ปปท. เขต 5,นางสาวกฤตพร ใจโฮ้ง,10,2025-11-17 11:11:13,พิมพ์จุฑา ชินวงศ์สกุล,กลุ่มตรวจสอบภายใน,กลุ่มตรวจสอบภายใน,จองสำเร็จ,2025-11-17 11:11:13
1128,2025-11-21,12:00-16:30,Zoom Meeting Room 3,ประชุมคณะทำงานศึกษาทบทวนโครงสร้างฯ ครั้งที่ 1/2568,พ.ค.ท. สิริพงษ์ ศรีตุลา,15,2025-11-10 13:25:35,วิทยา สีดา,กลุ่มพัฒนาระบบบริหาร,กลุ่มพัฒนาระบบบริหาร,จองสำเร็จ,2025-11-12 13:43:08
1129,2025-11-21,13:00-16:45,ห้องประชุม 1 (ห้องใหญ่),ประชุม DCIO,ผู้ช่วยเลขาธิการคณะกรรมการ,30,2025-10-27 11:49:05,อรทัย เพชรสันทัด,กลุ่มงานบริหารเทคโนโลยีและพัฒนาระบบ,ศูนย์เทคโนโลยีสารสนเทศและการสื่อสาร,จองสำเร็จ,2025-10-27 11:49:05
1130,2025-11-21,13:00-16:00,Zoom Meeting Room 5,ประชุมกอง กปท.3 (ออนไลน์),นายธนวัตน์ วงศ์เบี้ยสัจจ์,4,2025-11-19 17:27:03,ลภัสรดา แก้วทองมี,กองปราบปรามการทุจริตในภาครัฐ 3,กองปราบปรามการทุจริตในภาครัฐ 3,จองสำเร็จ,2025-11-19 17:27:03
1131,2025-11-21,13:00-16:45,Zoom Meeting Room 6,ประชุม DCIO,ผู้ช่วยเลขาธิการคณะกรรมการ ป.ป.ท.,30,2025-10-27 11:52:33,อรทัย เพชรสันทัด,กลุ่มงานบริหารเทคโนโลยีและพัฒนาระบบ,ศูนย์เทคโนโลยีสารสนเทศและการสื่อสาร,จองสำเร็จ,2025-10-27 11:52:33
1132,2025-11-21,13:30-16:30,ห้องประชุม(กยผ),ประชุมคณะกรรมการจัดทำขอบเขตการจ้างที่ปรึกษาฯ ครั้งที่ 2/2568,นางสาวกิตวิภา สุวรรณรัตน์,7,2025-11-18 14:48:11,กิริยา พิชยวัฒน์,กลุ่มความร่วมมือและพัฒนานวัตกรรมความโปร่งใสในภาครัฐ,กองการต่างประเทศ,จองสำเร็จ,2025-11-18 14:48:11
1133,2025-11-24,08:00-18:00,ห้องอบรม (กพบ),สตง.เข้าตรวจสอบประจำปี 2568,,4,2025-10-06 15:15:48,กนิษฐา จิตพิมาย,กลุ่มงานคลัง,สำนักงานเลขาธิการ,จองสำเร็จ,2025-10-06 15:15:48
1134,2025-11-24,08:30-12:30,OneConferenceRoom 2,ประชุมคณะกรรมการ ป.ป.ท. ประจำเดือน พฤศจิกายน 2568 ครั้งที่ 87/68,นายอำนาจ พวงชมพู,20,2025-11-18 14:32:24,ลลิตตา พานิชผล,กลุ่มงานบริหารคดีและบริหารทั่วไป,กองบริหารคดี,จองสำเร็จ,2025-11-18 14:32:24
1135,2025-11-24,08:30-12:30,ห้องประชุมคณะกรรมการ,ประชุมคณะกรรมการ ป.ป.ท. ประจำเดือน พฤศจิกายน 2568 ครั้งที่ 87/68,นายอำนาจ พวงชมพู,20,2025-11-18 14:27:48,ลลิตตา พานิชผล,กลุ่มงานบริหารคดีและบริหารทั่วไป,กองบริหารคดี,จองสำเร็จ,2025-11-18 14:27:48
1136,2025-11-24,09:00-16:30,ห้องประชุม 2 (ห้องเล็ก),การประชุมคณะอนุกรรมการสนับสนุนเลขาธิการคณะกรรมการ ป.ป.ท.ฯ คณะที่ 2 ครั้งที่ 60-2/2569,พันตำรวจโท ชัยวิณ เสมาทอง,13,2025-11-17 13:44:53,กฤติยาวดี ณ ถลาง,กลุ่มงานกิจการคณะกรรมการ,กองบริหารคดี,จองสำเร็จ,2025-11-17 13:44:53
1137,2025-11-24,09:00-16:30,OneConferenceRoom 1,การประชุมคณะอนุกรรมการสนับสนุนเลขาธิการคณะกรรมการ ป.ป.ท.ฯ คณะที่ 2 ครั้งที่ 60-2/2569,พันตำรวจโท ชัยวิณ เสมาทอง,13,2025-11-17 13:44:53,กฤติยาวดี ณ ถลาง,กลุ่มงานกิจการคณะกรรมการ,กองบริหารคดี,จองสำเร็จ,2025-11-17 13:44:53
1138,2025-11-24,09:30-17:00,ห้องไต่สวน1,สอบพยาน,,5,2025-11-24 09:10:09,วรินยุพา นำนาผล,กลุ่มงานปราบปรามการทุจริตในองค์กรปกครองส่วนท้องถิ่น 1,กองปราบปรามการทุจริตในภาครัฐ 4,จองสำเร็จ,2025-11-24 09:10:09
1139,2025-11-25,08:00-17:00,ห้องไต่สวน3,ไต่สวนข้อเท็จจริง,,1,2025-11-06 13:20:30,รัตติกาล ณ ราช,กลุ่มงานปราบปรามการทุจริตหน่วยงานในสังกัดสำนักนายกรัฐมนตรี,กองปราบปรามการทุจริตในภาครัฐ 5,จองสำเร็จ,2025-11-06 13:20:30
1140,2025-11-25,08:00-18:00,ห้องอบรม (กพบ),สตง.เข้าตรวจสอบประจำปี 2568,,4,2025-10-06 15:16:26,กนิษฐา จิตพิมาย,กลุ่มงานคลัง,สำนักงานเลขาธิการ,จองสำเร็จ,2025-10-06 15:16:26
1141,2025-11-25,08:30-13:00,OneConferenceRoom 1,ประชุมคณะกรรมการ ป.ป.ท. ประจำเดือน พฤศจิกายน 2568 ครั้งที่ 88/68,นายอำนาจ พวงชมพู,20,2025-10-30 09:59:30,ลลิตตา พานิชผล,กลุ่มงานบริหารคดีและบริหารทั่วไป,กองบริหารคดี,จองสำเร็จ,2025-11-18 14:32:46
1142,2025-11-25,08:30-12:30,ห้องประชุมคณะกรรมการ,ประชุมคณะกรรมการ ป.ป.ท. ประจำเดือน พฤศจิกายน 2568 ครั้งที่ 88/68,นายอำนาจ พวงชมพู,20,2025-10-30 09:58:42,ลลิตตา พานิชผล,กลุ่มงานบริหารคดีและบริหารทั่วไป,กองบริหารคดี,จองสำเร็จ,2025-11-18 14:33:10
1143,2025-11-25,08:45-17:00,ห้องไต่สวน4,สอบผู้ร้อง,,1,2025-11-05 10:25:11,นวพร ปั้นจันทร์,กลุ่มงานปราบปรามการทุจริตหน่วยงานในสังกัดสำนักนายกรัฐมนตรี,กองปราบปรามการทุจริตในภาครัฐ 5,จองสำเร็จ,2025-11-05 10:25:11
1144,2025-11-25,09:00-17:00,ห้องไต่สวน1,ไต่สวนเบื้องต้น,,3,2025-11-14 14:35:05,เริงจิตร ฉิมพินิจ,กลุ่มงานปราบปรามการทุจริตกระทรวงด้านความมั่นคง 1,กองปราบปรามการทุจริตในภาครัฐ 1,จองสำเร็จ,2025-11-14 14:35:05
1145,2025-11-25,09:00-12:00,ห้องไต่สวน2,สอบผู้ร้อง,,3,2025-11-10 10:50:36,สหราช เกษอินทร์,กลุ่มงานปราบปรามการทุจริตในองค์กรปกครองส่วนท้องถิ่น 1,กองปราบปรามการทุจริตในภาครัฐ 4,จองสำเร็จ,2025-11-10 10:50:36
1146,2025-11-25,09:30-16:30,ห้องประชุม(กยผ),ประชุมคณะกรรมการจัดทำขอบเขตการจ้างที่ปรึกษาฯ ครั้งที่ 3/2568,นางสาวกิตวิภา สุวรรณรัตน์,7,2025-11-20 10:11:18,กิริยา พิชยวัฒน์,กลุ่มความร่วมมือและพัฒนานวัตกรรมความโปร่งใสในภาครัฐ,กองการต่างประเทศ,จองสำเร็จ,2025-11-20 10:11:18
1147,2025-11-25,13:00-16:00,ห้องประชุม 1 (ห้องใหญ่),ประชุม คทง ECMIS,-,20,2025-11-20 09:20:38,ลลิตตา พานิชผล,กลุ่มงานบริหารคดีและบริหารทั่วไป,กองบริหารคดี,จองสำเร็จ,2025-11-20 09:20:38
1148,2025-11-25,13:00-17:00,ห้องประชุม(ห้องเล็ก 31),ประชุม กกม.,ผอ.กกม.,20,2025-11-19 10:34:16,อำนาจ อรุณเลิศ,กองกฎหมาย,กองกฎหมาย,จองสำเร็จ,2025-11-19 10:34:16
1149,2025-11-26,08:00-22:00,ห้องประชุม(ห้องเล็ก 31),การประชุมหารือ,ปิยะนุช จันทน์สุคนธ์,1,2025-11-25 16:39:42,กิติคุณ โตรักษา,กลุ่มงานวิชาการและพัฒนานวัตกรรมด้านการป้องกัน,กองป้องกันการทุจริตในภาครัฐ,จองสำเร็จ,2025-11-25 16:39:42
1150,2025-11-26,08:00-18:00,ห้องอบรม (กพบ),สตง.เข้าตรวจสอบประจำปี 2568,,4,2025-10-06 15:16:58,กนิษฐา จิตพิมาย,กลุ่มงานคลัง,สำนักงานเลขาธิการ,จองสำเร็จ,2025-10-06 15:16:58
1151,2025-11-26,08:00-22:00,Zoom Meeting Room 9,การประชุมหารือ,ปิยนุช จันทน์สุคนธ์,5,2025-11-25 16:41:36,กิติคุณ โตรักษา,กลุ่มงานวิชาการและพัฒนานวัตกรรมด้านการป้องกัน,กองป้องกันการทุจริตในภาครัฐ,จองสำเร็จ,2025-11-25 16:41:36
1152,2025-11-26,09:00-14:00,ห้องไต่สวน2,สอบถ้อยคำผู้ร้องเรียน,,1,2025-11-11 09:11:38,เพชรรพี จรัสเจษฎา,กลุ่มงานปราบปรามการทุจริตหน่วยงานในสังกัดสำนักนายกรัฐมนตรี,กองปราบปรามการทุจริตในภาครัฐ 5,จองสำเร็จ,2025-11-11 09:11:38
1153,2025-11-26,09:00-12:00,ห้องประชุม (กปท.4),ประชุมดำเนินโครงการเฝ้าระวัง ป้องกัน ตรวจสอบ และติดตามการจัดสอบแข่งขันเพื่อบรรจุบุคคลเป็นข้าราชการหรือพนักงานส่วนท้องถิ่น,นางสาวชิยา ศิริรักษ์,5,2025-11-26 08:44:32,ศิริพักร์ แก้วจันทร์,กลุ่มงานปราบปรามการทุจริตในองค์กรปกครองส่วนท้องถิ่น 2,กองปราบปรามการทุจริตในภาครัฐ 4,จองสำเร็จ,2025-11-26 08:44:32
1154,2025-11-26,09:30-16:30,Zoom Meeting Room 1,ประชุมคณะกรรมการตรวจรับงานจ้างที่ปรึกษาฯ กิจกรรมการจัดตั้งศูนย์ประสานงานเพื่ออำนวยความสะดวกการให้บริการภาครัฐในเขต EEC,นางสาวปัทมา ประสิทธิวงษ์,6,2025-11-21 08:56:07,วันนา วิลุนระพันธ์,กลุ่มความร่วมมือและพัฒนานวัตกรรมความโปร่งใสในภาครัฐ,กองการต่างประเทศ,จองสำเร็จ,2025-11-21 08:56:07
1155,2025-11-26,09:30-16:30,ห้องประชุม(กยผ),ประชุมคณะกรรมการจัดทำขอบเขตการจ้างที่ปรึกษาฯ,นางสาวกิตวิภา สุวรรณรัตน์,7,2025-11-26 09:13:26,กิริยา พิชยวัฒน์,กลุ่มความร่วมมือและพัฒนานวัตกรรมความโปร่งใสในภาครัฐ,กองการต่างประเทศ,จองสำเร็จ,2025-11-26 09:13:26
1156,2025-11-26,10:00-16:00,ห้องไต่สวน3,สอบถ้อยคำผู้ร้องเรียน,,3,2025-11-21 09:28:29,วลัยพร พ่วงเจริญ,กลุ่มงานปราบปรามการทุจริตในองค์กรปกครองส่วนท้องถิ่น 2,กองปราบปรามการทุจริตในภาครัฐ 4,จองสำเร็จ,2025-11-21 09:28:29
1157,2025-11-26,15:00-17:30,ห้องประชุม 2 (ห้องเล็ก),ประชุมคณะกรรมการกลั่นกรองและคัดเลือกบุคลากรเพื่อส่งเข้ารับการศึกษาอบรมกับหน่วยงานภายนอกของสำนักงาน ป.ป.ท.,พันตำรวจโท สิริพงษ์ ศรีตุลา รองเลขาธิการคณะกรรมการ ป.ป.ท.,15,2025-11-21 13:51:34,ลินจง ดาวเรือง,กลุ่มงานบริหารงานบุคคล,สำนักงานเลขาธิการ,จองสำเร็จ,2025-11-21 13:54:00
1158,2025-11-26,15:00-17:30,Zoom Meeting Room 2,ประชุมคณะกรรมการกลั่นกรองและคัดเลือกบุคลากรเพื่อส่งเข้ารับการศึกษาอบรมกับหน่วยงานภายนอกของสำนักงาน ป.ป.ท.,พันตำรวจโท สิริพงษ์ ศรีตุลา รองเลขาธิการคณะกรรมการ ป.ป.ท.,15,2025-11-21 13:55:07,ลินจง ดาวเรือง,กลุ่มงานบริหารงานบุคคล,สำนักงานเลขาธิการ,จองสำเร็จ,2025-11-21 13:55:29
1159,2025-11-27,08:00-12:00,Zoom Meeting Room 1,ประชุมคณะกรรมการส่งเสริมและสนับสนุนการมีส่วนร่วมของประชาชนในการต่อต้านการทุจริต ครั้งที่ 11/2568,รอง ลธ.ปปท.,16,2025-10-27 16:22:25,ณรัธน์นันท์ อำนวยธนากูล,กลุ่มงานวิชาการและพัฒนานวัตกรรมด้านการป้องกัน,กองป้องกันการทุจริตในภาครัฐ,จองสำเร็จ,2025-10-27 16:22:25
1160,2025-11-27,08:00-12:00,ห้องไต่สวน1,สอบปากคำ,,1,2025-11-26 14:09:50,พรพรรณ พรมมา,กลุ่มงานปราบปรามการทุจริตหน่วยงานในสังกัดสำนักนายกรัฐมนตรี,กองปราบปรามการทุจริตในภาครัฐ 5,จองสำเร็จ,2025-11-26 14:09:50
1161,2025-11-27,08:00-15:00,ห้องไต่สวน2,ไต่สวนเบื้องต้น,,2,2025-11-14 14:39:56,เริงจิตร ฉิมพินิจ,กลุ่มงานปราบปรามการทุจริตกระทรวงด้านความมั่นคง 1,กองปราบปรามการทุจริตในภาครัฐ 1,จองสำเร็จ,2025-11-14 14:39:56
1162,2025-11-27,08:00-17:00,ห้องไต่สวน4,ไต่สวนข้อเท็จจริง,,1,2025-10-09 15:06:05,รัตติกาล ณ ราช,กลุ่มงานปราบปรามการทุจริตหน่วยงานในสังกัดสำนักนายกรัฐมนตรี,กองปราบปรามการทุจริตในภาครัฐ 5,จองสำเร็จ,2025-10-09 15:06:05
1163,2025-11-27,08:00-12:00,ห้องประชุม 1 (ห้องใหญ่),ประชุมคณะกรรมการส่งเสริมและสนับสนุนการมีส่วนร่วมของประชาชนในการต่อต้านการทุจริต ครั้งที่ 11/2568,รอง ลธ. ป.ป.ท.,16,2025-10-27 16:18:41,ณรัธน์นันท์ อำนวยธนากูล,กลุ่มงานวิชาการและพัฒนานวัตกรรมด้านการป้องกัน,กองป้องกันการทุจริตในภาครัฐ,จองสำเร็จ,2025-10-27 16:21:10
1164,2025-11-27,08:00-18:00,ห้องอบรม (กพบ),สตง.เข้าตรวจสอบประจำปี 2568,,4,2025-10-06 15:17:30,กนิษฐา จิตพิมาย,กลุ่มงานคลัง,สำนักงานเลขาธิการ,จองสำเร็จ,2025-10-06 15:17:30
1165,2025-11-27,09:00-16:30,ห้องไต่สวน3,ไต่เบื้องต้น_คดีธรรมศาลา,,4,2025-11-25 17:39:55,โรสนา ศักดิ์นภาพรเลิศ,กลุ่มงานปราบปรามการทุจริตหน่วยงานไม่สังกัดกระทรวง ทบวง สำนักนายกรัฐมนตรี,กองปราบปรามการทุจริตในภาครัฐ 5,จองสำเร็จ,2025-11-25 17:39:55
1166,2025-11-27,09:00-16:00,ห้องประชุม (กปท.4),บันทึกถ้อยคำ,สาริกา หันจางสิทธิ์,1,2025-11-27 08:47:44,สาริกา หันจางสิทธิ์,กลุ่มงานปราบปรามการทุจริตในองค์กรปกครองส่วนท้องถิ่น 2,กองปราบปรามการทุจริตในภาครัฐ 4,จองสำเร็จ,2025-11-27 08:47:44
1167,2025-11-27,09:00-12:00,OneConferenceRoom 1,ประชุมคณะอนุกรรมการไต่สวนข้อเท็จจริง คณะกรรมการ ป.ป.ท. ที่ ๒๐๖/๒๕๖๑ ลงวันที่  ๑๐ เมษายน ๒๕๖๑ แต่งตั้งคณะอนุกรรมการไต่สวนข้อเท็จจริง กรณีเจ้าหน้าที่ของรัฐกระทำการทุจริต ในภาครัฐ เรื่องที่ ๑๓๐๖๒๔/๒๕๖๑ อนุสนธิคำสั่งคณะกรรมการ ป.ป.ท. ที่ ๗๙๓/๒๕๖๔ ลงวันที่  ๒๖,พ.ต.อ. ทวีศักดิ์ ยอดระบำ,5,2025-11-18 15:04:20,วิรัตน์ หนูกลับ,กลุ่มงานปราบปรามการทุจริตในภาครัฐ 3,สำนักงานป้องกันและปราบปรามการทุจริตในภาครัฐ เขต 8,จองสำเร็จ,2025-11-18 15:04:20
1168,2025-11-27,09:30-16:30,ห้องประชุม(กยผ),ประชุมคณะกรรมการตรวจรับงานจ้างที่ปรึกษาฯ ครั้งที่ 11/68,นางสาวกิตวิภา สุวรรณรัตน์,7,2025-11-20 10:13:28,กิริยา พิชยวัฒน์,กลุ่มความร่วมมือและพัฒนานวัตกรรมความโปร่งใสในภาครัฐ,กองการต่างประเทศ,จองสำเร็จ,2025-11-20 10:13:28
1169,2025-11-27,09:30-16:30,Zoom Meeting Room 3,ประชุมคณะกรรมการตรวจรับงานจ้างที่ปรึกษาฯ ครั้งที่ 11/68,นางสาวกิตวิภา สุวรรณรัตน์,7,2025-11-21 15:07:27,กิริยา พิชยวัฒน์,กลุ่มความร่วมมือและพัฒนานวัตกรรมความโปร่งใสในภาครัฐ,กองการต่างประเทศ,จองสำเร็จ,2025-11-21 15:07:27
1170,2025-11-27,12:00-16:30,ห้องประชุม 1 (ห้องใหญ่),ประชุมหารือร่วมกับสำนักงบประมาณคำขอปี 70,เลขาธิการคณะกรรมการ ป.ป.ท.,30,2025-11-17 10:49:24,สลักจิต ณ ลำพูน,ฝ่ายบริหารทั่วไป,กองยุทธศาสตร์และแผนงาน,จองสำเร็จ,2025-11-17 10:49:24
1171,2025-11-27,12:00-16:30,Zoom Meeting Room 2,ประชุมหารือร่วมกับสำนักงบประมาณคำขอปี 70,เลขาธิการคณะกรรมการ ป.ป.ท.,40,2025-11-17 10:51:29,สลักจิต ณ ลำพูน,ฝ่ายบริหารทั่วไป,กองยุทธศาสตร์และแผนงาน,จองสำเร็จ,2025-11-17 10:51:29
1172,2025-11-27,13:00-16:30,ห้องประชุม 2 (ห้องเล็ก),ประชุมหารือร่วมกับสำนักงบประมาณคำขอปี 70,เลขาธิการคณะกรรมการ ป.ปท.,15,2025-11-14 15:23:51,สลักจิต ณ ลำพูน,ฝ่ายบริหารทั่วไป,กองยุทธศาสตร์และแผนงาน,จองสำเร็จ,2025-11-14 15:23:51
1173,2025-11-28,08:00-18:00,ห้องอบรม (กพบ),สตง.เข้าตรวจสอบประจำปี 2568,,4,2025-10-06 15:18:02,กนิษฐา จิตพิมาย,กลุ่มงานคลัง,สำนักงานเลขาธิการ,จองสำเร็จ,2025-10-06 15:18:02
1174,2025-11-28,09:00-12:00,ห้องไต่สวน2,สอบพยาน,,1,2025-11-12 17:49:10,ดวงใจ เชยชม,กลุ่มงานปราบปรามการทุจริตในองค์กรปกครองส่วนท้องถิ่น 1,กองปราบปรามการทุจริตในภาครัฐ 4,จองสำเร็จ,2025-11-12 17:49:10
1175,2025-11-28,09:00-13:00,ห้องไต่สวน4,สอบพยาน,,4,2025-11-27 14:46:07,ศิรินทร์ทิพย์ โพธิมาศ,กลุ่มงานปราบปรามการทุจริตหน่วยงานไม่สังกัดกระทรวง ทบวง สำนักนายกรัฐมนตรี,กองปราบปรามการทุจริตในภาครัฐ 5,จองสำเร็จ,2025-11-27 14:46:07
1176,2025-11-28,09:30-12:00,ห้องประชุมคณะกรรมการ,การประชุมคณะอนุกรรมการไต่สวนเบื้องต้น สำนวนคดีเรื่องที่ 1749/2568 (คำสั่งคณะกรรมการ ป.ป.ท. ลับ ที่ 242/2568 ลงวันที่ 20 พฤศจิกายน 2568) ครั้งที่ 1/2568,นายพิทยา บุญชู ประธานอนุกรรมการ,13,2025-11-24 15:17:46,ปิยะนุช ชูเมือง,กลุ่มงานคำวินิจฉัยและมติคณะกรรมการ,กองบริหารคดี,จองสำเร็จ,2025-11-24 15:17:46
1177,2025-11-28,10:00-16:30,ห้องประชุม(ห้องเล็ก 31),การประชุมคณะกรรมการตรวจรับพัสดุสำหรับการประกวดราคาจ้างฯ,,5,2025-11-26 20:18:29,ปิยนุช จันทน์สุคนธ์,กลุ่มงานวิชาการและพัฒนานวัตกรรมด้านการป้องกัน,กองป้องกันการทุจริตในภาครัฐ,จองสำเร็จ,2025-11-26 20:18:29
1178,2025-11-28,10:00-16:30,Zoom Meeting Room 9,การประชุมคณะกรรมการตรวจรับพัสดุสำหรับการประกวดราคาจ้างฯ,,5,2025-11-26 20:18:29,ปิยนุช จันทน์สุคนธ์,กลุ่มงานวิชาการและพัฒนานวัตกรรมด้านการป้องกัน,กองป้องกันการทุจริตในภาครัฐ,จองสำเร็จ,2025-11-26 20:18:29
1179,2025-11-28,13:00-17:00,ห้องประชุม 1 (ห้องใหญ่),ประชุมบริหาร กปท.5 ครั้งที่ 6/2568,ผอ.กปท.5,25,2025-11-10 16:17:27,เสรี ไกรนารถ,ฝ่ายบริหารทั่วไปและคดี,กองปราบปรามการทุจริตในภาครัฐ 5,จองสำเร็จ,2025-11-10 16:17:47
1180,2025-12-01,08:00-18:00,ห้องอบรม (กพบ),สตง.ตรวจสอบประจำปี 2568,,4,2025-10-06 14:57:34,นพรัตน์ บุญสำเร็จ,กลุ่มงานคลัง,สำนักงานเลขาธิการ,จองสำเร็จ,2025-10-06 14:57:34
1181,2025-12-01,08:00-16:00,Zoom Meeting Room 6,ประชุมคณะทำงานเฝ้าระวังป้องกันการสอบท้องถิ่นฯ,นายเอกชัย เกษมสุขธวัช รองเลขาธิการคณะกรรมการ ป.ป.ท.,15,2025-11-28 13:11:11,สาริกา หันจางสิทธิ์,กลุ่มงานปราบปรามการทุจริตในองค์กรปกครองส่วนท้องถิ่น 2,กองปราบปรามการทุจริตในภาครัฐ 4,จองสำเร็จ,2025-11-28 13:11:11
1182,2025-12-01,08:30-13:00,ห้องไต่สวน2,สอบพยาน,,5,2025-11-11 10:06:54,ประภัสรา นิลจันทึก,กลุ่มงานปราบปรามการทุจริตในองค์กรปกครองส่วนท้องถิ่น 2,กองปราบปรามการทุจริตในภาครัฐ 4,จองสำเร็จ,2025-11-11 10:06:54
1183,2025-12-01,08:30-16:00,ห้องประชุม 1 (ห้องใหญ่),ประชุมคณะทำงานเฝ้าระวังป้องกันการสอบท้องถิ่นฯ,นายเอกชัย เกษมสุขธวัช รองเลขาธิการคณะกรรมการ ป.ป.ท.,15,2025-11-28 13:07:51,สาริกา หันจางสิทธิ์,กลุ่มงานปราบปรามการทุจริตในองค์กรปกครองส่วนท้องถิ่น 2,กองปราบปรามการทุจริตในภาครัฐ 4,จองสำเร็จ,2025-11-28 13:07:51
1184,2025-12-01,08:30-13:00,OneConferenceRoom 3,ประชุมอนุไต่สวนฯ,ณรงค์ รัตนานุกูล,5,2025-11-25 11:45:58,ณปภัช ศศิชาณฐมณ,กลุ่มงานปราบปรามการทุจริตในรัฐวิสาหกิจ 1,กองปราบปรามการทุจริตในภาครัฐ 3,จองสำเร็จ,2025-11-25 11:45:58
1185,2025-12-01,08:30-16:30,ห้องประชุมคณะกรรมการ,ประชุมคณะอนุกรรมการกลั่นกรองฯ คณะที่ 3,นายภาส ภาสสัทธา,9,2025-11-14 11:41:30,นงค์ลักษณ์ ยั่งยืน,กลุ่มงานคำวินิจฉัยและมติคณะกรรมการ,กองบริหารคดี,จองสำเร็จ,2025-11-14 11:41:53
1186,2025-12-01,09:00-16:30,ห้องไต่สวน4,ไต่เบื้องต้น_คดีธรรมศาลา,,4,2025-11-25 18:02:06,โรสนา ศักดิ์นภาพรเลิศ,กลุ่มงานปราบปรามการทุจริตหน่วยงานไม่สังกัดกระทรวง ทบวง สำนักนายกรัฐมนตรี,กองปราบปรามการทุจริตในภาครัฐ 5,จองสำเร็จ,2025-11-25 18:02:06
1187,2025-12-01,09:00-12:00,ห้องประชุม(ห้องเล็ก 31),ประชุมอนุไต่สวนฯ,ณรงค์ รัตนานุกูล,5,2025-11-25 11:44:58,ณปภัช ศศิชาณฐมณ,กลุ่มงานปราบปรามการทุจริตในรัฐวิสาหกิจ 1,กองปราบปรามการทุจริตในภาครัฐ 3,จองสำเร็จ,2025-11-25 11:44:58
1188,2025-12-01,09:00-16:30,ห้องประชุม(กยผ),ประชุมคณะกรรมการจัดทำ TOR ครั้งที่ 4/2568,นางสาวกิตวิภา  สุวรรณรัตน์,7,2025-11-27 11:56:39,สรพงษ์ กุ้ยบำรุง,กลุ่มความร่วมมือและพัฒนานวัตกรรมความโปร่งใสในภาครัฐ,กองการต่างประเทศ,จองสำเร็จ,2025-11-27 11:56:39
1189,2025-12-01,09:30-16:30,ห้องประชุม 2 (ห้องเล็ก),ประชุมคณะอนุกรรมการกลั่นกรองฯ คณะที่ 2,"นายพิทักษ์ คงจันทร์		ประธานอนุกรรมการ",9,2025-11-10 12:37:19,ฤาฤทธิ์ เริงสมุทร์,กลุ่มงานคำวินิจฉัยและมติคณะกรรมการ,กองบริหารคดี,จองสำเร็จ,2025-11-10 12:37:19
1190,2025-12-01,09:30-16:30,OneConferenceRoom 1,ประชุมคณะอนุกรรมการกลั่นกรองฯ คณะที่ 2,"นายพิทักษ์ คงจันทร์		ประธานอนุกรรมการ",9,2025-11-10 12:37:19,ฤาฤทธิ์ เริงสมุทร์,กลุ่มงานคำวินิจฉัยและมติคณะกรรมการ,กองบริหารคดี,จองสำเร็จ,2025-11-10 12:37:19
1191,2025-12-01,13:00-15:30,Zoom Meeting Room 1,ประชุมชุดเฝ้าระวังการทุจริตสอบท้องถิ่น ชุดที่ 2 ปปท.เขต 4,นายสวัสดิ์ นาสมฝัน,5,2025-11-28 11:35:37,ภัคคินี แขวงเมือง,กลุ่มงานปราบปรามการทุจริตในภาครัฐ 1,สำนักงานป้องกันและปราบปรามการทุจริตในภาครัฐ เขต 4,จองสำเร็จ,2025-11-28 11:35:37
1192,2025-12-01,13:00-17:00,ห้องไต่สวน2,สอบพยาน,,4,2025-11-13 15:30:21,ประภัสรา นิลจันทึก,กลุ่มงานปราบปรามการทุจริตในองค์กรปกครองส่วนท้องถิ่น 2,กองปราบปรามการทุจริตในภาครัฐ 4,จองสำเร็จ,2025-11-13 15:30:21
1193,2025-12-01,13:30-16:30,ห้องไต่สวน3,สอบพยาน,,4,2025-12-01 08:49:43,ศิรินทร์ทิพย์ โพธิมาศ,กลุ่มงานปราบปรามการทุจริตหน่วยงานไม่สังกัดกระทรวง ทบวง สำนักนายกรัฐมนตรี,กองปราบปรามการทุจริตในภาครัฐ 5,จองสำเร็จ,2025-12-01 08:49:43
1194,2025-12-02,08:00-16:30,ห้องไต่สวน1,สอบพยาน,นายอนาวิล,3,2025-11-21 10:12:17,จิราพรรณ ทาบุราญ,กลุ่มงานปราบปรามการทุจริตในองค์กรปกครองส่วนท้องถิ่น 2,กองปราบปรามการทุจริตในภาครัฐ 4,จองสำเร็จ,2025-11-21 10:12:17
1195,2025-12-02,08:00-17:00,ห้องไต่สวน3,แจ้งข้อกล่าวหาคดีไต่สวน,,1,2025-11-21 16:41:29,ดารณี ปฐมโยธิน,กลุ่มงานปราบปรามการทุจริตกระทรวงด้านความมั่นคง 2,กองปราบปรามการทุจริตในภาครัฐ 1,จองสำเร็จ,2025-11-21 16:41:29
1196,2025-12-02,08:00-17:00,ห้องไต่สวน4,ไต่สวน สอบปากคำพยาน,,1,2025-11-17 14:47:59,รัตติกาล ณ ราช,กลุ่มงานปราบปรามการทุจริตหน่วยงานในสังกัดสำนักนายกรัฐมนตรี,กองปราบปรามการทุจริตในภาครัฐ 5,จองสำเร็จ,2025-11-17 14:47:59
1197,2025-12-02,08:00-18:00,ห้องอบรม (กพบ),สตง.ตรวจสอบประจำปี 2568,,4,2025-10-06 14:58:20,นพรัตน์ บุญสำเร็จ,กลุ่มงานคลัง,สำนักงานเลขาธิการ,จองสำเร็จ,2025-10-06 14:58:20
1198,2025-12-02,08:30-12:00,ห้องประชุม 2 (ห้องเล็ก),ประชุมคณะอนุงานป้องฯ,,15,2025-11-13 10:56:40,สุริยะ พรหมแก้ว,ฝ่ายบริหารทั่วไป,กองป้องกันการทุจริตในภาครัฐ,จองสำเร็จ,2025-11-13 10:56:40
1199,2025-12-02,08:30-13:00,ห้องไต่สวน2,สอบพยาน,,5,2025-11-11 10:07:34,ประภัสรา นิลจันทึก,กลุ่มงานปราบปรามการทุจริตในองค์กรปกครองส่วนท้องถิ่น 2,กองปราบปรามการทุจริตในภาครัฐ 4,จองสำเร็จ,2025-11-11 10:07:34
1200,2025-12-02,09:00-16:30,ห้องประชุม (กปท.4),สอบพยาน,,5,2025-11-24 18:01:57,นวีนา วัฒนประดิษฐ์,กลุ่มงานปราบปรามการทุจริตในองค์กรปกครองส่วนท้องถิ่น 1,กองปราบปรามการทุจริตในภาครัฐ 4,จองสำเร็จ,2025-11-24 18:01:57
1201,2025-12-02,09:00-13:00,Zoom Meeting Room 5,ประชุมคณะอนุกรรมการขับเคลื่อนงานป้องกันและเฝ้าระวังการทุุจริต,,10,2025-11-14 14:54:46,สุริยะ พรหมแก้ว,ฝ่ายบริหารทั่วไป,กองป้องกันการทุจริตในภาครัฐ,จองสำเร็จ,2025-11-14 14:54:46
1202,2025-12-02,13:00-17:00,ห้องไต่สวน2,สอบพยาน,,4,2025-11-13 15:31:02,ประภัสรา นิลจันทึก,กลุ่มงานปราบปรามการทุจริตในองค์กรปกครองส่วนท้องถิ่น 2,กองปราบปรามการทุจริตในภาครัฐ 4,จองสำเร็จ,2025-11-13 15:31:02
1203,2025-12-02,13:00-20:30,ห้องประชุม(ห้องเล็ก 31),ประชุมตรวจรับพัสดุงานจ้างโครงการ E-Learning,นางสาวปิยนุช จันทน์สุคนธ์,1,2025-11-28 17:40:20,กิติคุณ โตรักษา,กลุ่มงานวิชาการและพัฒนานวัตกรรมด้านการป้องกัน,กองป้องกันการทุจริตในภาครัฐ,จองสำเร็จ,2025-11-28 17:40:20
1204,2025-12-02,13:00-20:30,Zoom Meeting Room 9,ประชุมตรวจรับพัสดุงานจ้างโครงการ E-Learning,นางสาวปิยนุช จันทน์สุคนธ์,1,2025-11-28 17:44:21,กิติคุณ โตรักษา,กลุ่มงานวิชาการและพัฒนานวัตกรรมด้านการป้องกัน,กองป้องกันการทุจริตในภาครัฐ,จองสำเร็จ,2025-11-28 17:44:21
1205,2025-12-03,08:00-12:00,Zoom Meeting Room 1,ประชุมหารือตัวชี้วัดตามคำรับรองการปฏิบัติราชการ ประจำปีงบประมาณ พ.ศ.2569,กพร.,10,2025-11-28 15:54:41,นิลมณี จิรอร่าม,กลุ่มพัฒนาระบบบริหาร,กลุ่มพัฒนาระบบบริหาร,จองสำเร็จ,2025-11-28 15:54:41
1206,2025-12-03,08:00-12:00,ห้องประชุม(ห้องเล็ก 31),ประชุมหารือตัวชี้วัดตามคำรับรองการปฏิบัติราชการ ประจำปีงบประมาณ พ.ศ.2569,กพร.,5,2025-11-28 15:53:26,นิลมณี จิรอร่าม,กลุ่มพัฒนาระบบบริหาร,กลุ่มพัฒนาระบบบริหาร,จองสำเร็จ,2025-11-28 15:53:26
1207,2025-12-03,08:00-18:00,ห้องอบรม (กพบ),สตง.ตรวจสอบประจำปี 2568,,4,2025-10-06 14:59:04,นพรัตน์ บุญสำเร็จ,กลุ่มงานคลัง,สำนักงานเลขาธิการ,จองสำเร็จ,2025-10-06 14:59:04
1208,2025-12-03,08:30-16:30,ห้องไต่สวน1,สอบพยาน,,3,2025-11-14 10:01:43,สหราช เกษอินทร์,กลุ่มงานปราบปรามการทุจริตในองค์กรปกครองส่วนท้องถิ่น 1,กองปราบปรามการทุจริตในภาครัฐ 4,จองสำเร็จ,2025-11-14 10:01:43
1209,2025-12-03,08:30-13:30,ห้องไต่สวน2,สอบพยาน,,5,2025-11-11 10:08:30,ประภัสรา นิลจันทึก,กลุ่มงานปราบปรามการทุจริตในองค์กรปกครองส่วนท้องถิ่น 2,กองปราบปรามการทุจริตในภาครัฐ 4,จองสำเร็จ,2025-11-11 10:08:30
1210,2025-12-03,08:30-12:30,OneConferenceRoom 1,ประชุมคณะกรรมการ ป.ป.ท. ประจำเดือน ธันวาคม 2568 ครั้งที่ 89/68,นายอำนาจ พวงชมภู,20,2025-11-19 10:03:39,ลลิตตา พานิชผล,กลุ่มงานบริหารคดีและบริหารทั่วไป,กองบริหารคดี,จองสำเร็จ,2025-11-19 10:05:23
1211,2025-12-03,08:30-13:00,ห้องประชุมคณะกรรมการ,ประชุมคณะกรรมการ ป.ป.ท. ประจำเดือน ธันวาคม 2568 ครั้งที่ 89/68,นายอำนาจ พวงชมภู,20,2025-11-19 10:02:29,ลลิตตา พานิชผล,กลุ่มงานบริหารคดีและบริหารทั่วไป,กองบริหารคดี,จองสำเร็จ,2025-11-19 10:02:29
1212,2025-12-03,08:45-12:00,Zoom Meeting Room 6,ประชุมชุดปฏิบัติการเฝ้าระวังการสอบแข่งขันท้องถิ่น,นายธรรมโรจน์ เงาฉาย,15,2025-12-02 14:05:20,ธันย์นภัทร ศรีนันทา,กลุ่มงานป้องกันการทุจริตในภาครัฐ,สำนักงานป้องกันและปราบปรามการทุจริตในภาครัฐ เขต 4,จองสำเร็จ,2025-12-02 14:05:20
1213,2025-12-03,10:00-12:00,ห้องประชุม(กยผ),ประเมินผลสัมฤทธิกลุ่มภารกิจ,รองเลขาธิการคณะกรรมการ ป.ป.ท. (พ.ต.ท. สิริพงศ์ ศรีตุลา),10,2025-11-24 15:40:28,กฤตธี เผื่อนพงศ์,กลุ่มงานนโยบายและยุทธศาสตร์,กองยุทธศาสตร์และแผนงาน,จองสำเร็จ,2025-11-24 15:40:28
1214,2025-12-03,12:00-16:30,ห้องไต่สวน4,สอบพยาน,,2,2025-12-02 14:13:04,โรสนา ศักดิ์นภาพรเลิศ,กลุ่มงานปราบปรามการทุจริตหน่วยงานไม่สังกัดกระทรวง ทบวง สำนักนายกรัฐมนตรี,กองปราบปรามการทุจริตในภาครัฐ 5,จองสำเร็จ,2025-12-02 14:13:04
1215,2025-12-03,13:00-16:30,ห้องประชุม 2 (ห้องเล็ก),ประชุมโครงสร้างอัตรากำลัง,,20,2025-11-17 11:46:59,กิตวิภา สุวรรณรัตน์,กลุ่มงานพัฒนาบุคลากร,สำนักงานเลขาธิการ,จองสำเร็จ,2025-11-17 11:46:59
1216,2025-12-03,13:00-16:00,ห้องไต่สวน3,ประชุมคดี,,1,2025-11-21 11:04:45,ดวงใจ เชยชม,กลุ่มงานปราบปรามการทุจริตในองค์กรปกครองส่วนท้องถิ่น 1,กองปราบปรามการทุจริตในภาครัฐ 4,จองสำเร็จ,2025-11-21 11:04:45
1217,2025-12-03,13:00-20:30,ห้องประชุม(ห้องเล็ก 31),ประชุมตรวจรับพัสดุงานจ้างโครงการ E-Learning,นางสาวปิยนุช จันทน์สุคนธ์,1,2025-11-28 17:41:52,กิติคุณ โตรักษา,กลุ่มงานวิชาการและพัฒนานวัตกรรมด้านการป้องกัน,กองป้องกันการทุจริตในภาครัฐ,จองสำเร็จ,2025-11-28 17:41:52
1218,2025-12-03,13:00-16:30,Zoom Meeting Room 5,ประชุมคณะทำงานอัตรากำลังฯ,,20,2025-11-17 13:04:19,กิตวิภา สุวรรณรัตน์,กลุ่มงานพัฒนาบุคลากร,สำนักงานเลขาธิการ,จองสำเร็จ,2025-11-17 13:04:19
1219,2025-12-03,13:00-20:30,Zoom Meeting Room 9,ประชุมตรวจรับพัสดุงานจ้างโครงการ E-Learning,นางสาวปิยนุช จันทน์สุคนธ์,6,2025-11-28 17:46:53,กิติคุณ โตรักษา,กลุ่มงานวิชาการและพัฒนานวัตกรรมด้านการป้องกัน,กองป้องกันการทุจริตในภาครัฐ,จองสำเร็จ,2025-11-28 17:46:53
1220,2025-12-03,13:30-17:00,ห้องไต่สวน2,สอบพยาน,,4,2025-11-13 15:35:13,ประภัสรา นิลจันทึก,กลุ่มงานปราบปรามการทุจริตในองค์กรปกครองส่วนท้องถิ่น 2,กองปราบปรามการทุจริตในภาครัฐ 4,จองสำเร็จ,2025-11-13 15:35:13
1221,2025-12-03,13:30-16:30,ห้องประชุม(กยผ),ประชุมคณะทำงานกองทุนหมู่บ้านและชุมชนเมืองอย่างมั่นคง,,10,2025-12-02 10:23:54,กฤษฏ์ ธวัชชัยวิสุทธิ์,กลุ่มงานปราบปรามการทุจริตหน่วยงานไม่สังกัดกระทรวง ทบวง สำนักนายกรัฐมนตรี,กองปราบปรามการทุจริตในภาครัฐ 5,จองสำเร็จ,2025-12-02 12:51:51
1222,2025-12-03,13:30-16:30,ห้องประชุม (กปท.4),ประชุมไต่สวน,,5,2025-12-01 18:20:27,วรินยุพา นำนาผล,กลุ่มงานปราบปรามการทุจริตในองค์กรปกครองส่วนท้องถิ่น 1,กองปราบปรามการทุจริตในภาครัฐ 4,จองสำเร็จ,2025-12-01 18:20:27
1223,2025-12-04,08:00-16:00,Zoom Meeting Room 1,ประชุมคณะกรรมการพิจารณาคำของบประมาณ พ.ศ. 2570,นายภูมิวิศาล เกษมสุข,20,2025-11-14 10:46:51,สลักจิต ณ ลำพูน,ฝ่ายบริหารทั่วไป,กองยุทธศาสตร์และแผนงาน,จองสำเร็จ,2025-11-14 10:46:51
1224,2025-12-04,08:00-16:00,ห้องประชุม 2 (ห้องเล็ก),ประชุมคณะอนุกรรมการปรับปรุงหลักเกณฑ์การสมัครและคัดเลือกเครือข่ายต้นแบบฯ ครั้งที่ 3/2568,นายเอกชัย เกษมสุขธวัช รองเลขาธิกาารคณะกรรมการ ป.ป.ท.,15,2025-10-28 09:33:49,เกศรารัตติ์ บุนนท์,กลุ่มงานเครือข่ายภาคประชาสังคมป้องกันการทุจริต,กองป้องกันการทุจริตในภาครัฐ,จองสำเร็จ,2025-11-14 10:33:58
1225,2025-12-04,08:00-16:00,ห้องประชุม 1 (ห้องใหญ่),ประชุมคณะกรรมการพิจารณาคำของบประมาณ พ.ศ. 2570,เลขาธิการคณะกรรมการ ป.ป.ท.,40,2025-11-14 10:44:36,สลักจิต ณ ลำพูน,ฝ่ายบริหารทั่วไป,กองยุทธศาสตร์และแผนงาน,จองสำเร็จ,2025-11-14 10:44:36
1226,2025-12-04,08:00-18:00,ห้องอบรม (กพบ),สตง.ตรวจสอบประจำปี 2568,,4,2025-10-06 14:59:46,นพรัตน์ บุญสำเร็จ,กลุ่มงานคลัง,สำนักงานเลขาธิการ,จองสำเร็จ,2025-10-06 14:59:46
1227,2025-12-04,08:00-17:00,ห้องประชุม (กปท.4),ประชุมคณะอนุกรรมการไต่สวน,พ.อ.วินัย  โพนุสิต,5,2025-11-21 09:33:20,จิระเดช สอนเต็ม,กลุ่มงานปราบปรามการทุจริตในองค์กรปกครองส่วนท้องถิ่น 1,กองปราบปรามการทุจริตในภาครัฐ 4,จองสำเร็จ,2025-11-21 09:33:20
1228,2025-12-04,08:00-16:00,Zoom Meeting Room 9,ประชุมคณะอนุกรรมการปรับปรุงหลักเกณฑ์การสมัครและคัดเลือกเครือข่ายต้นแบบฯ ครั้งที่ 3/2568,นายเอกชัย เกษมสุขธวัช รองเลขาธิกาารคณะกรรมการ ป.ป.ท.,10,2025-10-28 09:33:49,เกศรารัตติ์ บุนนท์,กลุ่มงานเครือข่ายภาคประชาสังคมป้องกันการทุจริต,กองป้องกันการทุจริตในภาครัฐ,จองสำเร็จ,2025-11-14 10:33:58
1229,2025-12-04,08:30-12:30,ห้องไต่สวน1,ประชุมอนุไต่สวน,พ.ต.ท.งามพล บุญลิ่งเต็ง,1,2025-11-27 11:06:35,สมยศ ศรีพุฒ,กลุ่มงานปราบปรามการทุจริตกระทรวงด้านความมั่นคง 1,กองปราบปรามการทุจริตในภาครัฐ 1,จองสำเร็จ,2025-11-27 11:06:35
1230,2025-12-04,08:30-13:00,ห้องไต่สวน2,สอบพยาน,,5,2025-11-11 10:09:36,ประภัสรา นิลจันทึก,กลุ่มงานปราบปรามการทุจริตในองค์กรปกครองส่วนท้องถิ่น 2,กองปราบปรามการทุจริตในภาครัฐ 4,จองสำเร็จ,2025-11-11 10:09:36
1231,2025-12-04,08:30-12:30,OneConferenceRoom 1,ประชุมคณะกรรมการ ป.ป.ท. ประจำเดือน ธันวาคม 2568 ครั้งที่ 90/68,นายอำนาจ พวงชมภู,20,2025-11-19 10:08:30,ลลิตตา พานิชผล,กลุ่มงานบริหารคดีและบริหารทั่วไป,กองบริหารคดี,จองสำเร็จ,2025-11-19 10:08:30
1232,2025-12-04,08:30-12:30,ห้องประชุมคณะกรรมการ,ประชุมคณะกรรมการ ป.ป.ท. ประจำเดือน ธันวาคม 2568 ครั้งที่ 90/68,นายอำนาจ พวงชมภู,20,2025-11-19 10:07:37,ลลิตตา พานิชผล,กลุ่มงานบริหารคดีและบริหารทั่วไป,กองบริหารคดี,จองสำเร็จ,2025-11-19 10:07:37
1233,2025-12-04,08:45-16:45,ห้องไต่สวน3,ไต่สวน,ไม่มี,3,2025-11-27 15:08:28,ณัฏฐพล ศุรธีร์โกศล,กลุ่มงานปราบปรามการทุจริตหน่วยงานในสังกัดสำนักนายกรัฐมนตรี,กองปราบปรามการทุจริตในภาครัฐ 5,จองสำเร็จ,2025-11-27 15:08:28
1234,2025-12-04,09:00-16:00,ห้องไต่สวน4,ไต่สวนเ,,3,2025-11-10 15:15:59,มะลิไล แก้วมาดีงาม,กลุ่มงานปราบปรามการทุจริตหน่วยงานไม่สังกัดกระทรวง ทบวง สำนักนายกรัฐมนตรี,กองปราบปรามการทุจริตในภาครัฐ 5,จองสำเร็จ,2025-11-10 15:15:59
1235,2025-12-04,09:00-12:00,ห้องประชุม(ห้องเล็ก 31),ประชุม,กปก,5,2025-12-04 08:55:12,มาลี ขุมทอง,-,กองกำกับและขับเคลื่อนการดำเนินงานนโยบายภาครัฐ,จองสำเร็จ,2025-12-04 08:55:12
1236,2025-12-04,09:00-12:00,ห้องประชุม(กยผ),ประชุมคณะกรรมการตรวจรับงานจ้างที่ปรึกษา (ครั้งที่ ๑๒),นางสาวกิตวิภา สุวรรณรัตน์,7,2025-12-01 11:32:57,สรพงษ์ กุ้ยบำรุง,กลุ่มความร่วมมือและพัฒนานวัตกรรมความโปร่งใสในภาครัฐ,กองการต่างประเทศ,จองสำเร็จ,2025-12-01 11:32:57
1237,2025-12-04,09:00-16:00,Zoom Meeting Room 2,ประชุมคณะกรรมการตรวจรับงานจ้างที่ปรึกษา (ครั้งที่ ๑๒),นางสาวกิตวิภา  สุวรรณรัตน์,1,2025-12-01 11:34:37,สรพงษ์ กุ้ยบำรุง,กลุ่มความร่วมมือและพัฒนานวัตกรรมความโปร่งใสในภาครัฐ,กองการต่างประเทศ,จองสำเร็จ,2025-12-01 11:34:37
1238,2025-12-04,12:00-16:30,ห้องประชุม(กยผ),ประชุมกลั่นกรองงบบุรณาการปี 70 กับสำนักงาน ป.ป.ช.,นางสาวอาภรณีย์ เสมรสุต,10,2025-11-24 16:12:08,สลักจิต ณ ลำพูน,ฝ่ายบริหารทั่วไป,กองยุทธศาสตร์และแผนงาน,จองสำเร็จ,2025-11-24 16:12:08
1239,2025-12-04,13:00-17:00,ห้องไต่สวน2,สอบพยาน,,4,2025-11-13 15:33:02,ประภัสรา นิลจันทึก,กลุ่มงานปราบปรามการทุจริตในองค์กรปกครองส่วนท้องถิ่น 2,กองปราบปรามการทุจริตในภาครัฐ 4,จองสำเร็จ,2025-11-13 15:33:02
1240,2025-12-04,13:00-21:00,ห้องประชุม(ห้องเล็ก 31),ประชุมตรวจรับโครงการ E-Learning,ปิยนุช จันทน์สุคนธ์,5,2025-12-02 16:28:09,กิติคุณ โตรักษา,กลุ่มงานวิชาการและพัฒนานวัตกรรมด้านการป้องกัน,กองป้องกันการทุจริตในภาครัฐ,จองสำเร็จ,2025-12-02 16:28:09
1241,2025-12-04,13:00-21:00,Zoom Meeting Room 5,ประชุมตรวจรับโครงการ E-Learning,ปิยนุช จันทน์สุคนธ์,5,2025-12-02 16:31:07,กิติคุณ โตรักษา,กลุ่มงานวิชาการและพัฒนานวัตกรรมด้านการป้องกัน,กองป้องกันการทุจริตในภาครัฐ,จองสำเร็จ,2025-12-02 16:31:07
1242,2025-12-04,13:15-16:00,ห้องไต่สวน1,สอบพยาน,พงศ์ศักดิ์ น้ำขาว,3,2025-12-03 09:48:09,พงศ์ศักดิ์ น้ำขาว,กลุ่มงานปราบปรามการทุจริตหน่วยงานไม่สังกัดกระทรวง ทบวง สำนักนายกรัฐมนตรี,กองปราบปรามการทุจริตในภาครัฐ 5,จองสำเร็จ,2025-12-03 09:48:09
1243,2025-12-04,13:30-14:30,OneConferenceRoom 1,ประชุมคณะอนุกรรมการไต่สวนข้อเท็จจริง คำสั่ง ๓๗๐/๒๕๖๗ (ชุมพวง),พลตำรวจตรี สมควร พึ่งทรัพย์,6,2025-11-28 09:07:50,อนิสา เวกอรุณ,กลุ่มงานปราบปรามการทุจริตกระทรวงด้านเศรษฐกิจ,กองปราบปรามการทุจริตในภาครัฐ 2,จองสำเร็จ,2025-11-28 09:07:50
1244,2025-12-04,14:30-15:30,OneConferenceRoom 1,ประชุมคณะอนุกรรมการไต่สวนข้อเท็จจริง คำสั่ง ๓๗๑/๒๕๖๗ (พระทองคำ),พลตำรวจตรี สมควร พึ่งทรัพย์,6,2025-11-28 09:10:38,อนิสา เวกอรุณ,กลุ่มงานปราบปรามการทุจริตกระทรวงด้านเศรษฐกิจ,กองปราบปรามการทุจริตในภาครัฐ 2,จองสำเร็จ,2025-11-28 09:12:13
1245,2025-12-07,08:00-16:00,Zoom Meeting Room 1,ศูนย์การเฝ้าระวัง ป้องกัน ตรวจสอบ และติดตามการจัดสอบแข่งขันเพื่อบรรจุบุคคลเป็นข้าราชการหรือพนักงานท้องถิ่น,นายเอกชัย เกษมสุขธวัช,8,2025-12-01 15:12:18,ธนบูลย์ ลลิตสุธีจำเริญ,กลุ่มงานส่งเสริมธรรมาภิบาลในภาครัฐ,กองป้องกันการทุจริตในภาครัฐ,จองสำเร็จ,2025-12-03 09:32:02
1246,2025-12-07,08:00-16:00,ห้องประชุม(ห้องเล็ก 31),ศูนย์การเฝ้าระวัง ป้องกัน ตรวจสอบ และติดตามการจัดสอบแข่งขันเพื่อบันจุบุคคลเป็นข้าราชการหรือพนักงานท้องถิ่น,นายเอกชัย เกษมสุขธวัช,8,2025-12-01 15:08:18,ธนบูลย์ ลลิตสุธีจำเริญ,กลุ่มงานส่งเสริมธรรมาภิบาลในภาครัฐ,กองป้องกันการทุจริตในภาครัฐ,จองสำเร็จ,2025-12-01 15:08:18
1247,2025-12-07,08:00-16:45,Zoom Meeting Room 2,เฉพาะกิจการสอบท้องถิ่น 68,,60,2025-12-01 15:13:59,สุริยะ พรหมแก้ว,ฝ่ายบริหารทั่วไป,กองป้องกันการทุจริตในภาครัฐ,จองสำเร็จ,2025-12-01 15:13:59
1248,2025-12-08,07:00-17:00,ห้องประชุม(ห้องเล็ก 31),ไต่สวน,,3,2025-12-03 09:57:24,ณัฏฐ์นนท์ จารุวนาลัย,กลุ่มงานปราบปรามการทุจริตหน่วยงานไม่สังกัดกระทรวง ทบวง สำนักนายกรัฐมนตรี,กองปราบปรามการทุจริตในภาครัฐ 5,จองสำเร็จ,2025-12-03 09:57:24
1249,2025-12-08,07:30-18:00,Zoom Meeting Room 1,การสัมมนานโยบายและยุทธศาสตร์ของสำนักงาน ป.ป.ท. ประจำปีงบประมาณ พ.ศ. 2569,,1,2025-11-18 11:20:00,ธัญญ์นภัส เลิศปิติธัญศิริ,กลุ่มงานนโยบายและยุทธศาสตร์,กองยุทธศาสตร์และแผนงาน,จองสำเร็จ,2025-11-18 11:20:00
1250,2025-12-08,08:00-17:00,ห้องไต่สวน1,สอบพยาน,,1,2025-12-01 11:01:29,อนาวิล เกตพันธ์,กลุ่มงานปราบปรามการทุจริตในองค์กรปกครองส่วนท้องถิ่น 1,กองปราบปรามการทุจริตในภาครัฐ 4,จองสำเร็จ,2025-12-01 11:01:29
1251,2025-12-08,08:00-16:00,ห้องไต่สวน3,สอบถ้อยคำ,,1,2025-11-28 16:46:58,ออมทอง นันตา,กลุ่มงานปราบปรามการทุจริตหน่วยงานในสังกัดสำนักนายกรัฐมนตรี,กองปราบปรามการทุจริตในภาครัฐ 5,จองสำเร็จ,2025-11-28 16:46:58
1252,2025-12-08,08:00-17:00,ห้องไต่สวน4,ไต่สวนข้อเท็จจริง,,1,2025-11-10 11:34:38,รัตติกาล ณ ราช,กลุ่มงานปราบปรามการทุจริตหน่วยงานในสังกัดสำนักนายกรัฐมนตรี,กองปราบปรามการทุจริตในภาครัฐ 5,จองสำเร็จ,2025-11-10 11:34:38
1253,2025-12-08,08:00-18:00,ห้องอบรม (กพบ),สตง.ตรวจสอบประจำปี 2568,,4,2025-10-06 15:00:13,นพรัตน์ บุญสำเร็จ,กลุ่มงานคลัง,สำนักงานเลขาธิการ,จองสำเร็จ,2025-10-06 15:00:13
1254,2025-12-08,09:00-16:30,ห้องประชุม 2 (ห้องเล็ก),การประชุมคณะอนุกรรมการกลั่นกรองฯ คณะที่ 4,พลโท กิตติยุทธ  กิตติยุทธโยธิน,9,2025-11-17 12:35:45,ณัฐฐพิชา นาวินธรรม,กลุ่มงานคำวินิจฉัยและมติคณะกรรมการ,กองบริหารคดี,จองสำเร็จ,2025-11-17 12:35:45
1255,2025-12-08,09:00-17:00,ห้องไต่สวน2,นัดพยานสอบข้อเท็จจริง,,3,2025-11-18 10:21:07,จิระเดช สอนเต็ม,กลุ่มงานปราบปรามการทุจริตในองค์กรปกครองส่วนท้องถิ่น 1,กองปราบปรามการทุจริตในภาครัฐ 4,จองสำเร็จ,2025-11-18 10:21:07
1256,2025-12-08,09:00-16:30,OneConferenceRoom 1,การประชุมคณะอนุกรรมการกลั่นกรองฯ คณะที่ 4,พลโท กิตติยุทธ  กิตติยุทธโยธิน,9,2025-11-17 12:35:45,ณัฐฐพิชา นาวินธรรม,กลุ่มงานคำวินิจฉัยและมติคณะกรรมการ,กองบริหารคดี,จองสำเร็จ,2025-11-17 12:35:45
1257,2025-12-09,07:30-16:30,Zoom Meeting Room 1,การสัมมนานโยบายและยุทธศาสตร์ของสำนักงาน ป.ป.ท. ประจำปีงบประมาณ พ.ศ. 2569,,250,2025-11-18 11:21:10,ธัญญ์นภัส เลิศปิติธัญศิริ,กลุ่มงานนโยบายและยุทธศาสตร์,กองยุทธศาสตร์และแผนงาน,จองสำเร็จ,2025-11-18 11:21:10
1258,2025-12-09,08:00-16:30,ห้องไต่สวน1,สอบพยานคดี 107/2567,น.ส.ศิริพักร์ แก้วจันทร์,5,2025-11-13 14:20:08,จิราพรรณ ทาบุราญ,กลุ่มงานปราบปรามการทุจริตในองค์กรปกครองส่วนท้องถิ่น 2,กองปราบปรามการทุจริตในภาครัฐ 4,จองสำเร็จ,2025-11-13 14:20:08
1259,2025-12-09,08:00-16:30,ห้องไต่สวน2,สอบพยานคดี 107/2567,พ.ต.ต. จิระเดช สอนเต็ม,5,2025-11-13 14:25:23,จิราพรรณ ทาบุราญ,กลุ่มงานปราบปรามการทุจริตในองค์กรปกครองส่วนท้องถิ่น 2,กองปราบปรามการทุจริตในภาครัฐ 4,จองสำเร็จ,2025-11-13 14:25:23
1260,2025-12-09,08:00-17:00,ห้องไต่สวน3,สอบปากคำผู้กล่าวหา พยาน,,1,2025-11-20 08:59:18,ตระกูล บุญทัน,กลุ่มงานปราบปรามการทุจริตหน่วยงานในสังกัดสำนักนายกรัฐมนตรี,กองปราบปรามการทุจริตในภาครัฐ 5,จองสำเร็จ,2025-11-20 08:59:18
1261,2025-12-09,08:00-18:00,ห้องอบรม (กพบ),สตง.ตรวจสอบประจำปี 2568,,4,2025-10-06 15:00:47,นพรัตน์ บุญสำเร็จ,กลุ่มงานคลัง,สำนักงานเลขาธิการ,จองสำเร็จ,2025-10-06 15:00:47
1262,2025-12-09,08:30-16:30,ห้องไต่สวน4,ไต่สวน,,4,2025-11-13 14:01:21,วิชาญ พิเนตรเสถียร,กลุ่มงานปราบปรามการทุจริตหน่วยงานไม่สังกัดกระทรวง ทบวง สำนักนายกรัฐมนตรี,กองปราบปรามการทุจริตในภาครัฐ 5,จองสำเร็จ,2025-11-13 14:01:21
1263,2025-12-09,13:00-16:30,ห้องประชุม (กปท.4),สอบปากคำผู้ร้อง,,3,2025-12-03 11:00:56,กรีฑา พิทักษ์วงศ์,กลุ่มงานปราบปรามการทุจริตในองค์กรปกครองส่วนท้องถิ่น 2,กองปราบปรามการทุจริตในภาครัฐ 4,จองสำเร็จ,2025-12-03 11:00:56
1264,2025-12-11,07:00-18:00,ห้องประชุม(ห้องเล็ก 31),ไต่สวน,,4,2025-12-01 09:31:45,ณัฏฐ์นนท์ จารุวนาลัย,กลุ่มงานปราบปรามการทุจริตหน่วยงานไม่สังกัดกระทรวง ทบวง สำนักนายกรัฐมนตรี,กองปราบปรามการทุจริตในภาครัฐ 5,จองสำเร็จ,2025-12-01 09:31:45
1265,2025-12-11,08:00-16:30,ห้องไต่สวน1,สอบพยานคดี 107/2567,น.ส.ศิริพักร์ แก้วจันทร์,5,2025-11-13 14:27:44,จิราพรรณ ทาบุราญ,กลุ่มงานปราบปรามการทุจริตในองค์กรปกครองส่วนท้องถิ่น 2,กองปราบปรามการทุจริตในภาครัฐ 4,จองสำเร็จ,2025-11-13 14:27:44
1266,2025-12-11,08:00-16:30,ห้องไต่สวน2,สอบพยานคดี 107/2567,พ.ต.ต. จิระเดช สอนเต็ม,5,2025-11-13 14:29:33,จิราพรรณ ทาบุราญ,กลุ่มงานปราบปรามการทุจริตในองค์กรปกครองส่วนท้องถิ่น 2,กองปราบปรามการทุจริตในภาครัฐ 4,จองสำเร็จ,2025-11-13 14:29:33
1267,2025-12-11,08:00-18:00,ห้องอบรม (กพบ),สตง.ตรวจสอบประจำปี 2568,,4,2025-10-06 15:01:16,นพรัตน์ บุญสำเร็จ,กลุ่มงานคลัง,สำนักงานเลขาธิการ,จองสำเร็จ,2025-10-06 15:01:16
1268,2025-12-11,08:30-16:30,ห้องไต่สวน3,ไต่สวน,,4,2025-11-27 14:28:52,วิชาญ พิเนตรเสถียร,กลุ่มงานปราบปรามการทุจริตหน่วยงานไม่สังกัดกระทรวง ทบวง สำนักนายกรัฐมนตรี,กองปราบปรามการทุจริตในภาครัฐ 5,จองสำเร็จ,2025-11-27 14:28:52
1269,2025-12-11,08:30-16:30,ห้องไต่สวน4,ไต่สวน,,1,2025-11-11 09:09:45,พรรณนิภา อารยะทรงศักดิ์,กลุ่มงานปราบปรามการทุจริตหน่วยงานไม่สังกัดกระทรวง ทบวง สำนักนายกรัฐมนตรี,กองปราบปรามการทุจริตในภาครัฐ 5,จองสำเร็จ,2025-11-11 09:09:45
1270,2025-12-11,08:30-12:30,OneConferenceRoom 1,ประชุมคณะกรรมการ ป.ป.ท. ประจำเดือน ธันวาคม 2568 ครั้งที่ 91/68,นายอำนาจ พวงชมภู,20,2025-11-19 10:11:01,ลลิตตา พานิชผล,กลุ่มงานบริหารคดีและบริหารทั่วไป,กองบริหารคดี,จองสำเร็จ,2025-11-19 10:11:01
1271,2025-12-11,08:30-12:30,ห้องประชุมคณะกรรมการ,ประชุมคณะกรรมการ ป.ป.ท. ประจำเดือน ธันวาคม 2568 ครั้งที่ 91/68,นายอำนาจ พวงชมภู,20,2025-11-19 10:09:36,ลลิตตา พานิชผล,กลุ่มงานบริหารคดีและบริหารทั่วไป,กองบริหารคดี,จองสำเร็จ,2025-11-19 10:09:36
1272,2025-12-11,09:30-16:30,ห้องประชุม (กปท.4),สอบพยาน,,5,2025-11-25 18:12:38,นวีนา วัฒนประดิษฐ์,กลุ่มงานปราบปรามการทุจริตในองค์กรปกครองส่วนท้องถิ่น 1,กองปราบปรามการทุจริตในภาครัฐ 4,จองสำเร็จ,2025-11-25 18:12:38
1273,2025-12-11,10:00-12:00,ห้องประชุม(กยผ),ประชุมติดตามการพัฒนาระบบฯ,,10,2025-12-11 09:10:01,ศุภนิดา มาพบ,-,กองกำกับและขับเคลื่อนการดำเนินงานนโยบายภาครัฐ,จองสำเร็จ,2025-12-11 09:10:01
1274,2025-12-11,13:00-16:30,ห้องประชุมคณะกรรมการ,ประชุมคณะอนุกรรมการไต่สวน สำนวนเรื่องที่ 1749/2568,พิทยา บุญชู,13,2025-12-04 17:08:02,ปิยะนุช ชูเมือง,กลุ่มงานคำวินิจฉัยและมติคณะกรรมการ,กองบริหารคดี,จองสำเร็จ,2025-12-04 17:08:02
1275,2025-12-12,08:00-17:00,ห้องไต่สวน1,สอบพยาน,,5,2025-12-11 13:44:11,วรินยุพา นำนาผล,กลุ่มงานปราบปรามการทุจริตในองค์กรปกครองส่วนท้องถิ่น 1,กองปราบปรามการทุจริตในภาครัฐ 4,จองสำเร็จ,2025-12-11 13:44:11
1276,2025-12-12,08:30-16:30,ห้องไต่สวน3,ไต่สวน,,3,2025-11-27 15:22:16,ณัฏฐพล ศุรธีร์โกศล,กลุ่มงานปราบปรามการทุจริตหน่วยงานในสังกัดสำนักนายกรัฐมนตรี,กองปราบปรามการทุจริตในภาครัฐ 5,จองสำเร็จ,2025-11-27 15:22:16
1277,2025-12-12,08:30-16:30,ห้องไต่สวน4,ไต่สวน,,3,2025-12-09 11:35:02,พรรณนิภา อารยะทรงศักดิ์,กลุ่มงานปราบปรามการทุจริตหน่วยงานไม่สังกัดกระทรวง ทบวง สำนักนายกรัฐมนตรี,กองปราบปรามการทุจริตในภาครัฐ 5,จองสำเร็จ,2025-12-09 11:35:02
1278,2025-12-12,08:30-13:00,ห้องประชุม (กปท.4),สอบพยาน,,4,2025-12-02 15:34:13,ประภัสรา นิลจันทึก,กลุ่มงานปราบปรามการทุจริตในองค์กรปกครองส่วนท้องถิ่น 2,กองปราบปรามการทุจริตในภาครัฐ 4,จองสำเร็จ,2025-12-02 15:34:13
1279,2025-12-12,08:30-12:30,OneConferenceRoom 1,ประชุมคณะกรรมการ ป.ป.ท. ประจำเดือน ธันวาคม 2568 ครั้งที่ 92/68,นายอำนาจ พวงชมภู,15,2025-11-19 10:12:53,ลลิตตา พานิชผล,กลุ่มงานบริหารคดีและบริหารทั่วไป,กองบริหารคดี,จองสำเร็จ,2025-11-19 10:12:53
1280,2025-12-12,08:30-12:30,ห้องประชุมคณะกรรมการ,ประชุมคณะกรรมการ ป.ป.ท. ประจำเดือน ธันวาคม 2568 ครั้งที่ 92/68,นายอำนาจ พวงชมภู,20,2025-11-19 10:11:55,ลลิตตา พานิชผล,กลุ่มงานบริหารคดีและบริหารทั่วไป,กองบริหารคดี,จองสำเร็จ,2025-11-19 10:11:55
1281,2025-12-12,09:00-13:00,ห้องไต่สวน2,สอบพยาน,,1,2025-12-03 11:17:14,ศิรินทร์ทิพย์ โพธิมาศ,กลุ่มงานปราบปรามการทุจริตหน่วยงานไม่สังกัดกระทรวง ทบวง สำนักนายกรัฐมนตรี,กองปราบปรามการทุจริตในภาครัฐ 5,จองสำเร็จ,2025-12-03 11:17:14
1282,2025-12-12,13:00-16:30,ห้องประชุม(ห้องเล็ก 31),ประชุมหารือร่วมกับหน่วยงานนอก,นางสาวอรณิช  สุขบาล,10,2025-12-11 12:19:23,ภัทรา ศรีจำปา,กลุ่มงานปราบปรามการทุจริตกระทรวงด้านเศรษฐกิจ,กองปราบปรามการทุจริตในภาครัฐ 2,จองสำเร็จ,2025-12-11 12:19:23
1283,2025-12-12,15:00-17:00,Zoom Meeting Room 1,ประชุมคณะกรรมการตรวจรับงานจ้างที่ปรึกษาฯ กิจกรรมการจัดตั้งศูนย์ประสานงานเพื่ออำนวยความสะดวกการให้บริการภาครัฐในเขต EEC,ปัทมา ประสิทธิวงษ์,5,2025-12-08 09:26:52,วันนา วิลุนระพันธ์,กลุ่มความร่วมมือและพัฒนานวัตกรรมความโปร่งใสในภาครัฐ,กองการต่างประเทศ,จองสำเร็จ,2025-12-08 09:26:52
1284,2025-12-15,08:00-17:00,ห้องไต่สวน2,สอบถ้อยคำ,,1,2025-12-02 10:16:18,ออมทอง นันตา,กลุ่มงานปราบปรามการทุจริตหน่วยงานในสังกัดสำนักนายกรัฐมนตรี,กองปราบปรามการทุจริตในภาครัฐ 5,จองสำเร็จ,2025-12-02 10:16:18
1285,2025-12-15,08:00-17:00,ห้องไต่สวน3,ไต่สวน สอบปากคำพยาน,,1,2025-11-28 11:03:52,รัตติกาล ณ ราช,กลุ่มงานปราบปรามการทุจริตหน่วยงานในสังกัดสำนักนายกรัฐมนตรี,กองปราบปรามการทุจริตในภาครัฐ 5,จองสำเร็จ,2025-11-28 11:03:52
1286,2025-12-15,08:00-18:00,ห้องอบรม (กพบ),สตง.ตรวจสอบประจำปี 2568,,4,2025-10-06 15:02:11,นพรัตน์ บุญสำเร็จ,กลุ่มงานคลัง,สำนักงานเลขาธิการ,จองสำเร็จ,2025-10-06 15:02:11
1287,2025-12-15,08:00-17:00,ห้องประชุมคณะกรรมการ,ประชุมคณะอนุกรรมการกลั่นกรองฯ คณะที่ 1 ครั้งที่ 10/2568,พลโท นพพร โควหกุล ประธานอนุกรรมการ,9,2025-12-11 15:17:10,ปุระเชษฐ์ สุระสัจจะ,กลุ่มงานกิจการคณะกรรมการ,กองบริหารคดี,จองสำเร็จ,2025-12-11 15:17:10
1288,2025-12-15,08:30-16:30,ห้องไต่สวน4,ไต่สวน,พ.ต.ท.เทวิล ชาญกล้า,1,2025-11-11 14:02:59,โรสนา ศักดิ์นภาพรเลิศ,กลุ่มงานปราบปรามการทุจริตหน่วยงานไม่สังกัดกระทรวง ทบวง สำนักนายกรัฐมนตรี,กองปราบปรามการทุจริตในภาครัฐ 5,จองสำเร็จ,2025-11-11 14:02:59
1289,2025-12-15,09:00-16:30,ห้องประชุม 1 (ห้องใหญ่),ประชุมคณะอนุกรรมการกลั่นกรองฯ คณะที่ 1,พลโท นพพร โควหกุล ประธานอนุกรรมการ,9,2025-11-14 10:25:40,ปิยะนุช ชูเมือง,กลุ่มงานคำวินิจฉัยและมติคณะกรรมการ,กองบริหารคดี,จองสำเร็จ,2025-11-14 10:25:40
1290,2025-12-15,09:00-13:00,ห้องประชุม(ห้องเล็ก 31),ขอใช้ห้องประชุมเล็ก เพื่อการไต่สวนคดี,,4,2025-12-08 23:02:23,จักรกฤช จงกลกิจ,กลุ่มงานปราบปรามการทุจริตในภาครัฐ 1,สำนักงานป้องกันและปราบปรามการทุจริตในภาครัฐ เขต 1,จองสำเร็จ,2025-12-08 23:02:23
1291,2025-12-15,09:00-16:00,OneConferenceRoom 1,ประชุมคณะอนุกรรมการกลั่นกรองฯ คณะที่ 1 ครั้งที่ 10-2/2569,พลโท นพพร โควหกุล ประธานอนุกรรมการกลั่นกรองฯ ชุดที่ 1,9,2025-11-14 10:28:38,ปิยะนุช ชูเมือง,กลุ่มงานคำวินิจฉัยและมติคณะกรรมการ,กองบริหารคดี,จองสำเร็จ,2025-11-14 10:35:02
1292,2025-12-15,09:30-16:30,ห้องประชุม 2 (ห้องเล็ก),ประชุมคณะอนุกรรมการกลั่นกรองฯ คณะที่ 5 ครั้งที่ 25-2/2569,นายประพาฬ อนมาน,9,2025-11-10 14:41:44,พิศาล เฝื่อชาติ,กลุ่มงานคำวินิจฉัยและมติคณะกรรมการ,กองบริหารคดี,จองสำเร็จ,2025-11-10 14:41:44
1293,2025-12-15,13:00-16:15,ห้องไต่สวน1,ไต่สวน,,4,2025-12-11 14:47:21,มะลิไล แก้วมาดีงาม,กลุ่มงานปราบปรามการทุจริตหน่วยงานไม่สังกัดกระทรวง ทบวง สำนักนายกรัฐมนตรี,กองปราบปรามการทุจริตในภาครัฐ 5,จองสำเร็จ,2025-12-11 14:47:21
1294,2025-12-15,13:00-16:00,ห้องประชุม (กปท.4),สอบพยาน,,1,2025-12-09 13:37:02,ดวงใจ เชยชม,กลุ่มงานปราบปรามการทุจริตในองค์กรปกครองส่วนท้องถิ่น 1,กองปราบปรามการทุจริตในภาครัฐ 4,จองสำเร็จ,2025-12-09 13:37:02
1295,2025-12-15,13:30-16:30,Zoom Meeting Room 1,ประชุมคณะกรรมการตรวจรับงานจ้างที่ปรึกษาฯ กิจกรรมการจัดตั้งศูนย์ประสานงานเพื่ออำนวยความสะดวกการให้บริการภาครัฐในเขต EEC,นางสาวปัทมา ประสิธิวงษ์,5,2025-12-13 17:43:02,วันนา วิลุนระพันธ์,กลุ่มความร่วมมือและพัฒนานวัตกรรมความโปร่งใสในภาครัฐ,กองการต่างประเทศ,จองสำเร็จ,2025-12-13 17:43:02
1296,2025-12-16,08:00-12:00,ห้องไต่สวน1,สอบผู้ร้องเรียน,,3,2025-12-14 20:50:25,วรินยุพา นำนาผล,กลุ่มงานปราบปรามการทุจริตในองค์กรปกครองส่วนท้องถิ่น 1,กองปราบปรามการทุจริตในภาครัฐ 4,จองสำเร็จ,2025-12-14 20:50:25
1297,2025-12-16,08:00-12:30,ห้องไต่สวน4,สอบผู้ร้อง,,4,2025-12-10 10:57:16,นวพร ปั้นจันทร์,กลุ่มงานปราบปรามการทุจริตหน่วยงานในสังกัดสำนักนายกรัฐมนตรี,กองปราบปรามการทุจริตในภาครัฐ 5,จองสำเร็จ,2025-12-10 10:57:16
1298,2025-12-16,08:00-18:00,ห้องอบรม (กพบ),สตง.ตรวจสอบประจำปี 2568,,4,2025-10-06 15:02:51,นพรัตน์ บุญสำเร็จ,กลุ่มงานคลัง,สำนักงานเลขาธิการ,จองสำเร็จ,2025-10-06 15:02:51
1299,2025-12-16,08:00-16:00,ห้องประชุมคณะกรรมการ,ไต่สวนเบื้องต้นสำนวนคดีเรื่องที่ 1749/2568,นายพิทยา บุญชู ประธานอนุกรรมการ,13,2025-11-28 14:36:54,ปิยะนุช ชูเมือง,กลุ่มงานคำวินิจฉัยและมติคณะกรรมการ,กองบริหารคดี,จองสำเร็จ,2025-11-28 14:36:54
1300,2025-12-16,08:30-12:30,OneConferenceRoom 1,ประชุมคณะกรรมการ ป.ป.ท. ประจำเดือน ธันวาคม 2568 ครั้งที่ 93/68,นายอำนาจ พวงชมภู,19,2025-11-19 10:25:02,ลลิตตา พานิชผล,กลุ่มงานบริหารคดีและบริหารทั่วไป,กองบริหารคดี,จองสำเร็จ,2025-12-15 13:39:22
1301,2025-12-16,09:30-12:00,ห้องไต่สวน2,สอบผู้ร้อง,,3,2025-12-12 10:31:21,ชัยนาท น้อยสอน,กลุ่มงานปราบปรามการทุจริตหน่วยงานในสังกัดสำนักนายกรัฐมนตรี,กองปราบปรามการทุจริตในภาครัฐ 5,จองสำเร็จ,2025-12-12 10:31:21
1302,2025-12-16,13:00-18:00,ห้องไต่สวน2,สอบผู้ร้อง,,4,2025-12-12 10:15:39,ชัยนาท น้อยสอน,กลุ่มงานปราบปรามการทุจริตหน่วยงานในสังกัดสำนักนายกรัฐมนตรี,กองปราบปรามการทุจริตในภาครัฐ 5,จองสำเร็จ,2025-12-12 10:15:39
1303,2025-12-17,08:00-17:00,ห้องไต่สวน1,ประชุมคณะอนุกรรมการไต่สวน,,5,2025-12-02 16:39:24,นิดา พินิจวิกรานต์,กลุ่มงานปราบปรามการทุจริตกระทรวงด้านความมั่นคง 1,กองปราบปรามการทุจริตในภาครัฐ 1,จองสำเร็จ,2025-12-02 16:39:24
1304,2025-12-17,08:00-14:00,ห้องไต่สวน3,สอบถ้อยคำผู้ร้องเรียน,,1,2025-12-04 13:27:01,เพชรรพี จรัสเจษฎา,กลุ่มงานปราบปรามการทุจริตหน่วยงานในสังกัดสำนักนายกรัฐมนตรี,กองปราบปรามการทุจริตในภาครัฐ 5,จองสำเร็จ,2025-12-04 13:27:01
1305,2025-12-17,08:00-18:00,ห้องอบรม (กพบ),สตง.ตรวจสอบประจำปี 2568,,4,2025-10-06 15:03:23,นพรัตน์ บุญสำเร็จ,กลุ่มงานคลัง,สำนักงานเลขาธิการ,จองสำเร็จ,2025-10-06 15:03:23
1306,2025-12-17,08:00-17:30,Zoom Meeting Room 9,ประชุมคณะกรรมการคัดเลือกพนักงาน ป.ป.ท. และเจ้าหน้าที่ ป.ป.ท. ดีเด่นประจำปี 2568,รองเลขาธิการคณะกรรมการ ป.ป.ท. (พ.ต.ท.สิริพงษ์ ศรีตุลา),20,2025-11-13 15:45:15,ตะวัน ราชไลกิจ,กลุ่มงานบริหารงานบุคคล,สำนักงานเลขาธิการ,จองสำเร็จ,2025-11-13 15:45:15
1307,2025-12-17,08:30-16:30,ห้องไต่สวน2,สอบพยาน,,3,2025-12-02 12:31:14,อนาวิล เกตพันธ์,กลุ่มงานปราบปรามการทุจริตในองค์กรปกครองส่วนท้องถิ่น 1,กองปราบปรามการทุจริตในภาครัฐ 4,จองสำเร็จ,2025-12-02 12:31:14
1308,2025-12-17,08:30-17:30,ห้องประชุม 1 (ห้องใหญ่),ประชุมคณะกรรมการคัดเลือกพนักงาน ป.ป.ท. และเจ้าหน้าที่ ป.ป.ท. ดีเด่นประจำปี 2568,รองเลขาธิการคณะกรรมการ ป.ป.ท. (พ.ต.ท. สิริพงษ์ ศรีตุลา),20,2025-11-13 15:42:41,ตะวัน ราชไลกิจ,กลุ่มงานบริหารงานบุคคล,สำนักงานเลขาธิการ,จองสำเร็จ,2025-11-13 15:42:41
1309,2025-12-17,08:30-13:00,ห้องประชุม(ห้องเล็ก 31),ประชุมอนุไต่สวนฯ,นายณรงค์ รัตนานุกูล,5,2025-12-08 13:31:35,ณปภัช ศศิชาณฐมณ,กลุ่มงานปราบปรามการทุจริตในรัฐวิสาหกิจ 1,กองปราบปรามการทุจริตในภาครัฐ 3,จองสำเร็จ,2025-12-08 13:31:35
1310,2025-12-17,08:30-12:30,OneConferenceRoom 1,ประชุมคณะกรรมการ ป.ป.ท. ประจำเดือน ธันวาคม 2568 ครั้งที่ 94/68,นายอำนาจ พวงชมภู,19,2025-11-19 10:26:48,ลลิตตา พานิชผล,กลุ่มงานบริหารคดีและบริหารทั่วไป,กองบริหารคดี,จองสำเร็จ,2025-12-15 13:40:42
1311,2025-12-17,08:30-13:00,OneConferenceRoom 3,ประชุมอนุไต่สวนฯ,นายณรงค์ รัตนานุกูล,5,2025-12-08 13:32:47,ณปภัช ศศิชาณฐมณ,กลุ่มงานปราบปรามการทุจริตในรัฐวิสาหกิจ 1,กองปราบปรามการทุจริตในภาครัฐ 3,จองสำเร็จ,2025-12-08 13:32:47
1312,2025-12-17,08:30-12:30,ห้องประชุมคณะกรรมการ,ประชุมคณะกรรมการ ป.ป.ท. ประจำเดือน ธันวาคม 2568 ครั้งที่ 93/68,นายอำนาจ พวงชมภู,20,2025-11-19 10:23:30,ลลิตตา พานิชผล,กลุ่มงานบริหารคดีและบริหารทั่วไป,กองบริหารคดี,จองสำเร็จ,2025-11-19 10:23:30
1313,2025-12-17,12:00-17:00,ห้องประชุม 2 (ห้องเล็ก),ประชุมอนุเงินเพิ่มฯ ครั้งที่ 12/2568,,20,2025-12-02 11:04:04,อธิวัฒน์ ธัมมารัตน์นนท์,กลุ่มงานบริหารงานบุคคล,สำนักงานเลขาธิการ,จองสำเร็จ,2025-12-02 11:04:04
1314,2025-12-17,12:00-17:00,Zoom Meeting Room 8,ประชุมอนุเงินเพิ่มฯ ครั้งที่ 12/2568,,10,2025-12-02 11:05:05,อธิวัฒน์ ธัมมารัตน์นนท์,กลุ่มงานบริหารงานบุคคล,สำนักงานเลขาธิการ,จองสำเร็จ,2025-12-02 11:05:05
1315,2025-12-17,13:00-15:00,ห้องไต่สวน4,ซักซ้อมเข้าร่วมกระบวนพิจารณาคดีทางอิเล็กทรอนิกส์ คดี บ.21/66 ศาลปกครองนครราชสีมา,,1,2025-12-17 09:43:29,วันวิสาข์ ไชยพันธ์,กลุ่มงานคดี,กองกฎหมาย,จองสำเร็จ,2025-12-17 09:43:29
1316,2025-12-18,08:00-18:00,ห้องอบรม (กพบ),สตง.ตรวจสอบประจำปี 2568,,4,2025-10-06 15:03:56,นพรัตน์ บุญสำเร็จ,กลุ่มงานคลัง,สำนักงานเลขาธิการ,จองสำเร็จ,2025-10-06 15:03:56
1317,2025-12-18,08:00-15:00,ห้องประชุม (กปท.4),สอบผู้ร้องเรียนจำนวน 6 เรื่อง,นักสืบสวนหลายคน,1,2025-11-27 13:15:04,จิระเดช สอนเต็ม,กลุ่มงานปราบปรามการทุจริตในองค์กรปกครองส่วนท้องถิ่น 1,กองปราบปรามการทุจริตในภาครัฐ 4,จองสำเร็จ,2025-11-27 13:15:04
1318,2025-12-18,08:30-16:30,Zoom Meeting Room 1,ประชุมคณะกรรมการตรวจรับงานจ้างที่ปรึกษาฯ ครั้งที่ 13/68,นางสาวกิตวิภา สุวรรณรัตน์,7,2025-12-11 13:26:52,กิริยา พิชยวัฒน์,กลุ่มความร่วมมือและพัฒนานวัตกรรมความโปร่งใสในภาครัฐ,กองการต่างประเทศ,จองสำเร็จ,2025-12-11 13:27:04
1319,2025-12-18,08:30-17:00,ห้องไต่สวน3,ไต่สวน,,4,2025-12-08 14:54:26,วิชาญ พิเนตรเสถียร,กลุ่มงานปราบปรามการทุจริตหน่วยงานไม่สังกัดกระทรวง ทบวง สำนักนายกรัฐมนตรี,กองปราบปรามการทุจริตในภาครัฐ 5,จองสำเร็จ,2025-12-08 14:54:26
1320,2025-12-18,08:30-16:30,ห้องไต่สวน4,ไต่สวนเบื้องต้น,,3,2025-12-04 17:03:43,พรรณนิภา อารยะทรงศักดิ์,กลุ่มงานปราบปรามการทุจริตหน่วยงานไม่สังกัดกระทรวง ทบวง สำนักนายกรัฐมนตรี,กองปราบปรามการทุจริตในภาครัฐ 5,จองสำเร็จ,2025-12-04 17:03:43
1321,2025-12-18,08:30-16:30,ห้องประชุม(กยผ),ประชุมคณะกรรมการตรวจรับงานจ้างที่ปรึกษาฯ ครั้งที่ 13/68,นางสาวกิตวิภา สุวรรณรัตน์,7,2025-12-11 13:25:34,กิริยา พิชยวัฒน์,กลุ่มความร่วมมือและพัฒนานวัตกรรมความโปร่งใสในภาครัฐ,กองการต่างประเทศ,จองสำเร็จ,2025-12-11 13:25:34
1322,2025-12-18,08:45-12:00,OneConferenceRoom 2,ขอประฃุมคณะอนุกรรมการไต่สวน ฯ เรื่องที่ ๑๑๑๐๐๙/๖๑,พ.ต.อ.เสถียร ศรีทองทรัพย์,2,2025-12-11 15:31:32,โฆษิต เฮงจำรัส,กลุ่มงานปราบปรามการทุจริตในภาครัฐ 1,สำนักงานป้องกันและปราบปรามการทุจริตในภาครัฐ เขต 6,จองสำเร็จ,2025-12-11 15:31:32
1323,2025-12-18,09:00-12:00,ห้องไต่สวน1,เข้าร่วมกระบวนพิจารณาคดีทางอิเล็กทรอนิกส์ คดี บ.21/66 ศาลปกครองนครราชสีมา,,1,2025-12-17 09:16:28,วันวิสาข์ ไชยพันธ์,กลุ่มงานคดี,กองกฎหมาย,จองสำเร็จ,2025-12-17 09:16:28
1324,2025-12-18,09:00-13:30,ห้องไต่สวน2,สอบถ้อยคำพยาน,,3,2025-12-18 08:58:19,ศิริพักร์ แก้วจันทร์,กลุ่มงานปราบปรามการทุจริตในองค์กรปกครองส่วนท้องถิ่น 2,กองปราบปรามการทุจริตในภาครัฐ 4,จองสำเร็จ,2025-12-18 08:58:19
1325,2025-12-18,09:00-12:00,Zoom Meeting Room 6,หารือเรื่องพระธาตุพนม,,1,2025-12-18 08:43:44,ตรียภรณ์ กองอ้น,กลุ่มงานป้องกันการทุจริตในภาครัฐ,สำนักงานป้องกันและปราบปรามการทุจริตในภาครัฐ เขต 5,จองสำเร็จ,2025-12-18 08:43:44
1326,2025-12-18,09:30-12:00,Zoom Meeting Room 2,ประชุมหารือกรณีงานนมัสการพระธาตุพนม,นายเอกชัย เกษมสุขธวัช,10,2025-12-18 08:47:41,กนิษฐา แก้วสาร,กลุ่มงานวินัย,สำนักงานเลขาธิการ,จองสำเร็จ,2025-12-18 08:47:41
1327,2025-12-18,13:00-17:00,ห้องไต่สวน1,สอบพยาน,-,5,2025-11-20 11:27:21,สุนิสา รักษา,กลุ่มงานปราบปรามการทุจริตในองค์กรปกครองส่วนท้องถิ่น 1,กองปราบปรามการทุจริตในภาครัฐ 4,จองสำเร็จ,2025-11-20 11:27:21
1328,2025-12-18,13:00-16:30,Zoom Meeting Room 3,ประชุมเตรียมความพร้อมการประชุมเกี่ยวกับข้ามแดนงานนมัสการพระธาตุพนมประจำปี,นายจิรวัฒน์ สุภาพ,10,2025-12-17 10:58:46,ภัคคินี แขวงเมือง,กลุ่มงานปราบปรามการทุจริตในภาครัฐ 1,สำนักงานป้องกันและปราบปรามการทุจริตในภาครัฐ เขต 4,จองสำเร็จ,2025-12-17 10:58:46
1329,2025-12-19,08:00-12:00,Zoom Meeting Room 1,คณะอนุกรรมการพิจารณากลั่นกรองการเปิดเผยข้อมูลข่าวสาร,,15,2025-12-16 08:42:12,อานนท์ ชนประชา,กลุ่มงานความเห็นแย้ง,กองกฎหมาย,จองสำเร็จ,2025-12-16 08:42:12
1330,2025-12-19,08:00-12:00,ห้องประชุม 2 (ห้องเล็ก),การประชุมคณะอนุกรรมการกลั่นกรองข้อมูลข่าวสาร,,14,2025-12-15 18:11:37,อรวรรณ ทูลมณี,กลุ่มงานความเห็นแย้ง,กองกฎหมาย,จองสำเร็จ,2025-12-15 18:11:59
1331,2025-12-19,08:00-17:00,ห้องไต่สวน3,สอบพยาน,เมศรา หนูแก้ว,1,2025-12-01 13:08:00,วรรณฉวี ชื้นจะบก,กลุ่มงานปราบปรามการทุจริตกระทรวงด้านความมั่นคง 2,กองปราบปรามการทุจริตในภาครัฐ 1,จองสำเร็จ,2025-12-01 13:08:00
1332,2025-12-19,08:00-12:00,ห้องประชุม 1 (ห้องใหญ่),้อบรมออนไลน์ กระทรวงเกษตรและสหกรณ์,-,1,2025-12-17 10:15:04,กมลวรรณ ศิริปรุ,ฝ่ายบริหารทั่วไป,กองป้องกันการทุจริตในภาครัฐ,จองสำเร็จ,2025-12-17 10:15:04
1333,2025-12-19,08:00-12:00,ห้องประชุม(ห้องเล็ก 31),้อบรมออนไลน์,-,2,2025-12-17 10:12:48,กมลวรรณ ศิริปรุ,ฝ่ายบริหารทั่วไป,กองป้องกันการทุจริตในภาครัฐ,จองสำเร็จ,2025-12-17 10:12:48
1334,2025-12-19,08:00-18:00,ห้องอบรม (กพบ),สตง.ตรวจสอบประจำปี 2568,,4,2025-10-06 15:04:25,นพรัตน์ บุญสำเร็จ,กลุ่มงานคลัง,สำนักงานเลขาธิการ,จองสำเร็จ,2025-10-06 15:04:25
1335,2025-12-19,08:00-12:00,ห้องประชุม (กปท.4),สอบพยาน,,3,2025-12-14 20:51:16,วรินยุพา นำนาผล,กลุ่มงานปราบปรามการทุจริตในองค์กรปกครองส่วนท้องถิ่น 1,กองปราบปรามการทุจริตในภาครัฐ 4,จองสำเร็จ,2025-12-14 20:51:16
1336,2025-12-19,08:00-16:00,ห้องประชุมคณะกรรมการ,ไต่สวนเบื้องต้นสำนวนคดีเรื่องที่ 1749/2568,นายพิทยา บุญชู ประธานอนุกรรมการ,13,2025-11-28 14:40:59,ปิยะนุช ชูเมือง,กลุ่มงานคำวินิจฉัยและมติคณะกรรมการ,กองบริหารคดี,จองสำเร็จ,2025-11-28 14:40:59
1337,2025-12-19,08:30-12:00,ห้องไต่สวน2,สอบพยาน,,3,2025-11-25 08:41:35,สหราช เกษอินทร์,กลุ่มงานปราบปรามการทุจริตในองค์กรปกครองส่วนท้องถิ่น 1,กองปราบปรามการทุจริตในภาครัฐ 4,จองสำเร็จ,2025-11-25 08:41:35
1338,2025-12-19,08:30-16:30,ห้องไต่สวน4,ไต่สวนเบื้องต้น,,3,2025-12-09 11:38:30,พรรณนิภา อารยะทรงศักดิ์,กลุ่มงานปราบปรามการทุจริตหน่วยงานไม่สังกัดกระทรวง ทบวง สำนักนายกรัฐมนตรี,กองปราบปรามการทุจริตในภาครัฐ 5,จองสำเร็จ,2025-12-09 11:38:30
1339,2025-12-19,09:00-17:00,ห้องไต่สวน1,สอบปากคำผู้ร้อง,,1,2025-11-26 13:58:50,เริงจิตร ฉิมพินิจ,กลุ่มงานปราบปรามการทุจริตกระทรวงด้านความมั่นคง 1,กองปราบปรามการทุจริตในภาครัฐ 1,จองสำเร็จ,2025-11-26 13:58:50
1340,2025-12-19,13:00-16:00,ห้องประชุม 1 (ห้องใหญ่),ประชุมบูรณาการกับ สำนักงาน ป.ย.ป. ครั้งที่ 3,,12,2025-12-18 09:18:49,แพรววนิต เวียงมูล,กลุ่มความร่วมมือและพัฒนานวัตกรรมความโปร่งใสในภาครัฐ,กองการต่างประเทศ,จองสำเร็จ,2025-12-18 09:18:49
1341,2025-12-19,13:00-16:00,ห้องประชุม(กยผ),ประชุม ป.ย.ป.,,10,2025-12-09 09:00:03,แพรววนิต เวียงมูล,กลุ่มความร่วมมือและพัฒนานวัตกรรมความโปร่งใสในภาครัฐ,กองการต่างประเทศ,จองสำเร็จ,2025-12-09 09:00:03
1342,2025-12-19,14:00-16:30,ห้องประชุม 2 (ห้องเล็ก),โครงการส่งเสริมการพัฒนาศักยภาพเครือข่าย ศปท. เชิงรุก,,6,2025-12-16 14:19:26,ศุภนิดา มาพบ,-,กองกำกับและขับเคลื่อนการดำเนินงานนโยบายภาครัฐ,จองสำเร็จ,2025-12-16 14:19:26
1343,2025-12-20,07:30-16:00,ห้องไต่สวน1,ไต่สวนข้อเท็จจริง,,4,2025-12-19 08:48:10,อภิรักษ์ คงคาเพชร,กลุ่มงานปราบปรามการทุจริตในองค์กรปกครองส่วนท้องถิ่น 2,กองปราบปรามการทุจริตในภาครัฐ 4,จองสำเร็จ,2025-12-19 08:48:10
1344,2025-12-22,08:00-17:00,ห้องไต่สวน1,ไต่สวน,,1,2025-12-03 09:14:32,พูนทรัพย์ เตชะเกียรติสุจิตร,กลุ่มงานปราบปรามการทุจริตกระทรวงด้านความมั่นคง 1,กองปราบปรามการทุจริตในภาครัฐ 1,จองสำเร็จ,2025-12-03 09:14:32
1345,2025-12-22,08:00-17:00,ห้องไต่สวน3,สอบพยาน,,1,2025-12-08 10:53:11,สมศักดิ์ ทองประดับ,กลุ่มงานปราบปรามการทุจริตในองค์กรปกครองส่วนท้องถิ่น 2,กองปราบปรามการทุจริตในภาครัฐ 4,จองสำเร็จ,2025-12-08 10:53:11
1346,2025-12-22,08:00-16:30,ห้องประชุม (กปท.4),สอบปากคำผู้ร้อง,,3,2025-12-16 09:11:55,กรีฑา พิทักษ์วงศ์,กลุ่มงานปราบปรามการทุจริตในองค์กรปกครองส่วนท้องถิ่น 2,กองปราบปรามการทุจริตในภาครัฐ 4,จองสำเร็จ,2025-12-16 09:11:55
1347,2025-12-22,08:30-13:00,ห้องไต่สวน2,สอบพยาน,,3,2025-12-01 11:48:23,ประภัสรา นิลจันทึก,กลุ่มงานปราบปรามการทุจริตในองค์กรปกครองส่วนท้องถิ่น 2,กองปราบปรามการทุจริตในภาครัฐ 4,จองสำเร็จ,2025-12-01 11:48:23
1348,2025-12-22,08:30-16:30,ห้องประชุม(ห้องเล็ก 31),ประชุม,,1,2025-12-18 11:11:13,วิชาญ พิเนตรเสถียร,กลุ่มงานปราบปรามการทุจริตหน่วยงานไม่สังกัดกระทรวง ทบวง สำนักนายกรัฐมนตรี,กองปราบปรามการทุจริตในภาครัฐ 5,จองสำเร็จ,2025-12-18 11:11:13
1349,2025-12-22,08:30-16:00,ห้องประชุมคณะกรรมการ,ไต่สวนเบื้องต้นสำนวนคดีเรื่องที่ 1749/2568,นายพิทยา บุญชู ประธานอนุกรรมการ,13,2025-11-28 14:42:34,ปิยะนุช ชูเมือง,กลุ่มงานคำวินิจฉัยและมติคณะกรรมการ,กองบริหารคดี,จองสำเร็จ,2025-11-28 14:42:46
1350,2025-12-22,08:45-16:30,ห้องประชุม 2 (ห้องเล็ก),ประชุมคณะอนุกรรมการกลั่นกรองฯ คณะที่ 7,นายพิพัฒน์ วงศาโรจน์,8,2025-11-18 09:50:19,ศิริวิมล พิมพ์โคตร,กลุ่มงานกิจการคณะกรรมการ,กองบริหารคดี,จองสำเร็จ,2025-11-18 09:50:19
1351,2025-12-22,09:30-13:00,ห้องไต่สวน4,สอบพยาน,,4,2025-12-11 13:00:35,กชมน สุธีรวัฒนกุล,กลุ่มงานปราบปรามการทุจริตในองค์กรปกครองส่วนท้องถิ่น 1,กองปราบปรามการทุจริตในภาครัฐ 4,จองสำเร็จ,2025-12-11 13:00:35
1352,2025-12-22,13:00-16:00,Zoom Meeting Room 1,การพิจารณากลั่นกรองผู้ประสบอุทกภัย สำนักงาน ปปท. เขต 9,,15,2025-12-19 14:14:54,ตะวัน ราชไลกิจ,กลุ่มงานบริหารงานบุคคล,สำนักงานเลขาธิการ,จองสำเร็จ,2025-12-19 14:14:54
1353,2025-12-23,08:00-17:00,ห้องไต่สวน1,ไต่สวน,,1,2025-12-03 09:15:15,พูนทรัพย์ เตชะเกียรติสุจิตร,กลุ่มงานปราบปรามการทุจริตกระทรวงด้านความมั่นคง 1,กองปราบปรามการทุจริตในภาครัฐ 1,จองสำเร็จ,2025-12-03 09:15:15
1354,2025-12-23,08:00-17:00,ห้องไต่สวน2,สอบปากคำผู้กล่าวหา พยาน,,1,2025-12-12 14:36:52,ตระกูล บุญทัน,กลุ่มงานปราบปรามการทุจริตหน่วยงานในสังกัดสำนักนายกรัฐมนตรี,กองปราบปรามการทุจริตในภาครัฐ 5,จองสำเร็จ,2025-12-12 14:36:52
1355,2025-12-23,08:15-16:30,ห้องไต่สวน4,ไต่สวนเบื้องต้น,,1,2025-12-12 10:50:52,มะลิไล แก้วมาดีงาม,กลุ่มงานปราบปรามการทุจริตหน่วยงานไม่สังกัดกระทรวง ทบวง สำนักนายกรัฐมนตรี,กองปราบปรามการทุจริตในภาครัฐ 5,จองสำเร็จ,2025-12-12 10:50:52
1356,2025-12-23,08:30-16:30,ห้องประชุม 2 (ห้องเล็ก),ประชุมคณะอนุกรรมการกลั่นกรองฯ คณะที่ 6,พลตำรวจตรี นพรัตน์ รินทพล,9,2025-11-20 12:23:23,นงค์ลักษณ์ ยั่งยืน,กลุ่มงานคำวินิจฉัยและมติคณะกรรมการ,กองบริหารคดี,จองสำเร็จ,2025-11-20 12:23:23
1357,2025-12-23,08:30-16:30,ห้องไต่สวน3,ไต่สวนเบื้องต้น,,3,2025-12-12 14:24:15,พรรณนิภา อารยะทรงศักดิ์,กลุ่มงานปราบปรามการทุจริตหน่วยงานไม่สังกัดกระทรวง ทบวง สำนักนายกรัฐมนตรี,กองปราบปรามการทุจริตในภาครัฐ 5,จองสำเร็จ,2025-12-12 14:24:15
1358,2025-12-23,08:30-12:00,ห้องประชุม(ห้องเล็ก 31),ประชุมชี้แจงการประชาสัมพันธ์หลักเกณฑ์การประกาศรับสมัครเครือข่ายต้นแบบฯ ปีงบประมาณ พ.ศ. 2569,ผอ.กลุ่มงานเครือข่ายภาคประชาสังคมฯ,19,2025-12-18 10:13:33,เกศรารัตติ์ บุนนท์,กลุ่มงานเครือข่ายภาคประชาสังคมป้องกันการทุจริต,กองป้องกันการทุจริตในภาครัฐ,จองสำเร็จ,2025-12-18 10:52:13
1359,2025-12-23,08:30-16:00,ห้องประชุมคณะกรรมการ,ไต่สวนเบื้องต้นสำนวนคดีเรื่องที่ 1749/2568,นายพิทยา บุญชู,13,2025-11-28 14:44:15,ปิยะนุช ชูเมือง,กลุ่มงานคำวินิจฉัยและมติคณะกรรมการ,กองบริหารคดี,จองสำเร็จ,2025-11-28 14:44:15
1360,2025-12-23,09:00-12:00,Zoom Meeting Room 8,ประชุมชี้แจงการประชาสัมพันธ์หลักเกณฑ์การประกาศรับสมัครเครือข่ายต้นแบบฯ ปีงบประมาณ พ.ศ. 2569,ผอ.กลุ่มงานเครือข่ายภาคประชาสังคมฯ,20,2025-12-18 10:15:13,เกศรารัตติ์ บุนนท์,กลุ่มงานเครือข่ายภาคประชาสังคมป้องกันการทุจริต,กองป้องกันการทุจริตในภาครัฐ,จองสำเร็จ,2025-12-18 10:51:51
1361,2025-12-23,10:00-16:30,Zoom Meeting Room 1,ประชุมคณะกรรมการตรวจรับพัสดุในงานจ้างที่ปรึกษา กิจกรรมการจัดตั้งศูนย์ประสานงาน               เพื่ออำนวยความสะดวกการให้บริการภาครัฐในเขตพัฒนาพิเศษภาคตะวันออก (EEC) ระยะที่ ๑  ครั้งที่๕/๒๕๖๘,น.ส.ปัทมา ประสิทธิวงษ์,8,2025-12-15 14:37:26,วันนา วิลุนระพันธ์,กลุ่มความร่วมมือและพัฒนานวัตกรรมความโปร่งใสในภาครัฐ,กองการต่างประเทศ,จองสำเร็จ,2025-12-15 14:37:26
1362,2025-12-24,08:00-12:00,ห้องไต่สวน2,สอบพยาน,,1,2025-12-04 09:46:15,ดวงใจ เชยชม,กลุ่มงานปราบปรามการทุจริตในองค์กรปกครองส่วนท้องถิ่น 1,กองปราบปรามการทุจริตในภาครัฐ 4,จองสำเร็จ,2025-12-04 09:46:15
1363,2025-12-24,08:00-17:00,ห้องไต่สวน3,ไต่สวน,,1,2025-12-11 15:28:27,ชรินดา มีแป้น,กลุ่มงานปราบปรามการทุจริตหน่วยงานในสังกัดสำนักนายกรัฐมนตรี,กองปราบปรามการทุจริตในภาครัฐ 5,จองสำเร็จ,2025-12-11 15:28:27
1364,2025-12-24,08:30-16:30,ห้องไต่สวน1,สอบถ้อยคำพยาน,-,4,2025-12-11 10:24:09,ศิริพักร์ แก้วจันทร์,กลุ่มงานปราบปรามการทุจริตในองค์กรปกครองส่วนท้องถิ่น 2,กองปราบปรามการทุจริตในภาครัฐ 4,จองสำเร็จ,2025-12-11 10:24:09
1365,2025-12-24,08:30-16:30,ห้องไต่สวน4,ไต่สวน,,3,2025-11-17 08:56:38,มะลิไล แก้วมาดีงาม,กลุ่มงานปราบปรามการทุจริตหน่วยงานไม่สังกัดกระทรวง ทบวง สำนักนายกรัฐมนตรี,กองปราบปรามการทุจริตในภาครัฐ 5,จองสำเร็จ,2025-11-17 08:56:38
1366,2025-12-24,08:30-12:30,OneConferenceRoom 1,ประชุมคณะกรรมการ ป.ป.ท. ประจำเดือน ธันวาคม 2568 ครั้งที่ 95/68,นายอำนาจ พวงชมภู,19,2025-11-19 10:28:48,ลลิตตา พานิชผล,กลุ่มงานบริหารคดีและบริหารทั่วไป,กองบริหารคดี,จองสำเร็จ,2025-11-19 10:28:48
1367,2025-12-24,08:30-12:30,ห้องประชุมคณะกรรมการ,ประชุมคณะกรรมการ ป.ป.ท. ประจำเดือน ธันวาคม 2568 ครั้งที่ 95/68,นายอำนาจ พวงชมภู,19,2025-11-19 10:27:45,ลลิตตา พานิชผล,กลุ่มงานบริหารคดีและบริหารทั่วไป,กองบริหารคดี,จองสำเร็จ,2025-11-19 10:27:45
1368,2025-12-24,09:00-16:30,ห้องประชุม 2 (ห้องเล็ก),การประชุมคณะอนุกรรมการกลั่นกรองฯ คณะที่ 8,นายปริญญา บุญชู,8,2025-12-02 17:27:26,ณัฐฐพิชา นาวินธรรม,กลุ่มงานคำวินิจฉัยและมติคณะกรรมการ,กองบริหารคดี,จองสำเร็จ,2025-12-02 17:27:26
1369,2025-12-24,09:00-16:30,OneConferenceRoom 3,การประชุมคณะอนุกรรมการกลั่นกรองฯ คณะที่ 8,นายปริญญา บุญชู,8,2025-12-02 17:27:26,ณัฐฐพิชา นาวินธรรม,กลุ่มงานคำวินิจฉัยและมติคณะกรรมการ,กองบริหารคดี,จองสำเร็จ,2025-12-02 17:27:26
1370,2025-12-24,09:30-12:00,ห้องประชุม(กยผ),คณะกรรมการจัดทำร่างขอบเขตของงานจ้างที่ปรึกษาและกำหนดราคากลาง ในงานจ้างที่ปรึกษาเพื่อพัฒนาการให้บริการภาครัฐและการผลิตสื่อประชาสัมพันธ์ ปีงบประมาณ พ.ศ. 2569 ครั้งที่1/69,,1,2025-12-19 15:03:17,นพณัช นิลสนธิ,กลุ่มความร่วมมือและพัฒนานวัตกรรมความโปร่งใสในภาครัฐ,กองการต่างประเทศ,จองสำเร็จ,2025-12-19 15:03:17
1371,2025-12-24,12:00-16:30,Zoom Meeting Room 1,ประชุมคณะกรรมการส่งเสริมและสนับสนุนการมีส่วนร่วมของประชาชนในการต่อต้านการทุจริต ครั้งที่ 12/2568,รอง ลธ.ปปท. (นายเอกชัยฯ),20,2025-11-28 10:05:22,ณรัธน์นันท์ อำนวยธนากูล,กลุ่มงานวิชาการและพัฒนานวัตกรรมด้านการป้องกัน,กองป้องกันการทุจริตในภาครัฐ,จองสำเร็จ,2025-11-28 10:05:22
1372,2025-12-24,12:00-16:30,ห้องประชุม 1 (ห้องใหญ่),ประชุมคณะกรรมการส่งเสริมและสนับสนุนการมีส่วนร่วมของประชาชนในการต่อต้านการทุจริต ครั้งที่ 12/2568,รอง ลธ.ปปท. (นายเอกชัยฯ),20,2025-11-28 10:01:51,ณรัธน์นันท์ อำนวยธนากูล,กลุ่มงานวิชาการและพัฒนานวัตกรรมด้านการป้องกัน,กองป้องกันการทุจริตในภาครัฐ,จองสำเร็จ,2025-11-28 10:01:51
1373,2025-12-24,12:00-16:30,ห้องประชุม (กปท.4),สอบพยาน,,3,2025-12-24 06:17:08,ประภัสรา นิลจันทึก,กลุ่มงานปราบปรามการทุจริตในองค์กรปกครองส่วนท้องถิ่น 2,กองปราบปรามการทุจริตในภาครัฐ 4,จองสำเร็จ,2025-12-24 06:17:08
1374,2025-12-24,12:00-17:00,Zoom Meeting Room 9,ประชุมคณะทำงานจัดทำร่างฯ,,20,2025-12-22 19:27:16,อธิวัฒน์ ธัมมารัตน์นนท์,กลุ่มงานบริหารงานบุคคล,สำนักงานเลขาธิการ,จองสำเร็จ,2025-12-22 19:27:16
1375,2025-12-24,13:00-16:00,ห้องไต่สวน2,สอบพยาน,,4,2025-12-24 12:22:41,นวีนา วัฒนประดิษฐ์,กลุ่มงานปราบปรามการทุจริตในองค์กรปกครองส่วนท้องถิ่น 1,กองปราบปรามการทุจริตในภาครัฐ 4,จองสำเร็จ,2025-12-24 12:22:41
1376,2025-12-24,13:00-17:30,ห้องประชุม(กยผ),คณะทำงานจัดทำร่างประกาศฯ,,10,2025-12-22 19:30:07,อธิวัฒน์ ธัมมารัตน์นนท์,กลุ่มงานบริหารงานบุคคล,สำนักงานเลขาธิการ,จองสำเร็จ,2025-12-22 19:30:07
1377,2025-12-25,08:00-17:30,Zoom Meeting Room 1,ประชุมคณะกรรมการจัดวางระบบและประเมินผลการควบคุมภายในของสำนักงาน ป.ป.ท.  ประจำปีงบประมาณ พ.ศ. 2569,พ.ต.ท.สิริพงษ์ ศรีตุลา,1,2025-12-02 16:16:09,ศักดิ์ดา สารจันทร์,กลุ่มพัฒนาระบบบริหาร,กลุ่มพัฒนาระบบบริหาร,จองสำเร็จ,2025-12-24 13:54:50
1378,2025-12-25,08:00-17:00,ห้องประชุม 1 (ห้องใหญ่),การประชุมควบคุมภายในของสำนักงาน ป.ป.ท.,รองเลขาธิการคณะกรรมการ ป.ป.ท.,1,2025-12-02 14:52:21,อัมมรรัตน์ หุ่นทอง,กลุ่มพัฒนาระบบบริหาร,กลุ่มพัฒนาระบบบริหาร,จองสำเร็จ,2025-12-02 14:52:21
1379,2025-12-25,08:00-17:00,Zoom Meeting Room 2,การประชุมคณะทำงานสนับสนุนบริหารจัดการความเสี่ยงระดับองค์กรของสำนักงาน ป.ป.ท.,รองเลขาธิการคณะกรรมการ ป.ป.ท.,1,2025-12-02 16:25:52,อัมมรรัตน์ หุ่นทอง,กลุ่มพัฒนาระบบบริหาร,กลุ่มพัฒนาระบบบริหาร,จองสำเร็จ,2025-12-02 16:25:52
1380,2025-12-25,08:30-12:00,ห้องประชุม 2 (ห้องเล็ก),รับรอง ผู้บริหาร กฟผ,,20,2025-12-18 08:56:20,ลลิตตา พานิชผล,กลุ่มงานบริหารคดีและบริหารทั่วไป,กองบริหารคดี,จองสำเร็จ,2025-12-18 08:56:20
1381,2025-12-25,08:30-16:30,ห้องไต่สวน3,ไต่สวน,,1,2025-11-17 09:39:28,มะลิไล แก้วมาดีงาม,กลุ่มงานปราบปรามการทุจริตหน่วยงานไม่สังกัดกระทรวง ทบวง สำนักนายกรัฐมนตรี,กองปราบปรามการทุจริตในภาครัฐ 5,จองสำเร็จ,2025-11-17 09:39:28
1382,2025-12-25,08:30-16:30,ห้องไต่สวน4,ไต่สวน,,3,2025-11-13 14:07:25,วิชาญ พิเนตรเสถียร,กลุ่มงานปราบปรามการทุจริตหน่วยงานไม่สังกัดกระทรวง ทบวง สำนักนายกรัฐมนตรี,กองปราบปรามการทุจริตในภาครัฐ 5,จองสำเร็จ,2025-11-13 14:07:25
1383,2025-12-25,08:30-12:30,OneConferenceRoom 1,ประชุมคณะกรรมการ ป.ป.ท. ประจำเดือน ธันวาคม 2568 ครั้งที่ 96/68,นายอำนาจ พวงชมภู,19,2025-11-19 10:30:17,ลลิตตา พานิชผล,กลุ่มงานบริหารคดีและบริหารทั่วไป,กองบริหารคดี,จองสำเร็จ,2025-11-19 10:30:17
1384,2025-12-25,08:30-12:30,ห้องประชุมคณะกรรมการ,ประชุมคณะกรรมการ ป.ป.ท. ประจำเดือน ธันวาคม 2568 ครั้งที่ 96/68,,19,2025-11-19 10:29:25,ลลิตตา พานิชผล,กลุ่มงานบริหารคดีและบริหารทั่วไป,กองบริหารคดี,จองสำเร็จ,2025-11-19 10:29:25
1385,2025-12-25,09:30-14:00,ห้องไต่สวน1,ประชุมไต่สวน,พลโทนพพร โควหกุล,3,2025-12-17 13:14:17,ศิรินทร์ทิพย์ โพธิมาศ,กลุ่มงานปราบปรามการทุจริตหน่วยงานไม่สังกัดกระทรวง ทบวง สำนักนายกรัฐมนตรี,กองปราบปรามการทุจริตในภาครัฐ 5,จองสำเร็จ,2025-12-17 13:14:17
1386,2025-12-25,13:00-17:00,ห้องประชุม 2 (ห้องเล็ก),ประชุมคณะทำงานบริหารความเสี่ยงองค์กร,พ.ท. สิริพงษ์ ศรีตุลา,1,2025-12-02 16:05:45,ศักดิ์ดา สารจันทร์,กลุ่มพัฒนาระบบบริหาร,กลุ่มพัฒนาระบบบริหาร,จองสำเร็จ,2025-12-02 16:05:45
1387,2025-12-26,08:00-11:00,Zoom Meeting Room 1,ประชุมคณะกรรมการพิจารณาช่วยเหลือน้ำท่วม,,10,2025-12-24 10:32:32,พลอยพัชร มานะทัต,กลุ่มงานบริหารงานบุคคล,สำนักงานเลขาธิการ,จองสำเร็จ,2025-12-26 07:51:07
1388,2025-12-26,08:00-15:00,ห้องไต่สวน1,สอบถ้อยคำผู้ร้องเรียน,,1,2025-12-25 11:22:30,เพชรรพี จรัสเจษฎา,กลุ่มงานปราบปรามการทุจริตหน่วยงานในสังกัดสำนักนายกรัฐมนตรี,กองปราบปรามการทุจริตในภาครัฐ 5,จองสำเร็จ,2025-12-25 11:22:30
1389,2025-12-26,08:00-11:00,ห้องประชุม 1 (ห้องใหญ่),ประชุมคณะกรรมการพิจารณาช่วยเหลือน้ำท่วม,,10,2025-12-24 10:20:20,พลอยพัชร มานะทัต,กลุ่มงานบริหารงานบุคคล,สำนักงานเลขาธิการ,จองสำเร็จ,2025-12-24 10:20:20
1390,2025-12-26,08:30-16:30,ห้องไต่สวน2,สอบถ้อยคำพยาน,,3,2025-12-11 11:08:47,ศิริพักร์ แก้วจันทร์,กลุ่มงานปราบปรามการทุจริตในองค์กรปกครองส่วนท้องถิ่น 2,กองปราบปรามการทุจริตในภาครัฐ 4,จองสำเร็จ,2025-12-11 11:08:47
1391,2025-12-26,08:30-16:30,ห้องไต่สวน3,แจ้งข้อกล่าวหา,,1,2025-12-18 09:11:48,นิดา พินิจวิกรานต์,กลุ่มงานปราบปรามการทุจริตกระทรวงด้านความมั่นคง 1,กองปราบปรามการทุจริตในภาครัฐ 1,จองสำเร็จ,2025-12-18 09:11:48
1392,2025-12-26,09:00-16:00,ห้องไต่สวน4,ไต่สวน,พ.ต.ท.เทวิล ชาญกล้า,3,2025-12-25 09:53:33,โรสนา ศักดิ์นภาพรเลิศ,กลุ่มงานปราบปรามการทุจริตหน่วยงานไม่สังกัดกระทรวง ทบวง สำนักนายกรัฐมนตรี,กองปราบปรามการทุจริตในภาครัฐ 5,จองสำเร็จ,2025-12-25 09:53:33
1393,2025-12-26,09:30-16:30,ห้องประชุม 2 (ห้องเล็ก),ประชุมคณะอนุกรรมการกลั่นกรองฯ คณะที่ 2,"นายพิทักษ์ คงจันทร์	ประธานอนุกรรมการ",9,2025-12-04 08:52:16,ฤาฤทธิ์ เริงสมุทร์,กลุ่มงานคำวินิจฉัยและมติคณะกรรมการ,กองบริหารคดี,จองสำเร็จ,2025-12-04 08:52:16
1394,2025-12-26,09:30-16:30,OneConferenceRoom 3,ประชุมคณะอนุกรรมการกลั่นกรองฯ คณะที่ 2,"นายพิทักษ์ คงจันทร์	ประธานอนุกรรมการ",9,2025-12-04 08:57:04,ฤาฤทธิ์ เริงสมุทร์,กลุ่มงานคำวินิจฉัยและมติคณะกรรมการ,กองบริหารคดี,จองสำเร็จ,2025-12-04 08:57:04
1395,2025-12-26,13:00-16:30,ห้องประชุม 1 (ห้องใหญ่),การประชุม อ.ก.พ. สำนักงาน ป.ป.ท.,เลขาธิการคณะกรรมการ ป.ป.ท.,1,2025-12-12 14:05:15,พัชร์ณิษา ภูมิพิริยะไชย,กลุ่มงานบริหารงานบุคคล,สำนักงานเลขาธิการ,จองสำเร็จ,2025-12-12 14:05:54
1396,2025-12-26,13:00-17:00,ห้องประชุม (กปท.4),สอบพยาน,,5,2025-12-26 10:28:09,วรินยุพา นำนาผล,กลุ่มงานปราบปรามการทุจริตในองค์กรปกครองส่วนท้องถิ่น 1,กองปราบปรามการทุจริตในภาครัฐ 4,จองสำเร็จ,2025-12-26 10:28:09
1397,2025-12-29,08:30-16:30,ห้องไต่สวน4,ประชุม,,4,2025-12-22 14:17:23,วิชาญ พิเนตรเสถียร,กลุ่มงานปราบปรามการทุจริตหน่วยงานไม่สังกัดกระทรวง ทบวง สำนักนายกรัฐมนตรี,กองปราบปรามการทุจริตในภาครัฐ 5,จองสำเร็จ,2025-12-22 14:17:23
1398,2025-12-29,10:00-12:00,ห้องไต่สวน2,ประชุมคดีไต่สวน,นางสาวชิยา ศิริรักษ์,4,2025-12-26 15:36:02,นวีนา วัฒนประดิษฐ์,กลุ่มงานปราบปรามการทุจริตในองค์กรปกครองส่วนท้องถิ่น 1,กองปราบปรามการทุจริตในภาครัฐ 4,จองสำเร็จ,2025-12-26 15:36:02
1399,2026-01-05,08:00-13:00,ห้องไต่สวน1,สอบพยาน,,3,2025-12-29 10:08:37,นิดา พินิจวิกรานต์,กลุ่มงานปราบปรามการทุจริตกระทรวงด้านความมั่นคง 1,กองปราบปรามการทุจริตในภาครัฐ 1,จองสำเร็จ,2025-12-29 10:13:18
1400,2026-01-05,08:00-12:00,ห้องประชุม 1 (ห้องใหญ่),สวัสดีปีใหม่ ประธานกรรมการป้องกันและปราบปรามการทุจริตในภาครัฐ,เลขาธิการคณะกรรมการ ป.ป.ท.,50,2025-12-30 10:03:13,ภูมิกร ก้อนแก้ว,กลุ่มงานช่วยอำนวยการ,สำนักงานเลขาธิการ,จองสำเร็จ,2025-12-30 10:03:13
1401,2026-01-05,09:00-12:00,ห้องไต่สวน2,สอบพยาน,,5,2025-12-18 16:20:47,มานพ ธงชัย,กลุ่มงานปราบปรามการทุจริตในองค์กรปกครองส่วนท้องถิ่น 2,กองปราบปรามการทุจริตในภาครัฐ 4,จองสำเร็จ,2025-12-18 16:20:47
1402,2026-01-05,10:00-23:59,ห้องประชุม(ห้องเล็ก 31),การประชุมคณะกรรมการตรวจรับพัสดุสำหรับการประกวดราคาจ้างฯ,,1,2025-12-26 16:03:09,ปิยนุช จันทน์สุคนธ์,กลุ่มงานวิชาการและพัฒนานวัตกรรมด้านการป้องกัน,กองป้องกันการทุจริตในภาครัฐ,จองสำเร็จ,2025-12-26 16:16:08
1403,2026-01-05,10:00-23:59,Zoom Meeting Room 9,การประชุมคณะกรรมการตรวจรับพัสดุสำหรับการประกวดราคาจ้างฯ,,1,2025-12-26 16:03:09,ปิยนุช จันทน์สุคนธ์,กลุ่มงานวิชาการและพัฒนานวัตกรรมด้านการป้องกัน,กองป้องกันการทุจริตในภาครัฐ,จองสำเร็จ,2025-12-26 16:16:08
1404,2026-01-06,07:00-16:00,ห้องไต่สวน1,สอบผู้ร้องเรียน,,2,2025-12-29 09:04:25,พิพัฒน์ เพียราชโยธา,กลุ่มงานปราบปรามการทุจริตหน่วยงานในสังกัดสำนักนายกรัฐมนตรี,กองปราบปรามการทุจริตในภาครัฐ 5,จองสำเร็จ,2025-12-29 09:04:25
1405,2026-01-06,08:00-16:30,ห้องไต่สวน4,ไต่สวนข้อเท็จจริง,พ.ต.ท.ณัฎฐพล ฯ,3,2025-12-17 09:15:00,ประทีป ศิริดำรงค์,กลุ่มงานปราบปรามการทุจริตหน่วยงานไม่สังกัดกระทรวง ทบวง สำนักนายกรัฐมนตรี,กองปราบปรามการทุจริตในภาครัฐ 5,จองสำเร็จ,2025-12-17 09:15:00
1406,2026-01-06,08:30-16:30,ห้องไต่สวน2,สอบถ้อยคำพยาน,,3,2025-12-11 11:16:48,ศิริพักร์ แก้วจันทร์,กลุ่มงานปราบปรามการทุจริตในองค์กรปกครองส่วนท้องถิ่น 2,กองปราบปรามการทุจริตในภาครัฐ 4,จองสำเร็จ,2025-12-11 11:16:48
1407,2026-01-06,09:30-12:00,ห้องประชุม(กยผ),คณะกรรมการจัดทำร่างขอบเขตของงานจ้างที่ปรึกษาและกำหนดราคากลาง ในงานจ้างที่ปรึกษาเพื่อพัฒนาการให้บริการภาครัฐและการผลิตสื่อประชาสัมพันธ์ ปีงบประมาณ พ.ศ. 2569 ครั้งที่2/69,,5,2025-12-26 11:59:08,นพณัช นิลสนธิ,กลุ่มความร่วมมือและพัฒนานวัตกรรมความโปร่งใสในภาครัฐ,กองการต่างประเทศ,จองสำเร็จ,2025-12-26 11:59:08
1408,2026-01-06,10:00-15:00,Zoom Meeting Room 1,ประชุมคณะกรรมการตรวจรับงานจ้างที่ปรึกษาฯ กิจกรรมการจัดตั้งศูนย์ประสานงานเพื่ออำนวยความสะดวกการให้บริการภาครัฐในเขต EEC ครั้ที่ ๖/๒๕๖๘,นางสาวปัทมา ประสิทธิวงษ์ ประธานกรรมการ,5,2025-12-29 16:20:27,วันนา วิลุนระพันธ์,กลุ่มความร่วมมือและพัฒนานวัตกรรมความโปร่งใสในภาครัฐ,กองการต่างประเทศ,จองสำเร็จ,2025-12-29 16:20:27
1409,2026-01-06,10:00-13:00,ห้องไต่สวน3,สอบพยาน,พลโท นพพร โควหกุล,3,2026-01-06 09:38:24,ศิรินทร์ทิพย์ โพธิมาศ,กลุ่มงานปราบปรามการทุจริตหน่วยงานไม่สังกัดกระทรวง ทบวง สำนักนายกรัฐมนตรี,กองปราบปรามการทุจริตในภาครัฐ 5,จองสำเร็จ,2026-01-06 09:38:24
1410,2026-01-06,13:00-16:30,ห้องประชุม(กยผ),Focus Group Discussion Online,,5,2026-01-05 13:50:19,นพณัช นิลสนธิ,กลุ่มความร่วมมือและพัฒนานวัตกรรมความโปร่งใสในภาครัฐ,กองการต่างประเทศ,จองสำเร็จ,2026-01-05 13:50:35
1411,2026-01-06,14:00-17:00,ห้องประชุม 2 (ห้องเล็ก),ประชุมคณะทำงานดำเนินโครงการเฝ้าระวัง ป้องกัน ตรวจสอบ และติดตามการจัดสอบแข่งขันเพื่อบรรจุบุคคลเป็นข้าราชการหรือพนักงานส่วนท้องถิ่น,นายเอกชัย เกษมสุขธวัช,10,2026-01-05 15:57:45,ศิริพักร์ แก้วจันทร์,กลุ่มงานปราบปรามการทุจริตในองค์กรปกครองส่วนท้องถิ่น 2,กองปราบปรามการทุจริตในภาครัฐ 4,จองสำเร็จ,2026-01-05 15:57:45
1412,2026-01-06,14:00-17:00,Zoom Meeting Room 2,ประชุมคณะทำงานดำเนินโครงการเฝ้าระวัง ป้องกัน ตรวจสอบ และติดตามการจัดสอบแข่งขันเพื่อบรรจุบุคคลเป็นข้าราชการหรือพนักงานส่วนท้องถิ่น,นายเอกชัย เกษมสุขธวัช,15,2026-01-05 15:59:07,ศิริพักร์ แก้วจันทร์,กลุ่มงานปราบปรามการทุจริตในองค์กรปกครองส่วนท้องถิ่น 2,กองปราบปรามการทุจริตในภาครัฐ 4,จองสำเร็จ,2026-01-05 15:59:07
1413,2026-01-07,08:00-17:00,ห้องไต่สวน2,สอบพยาน,สมศักดิ์,1,2025-12-16 10:48:59,สมศักดิ์ ทองประดับ,กลุ่มงานปราบปรามการทุจริตในองค์กรปกครองส่วนท้องถิ่น 2,กองปราบปรามการทุจริตในภาครัฐ 4,จองสำเร็จ,2025-12-16 10:48:59
1414,2026-01-07,08:00-17:00,ห้องไต่สวน3,ไต่สวน,,1,2025-12-11 15:37:28,ชรินดา มีแป้น,กลุ่มงานปราบปรามการทุจริตหน่วยงานในสังกัดสำนักนายกรัฐมนตรี,กองปราบปรามการทุจริตในภาครัฐ 5,จองสำเร็จ,2025-12-11 15:37:28
1415,2026-01-07,08:30-16:30,ห้องประชุม (กปท.4),สอบพยาน,,4,2025-12-24 09:50:23,สหราช เกษอินทร์,กลุ่มงานปราบปรามการทุจริตในองค์กรปกครองส่วนท้องถิ่น 1,กองปราบปรามการทุจริตในภาครัฐ 4,จองสำเร็จ,2025-12-24 09:50:23
1416,2026-01-07,08:30-12:00,OneConferenceRoom 1,ประชุมคณะกรรมการ ป.ป.ท. ประจำเดือน มกราคม 2569 ครั้งที่ 1/69,,20,2025-12-19 10:14:14,ลลิตตา พานิชผล,กลุ่มงานบริหารคดีและบริหารทั่วไป,กองบริหารคดี,จองสำเร็จ,2025-12-19 10:14:14
1417,2026-01-07,08:30-12:00,ห้องประชุมคณะกรรมการ,ประชุมคณะกรรมการ ป.ป.ท. ประจำเดือน มกราคม 2569 ครั้งที่ 1/68,,20,2025-12-19 10:12:33,ลลิตตา พานิชผล,กลุ่มงานบริหารคดีและบริหารทั่วไป,กองบริหารคดี,จองสำเร็จ,2025-12-19 10:12:33
1418,2026-01-07,09:00-17:00,ห้องไต่สวน1,สอบปากคำพยาน,,1,2025-12-04 08:30:26,เริงจิตร ฉิมพินิจ,กลุ่มงานปราบปรามการทุจริตกระทรวงด้านความมั่นคง 1,กองปราบปรามการทุจริตในภาครัฐ 1,จองสำเร็จ,2025-12-04 08:30:26
1419,2026-01-07,09:00-12:00,ห้องไต่สวน4,สอบพยาน,,5,2025-12-30 16:34:10,นวีนา วัฒนประดิษฐ์,กลุ่มงานปราบปรามการทุจริตในองค์กรปกครองส่วนท้องถิ่น 1,กองปราบปรามการทุจริตในภาครัฐ 4,จองสำเร็จ,2025-12-30 16:34:10
1420,2026-01-07,09:00-16:30,ห้องประชุม(กยผ),เก็บข้อมูลโครงการระบบบริหารงานคลัง งบประมาณและสินทรัพย์,,1,2025-12-25 11:11:26,ศิริรัตน์ สีชมภู,กลุ่มงานติดตามและประเมินผล,กองยุทธศาสตร์และแผนงาน,จองสำเร็จ,2025-12-25 11:11:26
1421,2026-01-07,13:00-17:30,ห้องประชุม 1 (ห้องใหญ่),ขออนุมัติจัดประชุมคณะทำงานฯ,,20,2025-12-25 11:15:55,อธิวัฒน์ ธัมมารัตน์นนท์,กลุ่มงานบริหารงานบุคคล,สำนักงานเลขาธิการ,จองสำเร็จ,2025-12-25 11:15:55
1422,2026-01-07,13:00-17:30,Zoom Meeting Room 9,ประชุมคณะทำงานจัดทำร่างประกาศฯ,,10,2025-12-25 11:17:06,อธิวัฒน์ ธัมมารัตน์นนท์,กลุ่มงานบริหารงานบุคคล,สำนักงานเลขาธิการ,จองสำเร็จ,2025-12-25 11:17:06
1423,2026-01-08,08:00-17:00,ห้องไต่สวน2,ประชุมคดีไต่สวนฯ,ท่านตรีสินธ์,1,2025-12-22 12:49:27,สมศักดิ์ ทองประดับ,กลุ่มงานปราบปรามการทุจริตในองค์กรปกครองส่วนท้องถิ่น 2,กองปราบปรามการทุจริตในภาครัฐ 4,จองสำเร็จ,2025-12-22 12:49:27
1424,2026-01-08,08:00-17:00,ห้องไต่สวน3,ไต่สวน,,1,2025-12-11 15:38:08,ชรินดา มีแป้น,กลุ่มงานปราบปรามการทุจริตหน่วยงานในสังกัดสำนักนายกรัฐมนตรี,กองปราบปรามการทุจริตในภาครัฐ 5,จองสำเร็จ,2025-12-11 15:38:08
1425,2026-01-08,08:00-16:00,ห้องไต่สวน4,ไต่สวนเบื้องต้น,ณัฏฐพล,3,2025-12-22 10:42:10,ประทีป ศิริดำรงค์,กลุ่มงานปราบปรามการทุจริตหน่วยงานไม่สังกัดกระทรวง ทบวง สำนักนายกรัฐมนตรี,กองปราบปรามการทุจริตในภาครัฐ 5,จองสำเร็จ,2025-12-22 10:42:10
1426,2026-01-08,08:30-12:00,ห้องไต่สวน1,สอบพยาน,,1,2025-12-24 09:51:33,สหราช เกษอินทร์,กลุ่มงานปราบปรามการทุจริตในองค์กรปกครองส่วนท้องถิ่น 1,กองปราบปรามการทุจริตในภาครัฐ 4,จองสำเร็จ,2025-12-24 09:51:33
1427,2026-01-08,08:30-12:00,OneConferenceRoom 1,ประชุมคณะกรรมการ ป.ป.ท. ประจำเดือน มกราคม 2569ครั้งที่ 2/69,,20,2025-12-19 10:29:01,ลลิตตา พานิชผล,กลุ่มงานบริหารคดีและบริหารทั่วไป,กองบริหารคดี,จองสำเร็จ,2025-12-30 10:52:28
1428,2026-01-08,08:30-12:00,ห้องประชุมคณะกรรมการ,ประชุมคณะกรรมการ ป.ป.ท. ประจำเดือน มกราคม 2569 ครั้งที่ 2/68,,20,2025-12-19 10:15:21,ลลิตตา พานิชผล,กลุ่มงานบริหารคดีและบริหารทั่วไป,กองบริหารคดี,จองสำเร็จ,2025-12-19 10:15:35
1429,2026-01-08,09:00-16:30,ห้องประชุม(กยผ),เก็บข้อมูลโครงการระบบบริหารงานคลัง งบประมาณและสินทรัพย์,,1,2025-12-25 11:11:58,ศิริรัตน์ สีชมภู,กลุ่มงานติดตามและประเมินผล,กองยุทธศาสตร์และแผนงาน,จองสำเร็จ,2025-12-25 11:11:58
1430,2026-01-08,09:30-12:30,ห้องประชุม 2 (ห้องเล็ก),ประชุมคณะกรรมการจัดจ้างที่ปรึกษาฯ,นางสาววรัญญา ชวศุภกุล,5,2026-01-07 09:25:44,แพรววนิต เวียงมูล,กลุ่มความร่วมมือและพัฒนานวัตกรรมความโปร่งใสในภาครัฐ,กองการต่างประเทศ,จองสำเร็จ,2026-01-07 09:26:36
1431,2026-01-08,10:00-12:00,Zoom Meeting Room 1,ประชุมคณะทำงานการจัดการความรู้ (KM) ปปท.เขต ๔,นายสวัสดิ์ นาสมฝัน,6,2026-01-06 10:46:26,ทัศนีย์ แสนลี,กลุ่มงานปราบปรามการทุจริตในภาครัฐ 3,สำนักงานป้องกันและปราบปรามการทุจริตในภาครัฐ เขต 4,จองสำเร็จ,2026-01-06 10:46:26
1432,2026-01-08,14:00-16:30,ห้องประชุม 2 (ห้องเล็ก),ประชุมคณะกรรมการตรวจรับงานจ้างที่ปรึกษา (ครั้งที่ ๑๔),นางสาวกิตวิภา  สุวรรณรัตน์,7,2026-01-08 08:32:41,สรพงษ์ กุ้ยบำรุง,กลุ่มความร่วมมือและพัฒนานวัตกรรมความโปร่งใสในภาครัฐ,กองการต่างประเทศ,จองสำเร็จ,2026-01-08 08:32:41
1433,2026-01-08,14:00-16:30,Zoom Meeting Room 3,ประชุมคณะกรรมการตรวจรับงานจ้างที่ปรึกษา (ครั้งที่ ๑๔),นางสาวกิตวิภา  สุวรรณรัตน์,1,2026-01-08 08:31:16,สรพงษ์ กุ้ยบำรุง,กลุ่มความร่วมมือและพัฒนานวัตกรรมความโปร่งใสในภาครัฐ,กองการต่างประเทศ,จองสำเร็จ,2026-01-08 08:31:16
1434,2026-01-08,14:00-16:00,OneConferenceRoom 2,ประชุมคดีไต่สวน,นายวิฐฎากรณ์ คงหนู,3,2026-01-06 09:31:57,ณปภัช สุขเกษม,กลุ่มงานปราบปรามการทุจริตในภาครัฐ 1,สำนักงานป้องกันและปราบปรามการทุจริตในภาครัฐ เขต 9,จองสำเร็จ,2026-01-06 10:47:45
1435,2026-01-09,08:00-16:00,ห้องไต่สวน1,สอบพยาน,,1,2025-12-19 13:15:00,อนาวิล เกตพันธ์,กลุ่มงานปราบปรามการทุจริตในองค์กรปกครองส่วนท้องถิ่น 1,กองปราบปรามการทุจริตในภาครัฐ 4,จองสำเร็จ,2025-12-19 13:15:00
1436,2026-01-09,09:00-16:00,ห้องไต่สวน3,ประชุมคณะอนุกรรมการไต่สวน,พลเอก ปิยะพล วัฒนกุล,3,2026-01-08 14:52:02,ดารณี ปฐมโยธิน,กลุ่มงานปราบปรามการทุจริตกระทรวงด้านความมั่นคง 2,กองปราบปรามการทุจริตในภาครัฐ 1,จองสำเร็จ,2026-01-08 14:52:02
1437,2026-01-09,09:00-16:30,ห้องประชุม(กยผ),เก็บข้อมูลโครงการระบบบริหารงานคลัง งบประมาณและสินทรัพย์,,1,2025-12-25 11:12:39,ศิริรัตน์ สีชมภู,กลุ่มงานติดตามและประเมินผล,กองยุทธศาสตร์และแผนงาน,จองสำเร็จ,2025-12-25 11:12:39
1438,2026-01-09,09:00-15:00,ห้องประชุมคณะกรรมการ,ไต่สวนเบื้องต้นฯ,นายพิทยา บุญชู ประธานอนุกรรมการ,13,2025-12-26 14:05:09,ปิยะนุช ชูเมือง,กลุ่มงานคำวินิจฉัยและมติคณะกรรมการ,กองบริหารคดี,จองสำเร็จ,2025-12-26 14:05:09
1439,2026-01-09,09:30-16:00,ห้องไต่สวน2,สอบพยาน,,4,2026-01-07 14:10:15,สุนิสา รักษา,กลุ่มงานปราบปรามการทุจริตในองค์กรปกครองส่วนท้องถิ่น 1,กองปราบปรามการทุจริตในภาครัฐ 4,จองสำเร็จ,2026-01-07 14:10:15
1440,2026-01-09,12:00-16:30,Zoom Meeting Room 1,ประชุมอนุที่ปรึกษากฎหมาย,,10,2025-12-22 11:01:09,วรางคณา นนทแก้ว,กลุ่มงานกฎหมาย,กองกฎหมาย,จองสำเร็จ,2025-12-22 11:01:09
1441,2026-01-09,12:00-16:30,ห้องประชุม 2 (ห้องเล็ก),ประชุมอนุที่ปรึกษากฎหมาย,,10,2025-12-22 11:00:26,วรางคณา นนทแก้ว,กลุ่มงานกฎหมาย,กองกฎหมาย,จองสำเร็จ,2025-12-22 11:00:26
1442,2026-01-09,13:00-16:30,ห้องอบรม (กพบ),ประชุมสำนักงานเลขาธิการ ครั้งที่ ๑/๒๕๖๙,ผอ.สลธ.,50,2026-01-06 10:26:29,เจษฎา จิตณรงค์,กลุ่มงานช่วยอำนวยการ,สำนักงานเลขาธิการ,จองสำเร็จ,2026-01-06 10:26:29
1443,2026-01-09,13:00-16:00,OneConferenceRoom 2,ประชุมคณะอนุกรรมการไต่สวน ตามคำสั่งคระกรรมการ ป.ป.ท. ที่ 464/2564,นายธรรมนูญ ภาคธูป,3,2026-01-08 15:04:25,ยงค์ยุทธ บวรธนเรืองกุล,กลุ่มงานป้องกันการทุจริตในภาครัฐ,สำนักงานป้องกันและปราบปรามการทุจริตในภาครัฐ เขต 4,จองสำเร็จ,2026-01-08 15:04:25
1444,2026-01-12,08:00-13:00,ห้องไต่สวน1,สอบพยาน,,3,2025-12-29 10:09:40,นิดา พินิจวิกรานต์,กลุ่มงานปราบปรามการทุจริตกระทรวงด้านความมั่นคง 1,กองปราบปรามการทุจริตในภาครัฐ 1,จองสำเร็จ,2025-12-29 10:12:37
1445,2026-01-12,08:30-16:30,ห้องประชุม 2 (ห้องเล็ก),ประชุมคณะอนุกรรมการกลั่นกรองฯ คณะที่ 3 ครั้งที่ 34-4/2569,นายภาส ภาสสัทธา,9,2025-12-26 13:43:51,นงค์ลักษณ์ ยั่งยืน,กลุ่มงานคำวินิจฉัยและมติคณะกรรมการ,กองบริหารคดี,จองสำเร็จ,2025-12-26 13:43:51
1446,2026-01-12,08:30-12:00,ห้องไต่สวน2,สอบถ้อยคำพยาน,,4,2026-01-06 10:39:02,ศิริพักร์ แก้วจันทร์,กลุ่มงานปราบปรามการทุจริตในองค์กรปกครองส่วนท้องถิ่น 2,กองปราบปรามการทุจริตในภาครัฐ 4,จองสำเร็จ,2026-01-06 10:39:02
1447,2026-01-12,09:00-15:00,ห้องประชุมคณะกรรมการ,ไต่สวนเบื้องต้นฯ,นายพิทยา บุญชู ประธานอนุกรรมการ,13,2025-12-26 14:06:12,ปิยะนุช ชูเมือง,กลุ่มงานคำวินิจฉัยและมติคณะกรรมการ,กองบริหารคดี,จองสำเร็จ,2025-12-26 14:06:12
1448,2026-01-12,10:00-11:45,OneConferenceRoom 1,ประชุมคดีไต่สวนข้อเท็จจริง คำสั่งที่ ฯ 62/2568 ลว 18 ก.พ.2568,นายสุริยา ปัญญจิตร,4,2026-01-06 09:24:48,สุกัญญา จิตรากุล,กลุ่มงานปราบปรามการทุจริตในภาครัฐ 3,สำนักงานป้องกันและปราบปรามการทุจริตในภาครัฐ เขต 4,จองสำเร็จ,2026-01-06 09:24:48
1449,2026-01-12,13:30-16:00,ห้องประชุม (กปท.4),ประชุมไต่สวน,,6,2026-01-12 12:05:00,ศิริพักร์ แก้วจันทร์,กลุ่มงานปราบปรามการทุจริตในองค์กรปกครองส่วนท้องถิ่น 2,กองปราบปรามการทุจริตในภาครัฐ 4,จองสำเร็จ,2026-01-12 12:05:00
1450,2026-01-13,08:00-17:00,ห้องไต่สวน1,ไต่สวน,,1,2025-12-19 10:37:15,เชษฐินันท์ นนทแก้ว,กลุ่มงานปราบปรามการทุจริตกระทรวงด้านความมั่นคง 2,กองปราบปรามการทุจริตในภาครัฐ 1,จองสำเร็จ,2025-12-19 10:37:15
1451,2026-01-13,08:00-12:00,ห้องไต่สวน3,ไต่สวน,,1,2025-12-11 15:39:28,ชรินดา มีแป้น,กลุ่มงานปราบปรามการทุจริตหน่วยงานในสังกัดสำนักนายกรัฐมนตรี,กองปราบปรามการทุจริตในภาครัฐ 5,จองสำเร็จ,2025-12-11 15:39:28
1452,2026-01-13,08:30-16:30,ห้องไต่สวน2,สอบผู้ร้อง,,3,2025-12-26 08:49:12,สหราช เกษอินทร์,กลุ่มงานปราบปรามการทุจริตในองค์กรปกครองส่วนท้องถิ่น 1,กองปราบปรามการทุจริตในภาครัฐ 4,จองสำเร็จ,2025-12-26 08:49:12
1453,2026-01-13,08:30-16:30,ห้องไต่สวน4,ไต่สวนเบื้องต้น,,3,2025-12-23 10:54:47,พรรณนิภา อารยะทรงศักดิ์,กลุ่มงานปราบปรามการทุจริตหน่วยงานไม่สังกัดกระทรวง ทบวง สำนักนายกรัฐมนตรี,กองปราบปรามการทุจริตในภาครัฐ 5,จองสำเร็จ,2025-12-23 10:54:47
1454,2026-01-13,08:30-12:00,OneConferenceRoom 1,ประชุมคณะกรรมการ ป.ป.ท. ประจำเดือน มกราคม ครั้งที่ 3/2569,,20,2025-12-19 10:27:21,ลลิตตา พานิชผล,กลุ่มงานบริหารคดีและบริหารทั่วไป,กองบริหารคดี,จองสำเร็จ,2025-12-19 10:27:21
1455,2026-01-13,08:30-12:00,ห้องประชุมคณะกรรมการ,ประชุมคณะกรรมการ ป.ป.ท. ประจำเดือน มกราคม ครั้งที่ 3/68,,20,2025-12-19 10:26:32,ลลิตตา พานิชผล,กลุ่มงานบริหารคดีและบริหารทั่วไป,กองบริหารคดี,จองสำเร็จ,2025-12-19 10:26:32
1456,2026-01-13,09:30-12:00,ห้องประชุม(กยผ),ประชุมคณะกรรมการจัดทำร่างขอบเขตของงานจ้างที่ปรึกษาฯ ครั้งที่ 3/69,,5,2026-01-09 09:48:02,นพณัช นิลสนธิ,กลุ่มความร่วมมือและพัฒนานวัตกรรมความโปร่งใสในภาครัฐ,กองการต่างประเทศ,จองสำเร็จ,2026-01-09 09:48:02
1457,2026-01-13,10:00-12:00,ห้องประชุม (กปท.4),สอบพยาน,,4,2026-01-08 10:14:21,นวีนา วัฒนประดิษฐ์,กลุ่มงานปราบปรามการทุจริตในองค์กรปกครองส่วนท้องถิ่น 1,กองปราบปรามการทุจริตในภาครัฐ 4,จองสำเร็จ,2026-01-08 10:14:21
1458,2026-01-13,13:00-17:00,ห้องประชุม 1 (ห้องใหญ่),เตรียมห้องประชุม สำหรับชี้แจงคู่มือการประเมินความเสี่ยงการทุจริตตามเกณฑ์การประเมินเชิงคุณภาพ ประจำปีงบประมาณ พ.ศ.2569,,10,2026-01-12 13:16:25,เลอสันต์ หมู่หมื่นศรี,กลุ่มงานคอมพิวเตอร์และการสื่อสาร,ศูนย์เทคโนโลยีสารสนเทศและการสื่อสาร,จองสำเร็จ,2026-01-12 13:17:34
1459,2026-01-13,13:30-16:00,ห้องไต่สวน3,ไต่สวน,,4,2026-01-13 09:55:59,พรพรรณ พรมมา,กลุ่มงานปราบปรามการทุจริตหน่วยงานในสังกัดสำนักนายกรัฐมนตรี,กองปราบปรามการทุจริตในภาครัฐ 5,จองสำเร็จ,2026-01-13 09:55:59
1460,2026-01-13,13:30-15:30,ห้องประชุมคณะกรรมการ,ขออนุมัติจัดประชุม ขออนุมัติเบิกจ่ายค่าเบี้ยประชุม และขออนุมัติเบิกจ่ายค่าอาหารกลางวัน อาหารว่างและเครื่องดื่ม การประชุมคณะอนุกรรมการไต่สวนเบื้องต้น สำนวนคดีเรื่องที่ 0027/2569 (คำสั่งคณะกรรมการ ป.ป.ท. ลับ ที่ 4/2569 ลงวันที่ 8 มกราคม 2569) ครั้งที่ 1-1/2,นายพิทยา บุญชู,11,2026-01-12 16:19:11,ปิยะนุช ชูเมือง,กลุ่มงานคำวินิจฉัยและมติคณะกรรมการ,กองบริหารคดี,จองสำเร็จ,2026-01-12 16:19:11
1461,2026-01-13,14:00-16:00,Zoom Meeting Room 6,ประชุมติดตามสำนวนคดีในกำกับ,นายเอกชัย เกษมสุขธวัช,30,2026-01-13 09:45:32,กนิษฐา แก้วสาร,กลุ่มงานวินัย,สำนักงานเลขาธิการ,จองสำเร็จ,2026-01-13 09:45:32
1462,2026-01-14,08:00-17:00,Zoom Meeting Room 1,จัดโครงการขับเคลื่อนการประเมินความเสี่ยงการทุจริตภาครัฐ (กิจกรรมสัมมนาเชิงปฏิบัติการเพื่อชี้แจงคู่มือการประเมินความเสี่ยงการทุจริตตามเกณฑ์การประเมินเชิงคุณภาพ ประจำปีงบประมาณ พ.ศ.2569 ),เลขาธิการคณะกรรมการ ปปท.,300,2025-12-16 11:41:08,กชนัฑ สุขสวัสดิ์,กลุ่มบริหารความเสี่ยงและสกัดกั้นการทุจริตในภาครัฐ,กองป้องกันการทุจริตในภาครัฐ,จองสำเร็จ,2025-12-16 11:41:08
1463,2026-01-14,08:00-17:00,ห้องไต่สวน1,สอบพยาน,,1,2025-12-30 17:15:13,กชมน สุธีรวัฒนกุล,กลุ่มงานปราบปรามการทุจริตในองค์กรปกครองส่วนท้องถิ่น 1,กองปราบปรามการทุจริตในภาครัฐ 4,จองสำเร็จ,2025-12-30 17:15:13
1464,2026-01-14,08:00-17:00,ห้องประชุม 1 (ห้องใหญ่),จัดโครงการขับเคลื่อนการประเมินความเสี่ยงการทุจริตภาครัฐ (กิจกรรมสัมมนาเชิงปฏิบัติการเพื่อชี้แจงคู่มือการประเมินความเสี่ยงการทุจริตตามเกณฑ์การประเมินเชิงคุณภาพ ประจำปีงบประมาณ พ.ศ.2569 ),เลขาธิการคณะกรรมการ ปปท.,20,2025-12-16 11:38:36,กชนัฑ สุขสวัสดิ์,กลุ่มบริหารความเสี่ยงและสกัดกั้นการทุจริตในภาครัฐ,กองป้องกันการทุจริตในภาครัฐ,จองสำเร็จ,2025-12-16 11:38:36
1465,2026-01-14,08:00-17:00,Zoom Meeting Room 2,จัดโครงการขับเคลื่อนการประเมินความเสี่ยงการทุจริตภาครัฐ (กิจกรรมสัมมนาเชิงปฏิบัติการเพื่อชี้แจงคู่มือการประเมินความเสี่ยงการทุจริตตามเกณฑ์การประเมินเชิงคุณภาพ ประจำปีงบประมาณ พ.ศ.2569 ),เลขาธิการคณะกรรมการ ปปท.,300,2025-12-16 11:43:19,กชนัฑ สุขสวัสดิ์,กลุ่มบริหารความเสี่ยงและสกัดกั้นการทุจริตในภาครัฐ,กองป้องกันการทุจริตในภาครัฐ,จองสำเร็จ,2025-12-16 11:43:19
1466,2026-01-14,09:00-16:30,ห้องประชุม 2 (ห้องเล็ก),การประชุมคณะอนุกรรมการกลั่นกรองฯ คณะที่ 4,พลโท กิตติยุทธ  กิตติยุทธโยธิน,9,2025-12-16 11:00:11,ณัฐฐพิชา นาวินธรรม,กลุ่มงานคำวินิจฉัยและมติคณะกรรมการ,กองบริหารคดี,จองสำเร็จ,2025-12-16 11:00:11
1467,2026-01-14,09:00-16:30,OneConferenceRoom 1,การประชุมคณะอนุกรรมการกลั่นกรองฯ คณะที่ 4,พลโท กิตติยุทธ  กิตติยุทธโยธิน,9,2025-12-16 11:00:11,ณัฐฐพิชา นาวินธรรม,กลุ่มงานคำวินิจฉัยและมติคณะกรรมการ,กองบริหารคดี,จองสำเร็จ,2025-12-16 11:00:11
1468,2026-01-14,09:30-12:00,OneConferenceRoom 2,ประชุมคณะอนุกรรมการไต่สวน เรื่องที่ 0089/2564,นางสาวทัดดาว บุญสาย,3,2026-01-12 13:27:55,ยงยศ นงเกษม,กลุ่มงานปราบปรามการทุจริตในภาครัฐ 2,สำนักงานป้องกันและปราบปรามการทุจริตในภาครัฐ เขต 8,จองสำเร็จ,2026-01-12 13:27:55
1469,2026-01-14,10:00-17:00,ห้องไต่สวน2,สอบปากคำผู้ร้อง,,3,2026-01-05 13:46:51,กรีฑา พิทักษ์วงศ์,กลุ่มงานปราบปรามการทุจริตในองค์กรปกครองส่วนท้องถิ่น 2,กองปราบปรามการทุจริตในภาครัฐ 4,จองสำเร็จ,2026-01-05 13:46:51
1470,2026-01-14,12:00-17:00,OneConferenceRoom 3,ประชุมคณะอนุกรรมการไต่สวน,,3,2026-01-13 14:58:40,ชรินดา มีแป้น,กลุ่มงานปราบปรามการทุจริตหน่วยงานในสังกัดสำนักนายกรัฐมนตรี,กองปราบปรามการทุจริตในภาครัฐ 5,จองสำเร็จ,2026-01-13 14:58:40
1471,2026-01-14,13:00-14:00,ห้องไต่สวน3,ประชุมไต่สวนชี้มูล เตรียมแจ้งข้อกล่าวหา,พตท ทนง เพิ่มพูล,1,2026-01-13 11:59:44,กชภัส ลิ่มวิภาธร,กลุ่มงานปราบปรามคดีพิเศษ,กองอำนวยการต่อต้านการทุจริต,จองสำเร็จ,2026-01-13 11:59:44
1472,2026-01-14,13:00-17:00,ห้องประชุม (กปท.4),นัดสอบผู้ร้อง,,1,2026-01-09 14:17:47,จิระเดช สอนเต็ม,กลุ่มงานปราบปรามการทุจริตในองค์กรปกครองส่วนท้องถิ่น 1,กองปราบปรามการทุจริตในภาครัฐ 4,จองสำเร็จ,2026-01-09 14:17:47
1473,2026-01-15,08:00-16:30,ห้องประชุม (กปท.4),ประชุมคณะพนักงานไต่สวน,,1,2026-01-09 08:14:27,จิระเดช สอนเต็ม,กลุ่มงานปราบปรามการทุจริตในองค์กรปกครองส่วนท้องถิ่น 1,กองปราบปรามการทุจริตในภาครัฐ 4,จองสำเร็จ,2026-01-09 08:14:27
1474,2026-01-15,08:15-12:30,ห้องอบรม (กพบ),สัมภาษณ์ฯ,,8,2026-01-08 13:44:27,ตติยา แก้วละเอียด,กลุ่มงานบริหารงานบุคคล,สำนักงานเลขาธิการ,จองสำเร็จ,2026-01-08 13:44:27
1475,2026-01-15,08:30-16:15,ห้องประชุม 2 (ห้องเล็ก),ประชุมคณะอนุกรรมการกลั่นกรองฯ คณะที่ 7,นายพิพัฒน์ วงศาโรจน์,8,2025-12-22 14:40:29,ศิริวิมล พิมพ์โคตร,กลุ่มงานกิจการคณะกรรมการ,กองบริหารคดี,จองสำเร็จ,2025-12-22 14:40:29
1476,2026-01-15,08:30-16:30,ห้องไต่สวน3,สอบพยาน,,3,2026-01-07 10:01:03,อนาวิล เกตพันธ์,กลุ่มงานปราบปรามการทุจริตในองค์กรปกครองส่วนท้องถิ่น 1,กองปราบปรามการทุจริตในภาครัฐ 4,จองสำเร็จ,2026-01-07 10:01:03
1477,2026-01-15,08:30-16:30,ห้องไต่สวน4,ไต่สวนเบื้องต้น,,3,2025-12-23 10:59:12,พรรณนิภา อารยะทรงศักดิ์,กลุ่มงานปราบปรามการทุจริตหน่วยงานไม่สังกัดกระทรวง ทบวง สำนักนายกรัฐมนตรี,กองปราบปรามการทุจริตในภาครัฐ 5,จองสำเร็จ,2025-12-23 10:59:12
1478,2026-01-15,09:00-11:00,ห้องไต่สวน1,ประชุมคณะอนุกรรมการไต่สวน,พลเอกปิยะพล วัฒนผล,5,2025-12-29 11:37:12,รัชนีวรรณ พาพันธุ์เรือง,กลุ่มงานปราบปรามการทุจริตในภาครัฐ 2,สำนักงานป้องกันและปราบปรามการทุจริตในภาครัฐ เขต 1,จองสำเร็จ,2025-12-29 11:37:12
1479,2026-01-15,09:00-15:00,ห้องไต่สวน2,สอบพยาน,,4,2026-01-05 23:44:53,นวีนา วัฒนประดิษฐ์,กลุ่มงานปราบปรามการทุจริตในองค์กรปกครองส่วนท้องถิ่น 1,กองปราบปรามการทุจริตในภาครัฐ 4,จองสำเร็จ,2026-01-05 23:44:53
1480,2026-01-15,12:00-17:00,Zoom Meeting Room 1,ขอเชิญชวนสมัครรับคัดเลือกเป็น “เครือข่ายต้นแบบในการป้องกันและเฝ้าระวังการทุจริต” ประจำปี งบประมาณ พ.ศ. ๒๕๖๙,นายธรรมนูญ คงรัตน์,40,2026-01-05 14:00:22,วชิรวิทย์ ทองฤกษ์,กลุ่มงานป้องกันการทุจริตในภาครัฐ,สำนักงานป้องกันและปราบปรามการทุจริตในภาครัฐ เขต 8,จองสำเร็จ,2026-01-05 14:00:22
1481,2026-01-15,13:00-17:00,ห้องประชุม(กยผ),ประชุมบูรณาการกับสำนักงาน ป.ย.ป.,,3,2026-01-07 08:32:09,สรพงษ์ กุ้ยบำรุง,กลุ่มความร่วมมือและพัฒนานวัตกรรมความโปร่งใสในภาครัฐ,กองการต่างประเทศ,จองสำเร็จ,2026-01-07 08:32:09
1482,2026-01-16,08:30-16:30,ห้องไต่สวน1,ประชุม,,3,2026-01-08 14:24:38,ประภัสรา นิลจันทึก,กลุ่มงานปราบปรามการทุจริตในองค์กรปกครองส่วนท้องถิ่น 2,กองปราบปรามการทุจริตในภาครัฐ 4,จองสำเร็จ,2026-01-08 14:24:38
1483,2026-01-16,08:30-13:00,OneConferenceRoom 1,ประชุมคณะกรรมการ ป.ป.ท. ประจำเดือน มกราคม 2569 ครั้งที่ 4/2569,,20,2026-01-08 17:27:02,ลลิตตา พานิชผล,กลุ่มงานบริหารคดีและบริหารทั่วไป,กองบริหารคดี,จองสำเร็จ,2026-01-08 17:27:58
1484,2026-01-16,09:00-12:00,ห้องไต่สวน2,ไต่สวน,,1,2026-01-13 10:17:20,พรพรรณ พรมมา,กลุ่มงานปราบปรามการทุจริตหน่วยงานในสังกัดสำนักนายกรัฐมนตรี,กองปราบปรามการทุจริตในภาครัฐ 5,จองสำเร็จ,2026-01-13 10:17:20
1485,2026-01-16,09:00-17:30,ห้องประชุม 1 (ห้องใหญ่),ประชุมพิจารณาร่างประกาศคณะอนุเงินเพิ่ม,,80,2026-01-08 10:55:14,อธิวัฒน์ ธัมมารัตน์นนท์,กลุ่มงานบริหารงานบุคคล,สำนักงานเลขาธิการ,จองสำเร็จ,2026-01-08 10:55:14
1486,2026-01-16,09:00-16:30,ห้องประชุม (กปท.4),สอบพยาน จำนวน 3-4 ราย,นางสาวชิยา ศิริรักษ์,1,2026-01-09 14:20:16,จิระเดช สอนเต็ม,กลุ่มงานปราบปรามการทุจริตในองค์กรปกครองส่วนท้องถิ่น 1,กองปราบปรามการทุจริตในภาครัฐ 4,จองสำเร็จ,2026-01-09 14:20:16
1487,2026-01-16,09:00-17:30,Zoom Meeting Room 9,พิจารณาร่างประกาศอนุเงินเพิ่มฯ,,300,2026-01-08 15:32:49,อธิวัฒน์ ธัมมารัตน์นนท์,กลุ่มงานบริหารงานบุคคล,สำนักงานเลขาธิการ,จองสำเร็จ,2026-01-08 15:32:49
1488,2026-01-16,09:00-17:30,Zoom Meeting Room 10,พิจารณาร่างประกาศอนุเงินเพิ่มฯ,,300,2026-01-08 15:33:31,อธิวัฒน์ ธัมมารัตน์นนท์,กลุ่มงานบริหารงานบุคคล,สำนักงานเลขาธิการ,จองสำเร็จ,2026-01-08 15:33:31
1489,2026-01-16,09:00-15:00,ห้องประชุมคณะกรรมการ,ไต่สวนเบื้องต้นฯ,นายพิทยา บุญชู ประธานอนุกรรมการ,13,2025-12-26 14:07:13,ปิยะนุช ชูเมือง,กลุ่มงานคำวินิจฉัยและมติคณะกรรมการ,กองบริหารคดี,จองสำเร็จ,2025-12-26 14:07:13
1490,2026-01-16,09:30-16:30,ห้องไต่สวน4,ไต่สวน,,1,2026-01-07 14:33:40,วิชาญ พิเนตรเสถียร,กลุ่มงานปราบปรามการทุจริตหน่วยงานไม่สังกัดกระทรวง ทบวง สำนักนายกรัฐมนตรี,กองปราบปรามการทุจริตในภาครัฐ 5,จองสำเร็จ,2026-01-07 14:33:40
1491,2026-01-16,10:00-12:00,ห้องประชุม(กยผ),ประชุมหารือการพัฒนาเว็บไซท์ของสำนักงาน ป.ป.ท. ภาษาอังกฤษ,-,10,2026-01-12 10:13:13,ภูธนิตย์ สุขจิตร์,ฝ่ายบริหารทั่วไป,กองการต่างประเทศ,จองสำเร็จ,2026-01-12 10:13:33
1492,2026-01-16,10:00-16:30,Zoom Meeting Room 8,ประชุมคณะทำงานการบริหารงบประมาณรายจ่าย ประจำปีงบประมาณ พ.ศ. 2569 ครั้งที่ 1/2569,รองเลขาธิการคณะกรรมการ ป.ป.ท. พันตำรวจโท สิริพงษ์  ศรีตุลา,10,2026-01-15 16:10:19,รัชดาภรณ์ เทพพุทธา,กลุ่มงานแผนงานและงบประมาณ,กองยุทธศาสตร์และแผนงาน,จองสำเร็จ,2026-01-16 09:43:05
1493,2026-01-16,12:00-17:00,ห้องประชุม(กยผ),ประชุมคณะทำงานบริหารงบประมาณประจำปี 2569,พันตำรวจโท สิริพงษ์ ศรีตุลา,15,2026-01-09 08:46:23,สลักจิต ณ ลำพูน,ฝ่ายบริหารทั่วไป,กองยุทธศาสตร์และแผนงาน,จองสำเร็จ,2026-01-09 08:46:23
1494,2026-01-16,12:30-17:00,ห้องไต่สวน2,ประชุม,,5,2026-01-05 14:43:56,วลัยพร พ่วงเจริญ,กลุ่มงานปราบปรามการทุจริตในองค์กรปกครองส่วนท้องถิ่น 2,กองปราบปรามการทุจริตในภาครัฐ 4,จองสำเร็จ,2026-01-05 14:44:10
1495,2026-01-16,13:00-16:30,ห้องประชุม(ห้องเล็ก 31),ตรวจสำนวน,-,20,2026-01-16 11:36:53,กมลวรรณ ศิริปรุ,ฝ่ายบริหารทั่วไป,กองป้องกันการทุจริตในภาครัฐ,จองสำเร็จ,2026-01-16 11:36:53
1496,2026-01-16,13:30-15:30,OneConferenceRoom 2,ประชุมคณะอนุกรรมการไต่สวน ตามคำสั่งที่ ๓๓๐/๒๕๖๗ ลว.๒๙ ส.ค. ๖๗ อนุสนธิคำสั่งที่ ๔๔๔/๒๕๖๕ ลว.๑๕ ส.ค. ๖๕,พ.ต.ท.ยุทธาศักดิ์ อินทรทรัพย์,4,2026-01-13 11:35:32,ทัศนีย์ แสนลี,กลุ่มงานปราบปรามการทุจริตในภาครัฐ 3,สำนักงานป้องกันและปราบปรามการทุจริตในภาครัฐ เขต 4,จองสำเร็จ,2026-01-13 11:35:32
1497,2026-01-19,08:00-13:00,ห้องไต่สวน1,สอบพยาน,,3,2025-12-29 10:10:29,นิดา พินิจวิกรานต์,กลุ่มงานปราบปรามการทุจริตกระทรวงด้านความมั่นคง 1,กองปราบปรามการทุจริตในภาครัฐ 1,จองสำเร็จ,2025-12-29 10:13:00
1498,2026-01-19,08:00-17:00,ห้องไต่สวน2,เเจ้งข้อกล่าวหา,เมศรา,1,2026-01-07 10:42:58,วรรณฉวี ชื้นจะบก,กลุ่มงานปราบปรามการทุจริตกระทรวงด้านความมั่นคง 2,กองปราบปรามการทุจริตในภาครัฐ 1,จองสำเร็จ,2026-01-07 10:42:58
1499,2026-01-19,08:00-17:00,ห้องประชุม (กปท.4),ทบทวนและตรวจเอกสารการคณะกรรมการ,ศรนรินทร์ วุฒิเฟย,1,2026-01-18 16:23:06,ศรนรินทร์ วุฒิเฟย,กลุ่มงานอำนวยการและกำกับศูนย์ปฏิบัติการต่อต้านการทุจริต,กองอำนวยการต่อต้านการทุจริต,จองสำเร็จ,2026-01-18 16:23:06
1500,2026-01-19,08:30-16:30,ห้องไต่สวน4,ไต่สวน,,3,2026-01-08 16:30:35,วิชาญ พิเนตรเสถียร,กลุ่มงานปราบปรามการทุจริตหน่วยงานไม่สังกัดกระทรวง ทบวง สำนักนายกรัฐมนตรี,กองปราบปรามการทุจริตในภาครัฐ 5,จองสำเร็จ,2026-01-08 16:30:35
1501,2026-01-19,09:00-15:00,ห้องประชุม 2 (ห้องเล็ก),ประชุมคณะอนุกรรมการกลั่นกรองฯ คณะที่ 1,พลโท นพพร โควหกุล ประธานฯ,9,2025-12-22 17:58:08,ปิยะนุช ชูเมือง,กลุ่มงานคำวินิจฉัยและมติคณะกรรมการ,กองบริหารคดี,จองสำเร็จ,2025-12-22 17:58:08
1502,2026-01-19,09:00-12:00,ห้องประชุม 1 (ห้องใหญ่),การประชุมคณะอนุกรรมการสนับสนุนเลขาธิการคณะกรรมการ ป.ป.ท.ฯ คณะที่ 2 ครั้งที่ 61-3/2569,พันตำรวจโท ชัยวิณ เสมาทอง,13,2026-01-09 09:13:20,กฤติยาวดี ณ ถลาง,กลุ่มงานกิจการคณะกรรมการ,กองบริหารคดี,จองสำเร็จ,2026-01-09 09:13:20
1503,2026-01-19,09:00-15:00,OneConferenceRoom 1,ประชุมคณะอนุกรรมการกลั่นกรองฯ คณะที่ 1,พลโท นพพร โควหกุล ประธานอนุกรรมการกลั่นกรองฯ,9,2025-12-26 14:30:55,ปิยะนุช ชูเมือง,กลุ่มงานคำวินิจฉัยและมติคณะกรรมการ,กองบริหารคดี,จองสำเร็จ,2025-12-26 14:30:55
1504,2026-01-19,09:00-12:00,OneConferenceRoom 2,การประชุมคณะอนุกรรมการสนับสนุนเลขาธิการคณะกรรมการ ป.ป.ท.ฯ คณะที่ 2 ครั้งที่ 61-3/2569,พ.ต.ท.ชัยวิณ เสมาทอง,13,2026-01-09 09:17:30,กฤติยาวดี ณ ถลาง,กลุ่มงานกิจการคณะกรรมการ,กองบริหารคดี,จองสำเร็จ,2026-01-09 09:18:11
1505,2026-01-19,09:30-17:00,ห้องไต่สวน3,สอบถ้อยคำผู้ร้องเรียน,,1,2026-01-14 10:19:49,วลัยพร พ่วงเจริญ,กลุ่มงานปราบปรามการทุจริตในองค์กรปกครองส่วนท้องถิ่น 2,กองปราบปรามการทุจริตในภาครัฐ 4,จองสำเร็จ,2026-01-14 10:19:49
1506,2026-01-19,09:30-12:00,ห้องประชุม(กยผ),ประชุมคณะจัดทำร่างขอบเขตของงานจ้างที่ปรึกษา ศบช. ปีงบ69 ครั้งที่4,,5,2026-01-15 09:17:09,นพณัช นิลสนธิ,กลุ่มความร่วมมือและพัฒนานวัตกรรมความโปร่งใสในภาครัฐ,กองการต่างประเทศ,จองสำเร็จ,2026-01-15 09:17:09
1507,2026-01-19,09:30-16:30,ห้องประชุมคณะกรรมการ,ประชุมคณะอนุกรรมการกลั่นกรองฯ คณะที่ 5 ครั้งที่ 26-3/2569,นายประพาฬ อนมาน,9,2025-12-16 09:50:17,พิศาล เฝื่อชาติ,กลุ่มงานคำวินิจฉัยและมติคณะกรรมการ,กองบริหารคดี,จองสำเร็จ,2025-12-16 09:50:17
1508,2026-01-19,13:00-16:00,ห้องไต่สวน1,ประชุมคณะพนักงานไต่สวน,,1,2026-01-14 13:45:08,เพชรรพี จรัสเจษฎา,กลุ่มงานปราบปรามการทุจริตหน่วยงานในสังกัดสำนักนายกรัฐมนตรี,กองปราบปรามการทุจริตในภาครัฐ 5,จองสำเร็จ,2026-01-14 13:45:08
1509,2026-01-19,14:30-16:30,Zoom Meeting Room 1,กรณีศึกษางานพระธาตุพนม,นายเอกชัย เกษมสุขธวัช,12,2026-01-19 11:16:41,ธรรมโรจน์ เงาฉาย,กลุ่มงานปราบปรามการทุจริตในภาครัฐ 3,สำนักงานป้องกันและปราบปรามการทุจริตในภาครัฐ เขต 4,จองสำเร็จ,2026-01-19 11:16:41
1510,2026-01-20,08:00-17:00,ห้องไต่สวน2,ไต่สวน,ท่านตรีสินธ์,1,2026-01-07 13:36:14,สมศักดิ์ ทองประดับ,กลุ่มงานปราบปรามการทุจริตในองค์กรปกครองส่วนท้องถิ่น 2,กองปราบปรามการทุจริตในภาครัฐ 4,จองสำเร็จ,2026-01-07 13:36:14
1511,2026-01-20,08:00-17:00,ห้องไต่สวน4,ไต่สวน สอบปากคำพยาน,,1,2025-11-12 11:45:54,รัตติกาล ณ ราช,กลุ่มงานปราบปรามการทุจริตหน่วยงานในสังกัดสำนักนายกรัฐมนตรี,กองปราบปรามการทุจริตในภาครัฐ 5,จองสำเร็จ,2025-11-12 11:45:54
1512,2026-01-20,08:30-12:00,ห้องประชุม 2 (ห้องเล็ก),ประชุมการวางแผนการจัดทำการประเมินทางเทคนิคของคณะกรรมการนโยบายธรรมาภิบาลภาครัฐร่วมกับสำนักงาน ก.พ.ร. และปปท.,-,4,2026-01-14 14:06:24,ภูธนิตย์ สุขจิตร์,ฝ่ายบริหารทั่วไป,กองการต่างประเทศ,จองสำเร็จ,2026-01-14 14:06:24
1513,2026-01-20,08:30-17:00,ห้องไต่สวน1,ไต่สวนข้อเท็จจริง,,3,2025-12-19 08:50:59,อภิรักษ์ คงคาเพชร,กลุ่มงานปราบปรามการทุจริตในองค์กรปกครองส่วนท้องถิ่น 2,กองปราบปรามการทุจริตในภาครัฐ 4,จองสำเร็จ,2025-12-19 08:50:59
1514,2026-01-20,08:30-16:30,ห้องไต่สวน3,ไต่สวน,พ.ต.ท.เทวิล ชาญกล้า,1,2026-01-13 09:41:13,โรสนา ศักดิ์นภาพรเลิศ,กลุ่มงานปราบปรามการทุจริตหน่วยงานไม่สังกัดกระทรวง ทบวง สำนักนายกรัฐมนตรี,กองปราบปรามการทุจริตในภาครัฐ 5,จองสำเร็จ,2026-01-13 09:41:13
1515,2026-01-20,08:30-12:30,ห้องประชุม (กปท.4),สอบพยาน,นางสาวชิยา ศิริรักษ์,1,2026-01-09 14:21:32,จิระเดช สอนเต็ม,กลุ่มงานปราบปรามการทุจริตในองค์กรปกครองส่วนท้องถิ่น 1,กองปราบปรามการทุจริตในภาครัฐ 4,จองสำเร็จ,2026-01-09 14:21:32
1516,2026-01-20,09:30-12:00,ห้องประชุม(ห้องเล็ก 31),ประชุมเปิดตรวจควบคุมภายในระดับหน่วยงานย่อย เขตพื้นที่,ผอ.กตน.,4,2026-01-15 15:57:59,พิมพ์จุฑา ชินวงศ์สกุล,กลุ่มตรวจสอบภายใน,กลุ่มตรวจสอบภายใน,จองสำเร็จ,2026-01-15 15:57:59
1517,2026-01-20,09:30-12:00,Zoom Meeting Room 2,ประชุมเปิดตรวจควบคุมภายในระดับหน่วยงานย่อย เขตพื้นที่ (ปปท. เขต 8),นางสาวกฤตพร ใจโฮ้ง,4,2026-01-15 16:02:50,พิมพ์จุฑา ชินวงศ์สกุล,กลุ่มตรวจสอบภายใน,กลุ่มตรวจสอบภายใน,จองสำเร็จ,2026-01-15 16:02:50
1518,2026-01-20,12:00-16:30,Zoom Meeting Room 1,ประชุมคณะกรรมการ TOR E-CMIS,,30,2026-01-15 11:58:58,ลลิตตา พานิชผล,กลุ่มงานบริหารคดีและบริหารทั่วไป,กองบริหารคดี,จองสำเร็จ,2026-01-15 11:58:58
1519,2026-01-20,12:00-16:30,ห้องประชุม 1 (ห้องใหญ่),ประชุมคณะกรรมการ TOR E-CMIS,,20,2026-01-15 11:48:31,ลลิตตา พานิชผล,กลุ่มงานบริหารคดีและบริหารทั่วไป,กองบริหารคดี,จองสำเร็จ,2026-01-15 11:48:31
1520,2026-01-20,13:00-16:30,ห้องประชุม(กยผ),ประชุมเปิดตรวจการควบคุมภายในของ กยผ,นางสาวอาภรณีย์ เสมรสุต,7,2026-01-15 15:19:30,สลักจิต ณ ลำพูน,ฝ่ายบริหารทั่วไป,กองยุทธศาสตร์และแผนงาน,จองสำเร็จ,2026-01-15 15:19:30
1521,2026-01-20,13:00-16:00,ห้องประชุม (กปท.4),สอบพยาน,,4,2026-01-13 09:37:35,อนาวิล เกตพันธ์,กลุ่มงานปราบปรามการทุจริตในองค์กรปกครองส่วนท้องถิ่น 1,กองปราบปรามการทุจริตในภาครัฐ 4,จองสำเร็จ,2026-01-13 09:37:35
1522,2026-01-20,15:00-18:00,ห้องประชุม(ห้องเล็ก 31),ประชุม,-,5,2026-01-20 12:19:17,กมลวรรณ ศิริปรุ,ฝ่ายบริหารทั่วไป,กองป้องกันการทุจริตในภาครัฐ,จองสำเร็จ,2026-01-20 12:19:17
1523,2026-01-21,08:00-16:15,ห้องไต่สวน1,สอบพยานไต่สวน,,1,2025-12-19 08:49:08,อภิรักษ์ คงคาเพชร,กลุ่มงานปราบปรามการทุจริตในองค์กรปกครองส่วนท้องถิ่น 2,กองปราบปรามการทุจริตในภาครัฐ 4,จองสำเร็จ,2025-12-19 08:49:08
1524,2026-01-21,08:00-17:00,ห้องไต่สวน3,ไต่สวน,,1,2025-12-12 10:53:07,ชรินดา มีแป้น,กลุ่มงานปราบปรามการทุจริตหน่วยงานในสังกัดสำนักนายกรัฐมนตรี,กองปราบปรามการทุจริตในภาครัฐ 5,จองสำเร็จ,2025-12-12 10:53:07
1525,2026-01-21,08:00-17:00,ห้องไต่สวน4,สอบปากคำผู้กล่าวหา พยาน,ไต่สวนเบื้องต้น,1,2025-12-26 13:44:22,ตระกูล บุญทัน,กลุ่มงานปราบปรามการทุจริตหน่วยงานในสังกัดสำนักนายกรัฐมนตรี,กองปราบปรามการทุจริตในภาครัฐ 5,จองสำเร็จ,2025-12-26 13:44:22
1526,2026-01-21,08:00-13:00,ห้องประชุม(กยผ),สอบถ้อบคำผู้ร้องเรียน,,1,2026-01-16 15:23:16,เพชรรพี จรัสเจษฎา,กลุ่มงานปราบปรามการทุจริตหน่วยงานในสังกัดสำนักนายกรัฐมนตรี,กองปราบปรามการทุจริตในภาครัฐ 5,จองสำเร็จ,2026-01-16 15:23:16
1527,2026-01-21,08:30-12:30,ห้องประชุม (กปท.4),ประชุมดำเนินโครงการเฝ้าระวัง ป้องกัน ตรวจสอบ และติดตามการจัดสอบแข่งขันเพื่อบรรจุบุคคลเป็นข้าราชการหรือพนักงานส่วนท้องถิ่น,,4,2026-01-20 08:02:22,ศิริพักร์ แก้วจันทร์,กลุ่มงานปราบปรามการทุจริตในองค์กรปกครองส่วนท้องถิ่น 2,กองปราบปรามการทุจริตในภาครัฐ 4,จองสำเร็จ,2026-01-20 08:02:22
1528,2026-01-21,08:30-12:00,OneConferenceRoom 1,ประชุมคณะกรรมการ ป.ป.ท. ประจำเดือน มกราคม 2569 ครั้งที่ 5/2569,,20,2025-12-19 13:40:17,ลลิตตา พานิชผล,กลุ่มงานบริหารคดีและบริหารทั่วไป,กองบริหารคดี,จองสำเร็จ,2025-12-19 13:40:17
1529,2026-01-21,08:30-12:00,ห้องประชุมคณะกรรมการ,ประชุมคณะกรรมการ ป.ป.ท. ประจำเดือน มกราคม ครั้งที่ 5/2569,,20,2025-12-19 13:38:54,ลลิตตา พานิชผล,กลุ่มงานบริหารคดีและบริหารทั่วไป,กองบริหารคดี,จองสำเร็จ,2025-12-19 13:38:54
1530,2026-01-21,09:00-15:00,ห้องไต่สวน2,สอบพยานไต่สวน,,3,2025-12-30 11:06:27,รัชนีวรรณ พาพันธุ์เรือง,กลุ่มงานปราบปรามการทุจริตในภาครัฐ 2,สำนักงานป้องกันและปราบปรามการทุจริตในภาครัฐ เขต 1,จองสำเร็จ,2025-12-30 11:06:27
1531,2026-01-21,09:00-17:00,ห้องประชุม(ห้องเล็ก 31),ประชุมข้อมูลอนุความเสี่ยง,,4,2025-12-30 10:41:35,กฤษฏ์ ธวัชชัยวิสุทธิ์,กลุ่มงานปราบปรามการทุจริตหน่วยงานไม่สังกัดกระทรวง ทบวง สำนักนายกรัฐมนตรี,กองปราบปรามการทุจริตในภาครัฐ 5,จองสำเร็จ,2025-12-30 10:41:35
1532,2026-01-21,11:00-16:00,ห้องประชุม 1 (ห้องใหญ่),ต้อนรับคณะศึกษาดูงานจากประเทศเนปาล,เลขาธิการคณะกรรมการ ป.ป.ท.,45,2025-12-27 21:14:59,ลินจง ดาวเรือง,กลุ่มงานบริหารงานบุคคล,สำนักงานเลขาธิการ,จองสำเร็จ,2026-01-07 15:10:29
1533,2026-01-21,13:00-17:30,ห้องประชุม 2 (ห้องเล็ก),ประชุมอนุเงินเพิ่มฯ ครั้งที่ 1/2569,,20,2026-01-08 09:16:55,อธิวัฒน์ ธัมมารัตน์นนท์,กลุ่มงานบริหารงานบุคคล,สำนักงานเลขาธิการ,จองสำเร็จ,2026-01-08 09:16:55
1534,2026-01-21,13:00-17:30,Zoom Meeting Room 9,ประชุมอนุเงินเพิ่มฯ ครั้งที่ 1/2569,,10,2026-01-08 09:17:38,อธิวัฒน์ ธัมมารัตน์นนท์,กลุ่มงานบริหารงานบุคคล,สำนักงานเลขาธิการ,จองสำเร็จ,2026-01-08 09:17:38
1535,2026-01-22,08:00-16:00,ห้องไต่สวน1,ไต่สวนข้อเท็จจริง,,1,2025-12-19 08:54:21,อภิรักษ์ คงคาเพชร,กลุ่มงานปราบปรามการทุจริตในองค์กรปกครองส่วนท้องถิ่น 2,กองปราบปรามการทุจริตในภาครัฐ 4,จองสำเร็จ,2025-12-19 08:54:21
1536,2026-01-22,08:00-12:00,ห้องไต่สวน3,ประชุมคณะอนุกรรมการไต่สวน,,1,2026-01-05 13:16:37,ชรินดา มีแป้น,กลุ่มงานปราบปรามการทุจริตหน่วยงานในสังกัดสำนักนายกรัฐมนตรี,กองปราบปรามการทุจริตในภาครัฐ 5,จองสำเร็จ,2026-01-05 13:16:37
1537,2026-01-22,08:30-16:00,ห้องประชุม (กปท.4),สอบพยาน,นางจิราพรรณ ทาบุราญ,4,2026-01-13 16:24:23,จิราพรรณ ทาบุราญ,กลุ่มงานปราบปรามการทุจริตในองค์กรปกครองส่วนท้องถิ่น 2,กองปราบปรามการทุจริตในภาครัฐ 4,จองสำเร็จ,2026-01-13 16:24:23
1538,2026-01-22,08:30-13:00,Zoom Meeting Room 3,ประชุมคณะอนุกรรมการเพื่อดำเนินการศึกษาเพิ่มเติมฯ กรณีการจัดงานนมัสการพระธาตุพนมประจำปี ครั้งที่ 2-1/2569,นายเอกชัย เกษมสุขธวัช,40,2026-01-20 13:56:30,ภัคคินี แขวงเมือง,กลุ่มงานปราบปรามการทุจริตในภาครัฐ 1,สำนักงานป้องกันและปราบปรามการทุจริตในภาครัฐ เขต 4,จองสำเร็จ,2026-01-21 19:46:28
1539,2026-01-22,08:30-12:30,OneConferenceRoom 1,ประชุมคณะกรรมการ ป.ป.ท. ประจำเดือน มกราคม 2569 ครั้งที่ 6/2569,,20,2025-12-19 14:37:06,ลลิตตา พานิชผล,กลุ่มงานบริหารคดีและบริหารทั่วไป,กองบริหารคดี,จองสำเร็จ,2025-12-19 14:37:06
1540,2026-01-22,08:30-12:00,ห้องประชุมคณะกรรมการ,ประชุมคณะกรรมการ ป.ป.ท. ประจำเดือน มกราคม 2568 ครั้งที่ 6/2569,,20,2025-12-19 13:54:41,ลลิตตา พานิชผล,กลุ่มงานบริหารคดีและบริหารทั่วไป,กองบริหารคดี,จองสำเร็จ,2025-12-19 13:54:41
1541,2026-01-22,09:00-15:00,ห้องไต่สวน2,สอบพยานไต่สวน,,3,2025-12-30 11:08:27,รัชนีวรรณ พาพันธุ์เรือง,กลุ่มงานปราบปรามการทุจริตในภาครัฐ 2,สำนักงานป้องกันและปราบปรามการทุจริตในภาครัฐ เขต 1,จองสำเร็จ,2025-12-30 11:08:27
1542,2026-01-22,09:00-16:30,ห้องไต่สวน4,ไต่สวน,,4,2026-01-07 13:31:04,วิชาญ พิเนตรเสถียร,กลุ่มงานปราบปรามการทุจริตหน่วยงานไม่สังกัดกระทรวง ทบวง สำนักนายกรัฐมนตรี,กองปราบปรามการทุจริตในภาครัฐ 5,จองสำเร็จ,2026-01-07 13:31:04
1543,2026-01-22,09:45-12:00,ห้องประชุม(ห้องเล็ก 31),สอบพยาน,-,2,2026-01-22 09:33:27,กมลวรรณ ศิริปรุ,ฝ่ายบริหารทั่วไป,กองป้องกันการทุจริตในภาครัฐ,จองสำเร็จ,2026-01-22 09:33:27
1544,2026-01-22,10:00-12:00,Zoom Meeting Room 1,ประชุมคณะกรรมการตรวจรับพัสดุในงานจ้างที่ปรึกษา กิจกรรมการจัดตั้งศูนย์ประสานงานเพื่ออำนวยความสะดวกการให้บริการภาครัฐในเขตพัฒนาพิเศษภาคตะวันออก (EEC) ระยะที่ 1,นางสาวปัทมา ประสิทธิวงษ์,6,2026-01-20 09:46:23,วันนา วิลุนระพันธ์,กลุ่มความร่วมมือและพัฒนานวัตกรรมความโปร่งใสในภาครัฐ,กองการต่างประเทศ,จองสำเร็จ,2026-01-20 09:46:23
1545,2026-01-22,10:00-13:00,ห้องประชุม(กยผ),ประชุมงานกองยุทธศาสตร์และแผนงานเดือนมกราคม 2569,ผอ. กยผ.,15,2026-01-20 16:20:57,สลักจิต ณ ลำพูน,ฝ่ายบริหารทั่วไป,กองยุทธศาสตร์และแผนงาน,จองสำเร็จ,2026-01-20 16:20:57
1546,2026-01-22,13:00-16:30,ห้องประชุม 2 (ห้องเล็ก),หารือกับ กกพ.,นางสาวทิพากร คำเกิด,5,2026-01-16 11:18:41,กนกพร บุตรรักษ์,กลุ่มงานส่งเสริมธรรมาภิบาลในภาครัฐ,กองป้องกันการทุจริตในภาครัฐ,จองสำเร็จ,2026-01-16 11:18:41
1547,2026-01-22,13:00-17:00,ห้องไต่สวน3,สอบพยาน,,3,2026-01-13 16:32:20,วรินยุพา นำนาผล,กลุ่มงานปราบปรามการทุจริตในองค์กรปกครองส่วนท้องถิ่น 1,กองปราบปรามการทุจริตในภาครัฐ 4,จองสำเร็จ,2026-01-13 16:32:20
1548,2026-01-22,13:00-16:30,ห้องประชุม(กยผ),ประชุมกองนวัตกรรมและความโปร่งใสในภาครัฐ,นางสาวกิตวิภา สุวรรณรัตน์,1,2026-01-22 09:40:04,สรพงษ์ กุ้ยบำรุง,กลุ่มความร่วมมือและพัฒนานวัตกรรมความโปร่งใสในภาครัฐ,กองการต่างประเทศ,จองสำเร็จ,2026-01-22 09:40:04
1549,2026-01-22,13:30-16:00,ห้องประชุม(ห้องเล็ก 31),ประชุมกอง กปท.3,นายธนวัตน์ วงศ์เบี้ยสัจจ์ รกท.ผอ.กปท.3,15,2026-01-14 09:30:20,ลภัสรดา แก้วทองมี,กองปราบปรามการทุจริตในภาครัฐ 3,กองปราบปรามการทุจริตในภาครัฐ 3,จองสำเร็จ,2026-01-14 09:30:20
1550,2026-01-22,13:30-15:30,ห้องประชุมคณะกรรมการ,ไต่สวนเบื้องต้นฯ,นายพิทยา บุญชู,13,2026-01-12 16:13:55,ปิยะนุช ชูเมือง,กลุ่มงานคำวินิจฉัยและมติคณะกรรมการ,กองบริหารคดี,จองสำเร็จ,2026-01-12 16:17:17
1551,2026-01-23,08:00-17:00,ห้องประชุม(ห้องเล็ก 31),การประชุมคณะอนุกรรมการไต่สวนข้อเท็จจริงคนไร้ที่พึ่ง,นางสาวสิริฉัตร์ ศรีพลอย,1,2026-01-15 15:08:55,ศุภกฤษ แก้วรัตน์,กลุ่มงานปราบปรามการทุจริตในรัฐวิสาหกิจ 1,กองปราบปรามการทุจริตในภาครัฐ 3,จองสำเร็จ,2026-01-15 15:08:55
1552,2026-01-23,08:30-12:15,ห้องประชุม 2 (ห้องเล็ก),ประชุมคณะอนุกรรมการขับเคลื่อนงานป้องกันและเฝ้าระวังการทุุจริต ครั้งที่ 2/2569,,20,2025-12-02 16:14:10,สุริยะ พรหมแก้ว,ฝ่ายบริหารทั่วไป,กองป้องกันการทุจริตในภาครัฐ,จองสำเร็จ,2025-12-02 16:14:10
1553,2026-01-23,08:30-16:30,ห้องไต่สวน1,ไต่สวนข้อเท็จจริง,,1,2025-12-19 08:57:59,อภิรักษ์ คงคาเพชร,กลุ่มงานปราบปรามการทุจริตในองค์กรปกครองส่วนท้องถิ่น 2,กองปราบปรามการทุจริตในภาครัฐ 4,จองสำเร็จ,2025-12-19 08:57:59
1554,2026-01-23,08:30-16:00,ห้องไต่สวน3,สอบพยาน,,3,2026-01-21 10:50:23,อนาวิล เกตพันธ์,กลุ่มงานปราบปรามการทุจริตในองค์กรปกครองส่วนท้องถิ่น 1,กองปราบปรามการทุจริตในภาครัฐ 4,จองสำเร็จ,2026-01-21 10:50:23
1555,2026-01-23,12:00-16:30,ห้องไต่สวน2,สอบพยาน,จิราพรรณ ทาบุราญ,4,2026-01-14 14:03:38,จิราพรรณ ทาบุราญ,กลุ่มงานปราบปรามการทุจริตในองค์กรปกครองส่วนท้องถิ่น 2,กองปราบปรามการทุจริตในภาครัฐ 4,จองสำเร็จ,2026-01-14 14:03:38
1556,2026-01-26,08:00-15:00,ห้องไต่สวน1,ไต่สวนชี้มูล,พลโท นพพร โควหกุล,3,2025-12-17 09:55:28,กาญจณา นาวิกนันทน์,กลุ่มงานปราบปรามการทุจริตกระทรวงด้านความมั่นคง 2,กองปราบปรามการทุจริตในภาครัฐ 1,จองสำเร็จ,2025-12-17 09:55:28
1557,2026-01-26,08:00-12:00,ห้องไต่สวน2,สอบพยาน,,3,2026-01-15 15:10:32,วรินยุพา นำนาผล,กลุ่มงานปราบปรามการทุจริตในองค์กรปกครองส่วนท้องถิ่น 1,กองปราบปรามการทุจริตในภาครัฐ 4,จองสำเร็จ,2026-01-15 15:10:32
1558,2026-01-26,08:30-16:30,ห้องประชุม 2 (ห้องเล็ก),ประชุมคณะอนุกรรมการกลั่นกรองฯ คณะที่ 6 ครั้งที่ 24-4/2569,พลตำรวจตรี นพรัตน์ รินทพล,9,2025-12-23 13:11:52,นงค์ลักษณ์ ยั่งยืน,กลุ่มงานคำวินิจฉัยและมติคณะกรรมการ,กองบริหารคดี,จองสำเร็จ,2026-01-07 15:30:48
1559,2026-01-26,08:30-16:30,ห้องไต่สวน4,สอบพยาน,,3,2026-01-16 10:10:15,โรสนา ศักดิ์นภาพรเลิศ,กลุ่มงานปราบปรามการทุจริตหน่วยงานไม่สังกัดกระทรวง ทบวง สำนักนายกรัฐมนตรี,กองปราบปรามการทุจริตในภาครัฐ 5,จองสำเร็จ,2026-01-16 10:10:15
1560,2026-01-26,08:30-16:00,ห้องประชุม(ห้องเล็ก 31),ประชุมชี้แจงการสมัครและคัดเลือกเครือข่ายต้นแบบฯ,ผอ.กลุ่มงานเครือข่ายภาคประชาสังคมฯ,6,2026-01-07 10:13:41,เกศรารัตติ์ บุนนท์,กลุ่มงานเครือข่ายภาคประชาสังคมป้องกันการทุจริต,กองป้องกันการทุจริตในภาครัฐ,จองสำเร็จ,2026-01-07 10:13:41
1561,2026-01-26,09:00-16:00,Zoom Meeting Room 1,กิจกรรมแลกเปลี่ยนเรียนรู้ ภายในสำนักงาน ป.ป.ท. (KM DAY) ครั้งที่ 1-2 การปฏิบัติงานสารบรรณอย่างมืออาชีพ เพื่อการติดต่อราชการด้วยระบบ สารบรรณอิเล็กทรอนิกส์,ลธ. ปปท.,50,2026-01-16 16:28:51,ณัฏฐ์รินทร์ กรรณสูต,กลุ่มงานพัฒนาบุคลากร,สำนักงานเลขาธิการ,จองสำเร็จ,2026-01-16 16:28:51
1562,2026-01-26,09:00-14:00,ห้องไต่สวน3,สอบคำให้การ,-,4,2026-01-16 10:24:46,ภัทร คงคาทิพย์,กลุ่มงานปราบปรามการทุจริตในองค์กรปกครองส่วนท้องถิ่น 1,กองปราบปรามการทุจริตในภาครัฐ 4,จองสำเร็จ,2026-01-16 10:24:46
1563,2026-01-26,09:00-15:00,ห้องประชุม 1 (ห้องใหญ่),ประชุม คณะทำงานพิจารณาแบ่งหน่วยงานภายใน สำนักงานคณะกรรมการป้องกันและปราบปรามการทุจริตในภาครัฐ ครั้งที่ 3/๒๕๖8,เลขาธิการคณะกรรมการ ป.ป.ท.,15,2026-01-08 14:53:57,อัมมรรัตน์ หุ่นทอง,กลุ่มพัฒนาระบบบริหาร,กลุ่มพัฒนาระบบบริหาร,จองสำเร็จ,2026-01-08 14:53:57
1564,2026-01-26,09:00-12:00,ห้องประชุม (กปท.4),สอบพยาน,,5,2026-01-19 10:59:17,มานพ ธงชัย,กลุ่มงานปราบปรามการทุจริตในองค์กรปกครองส่วนท้องถิ่น 2,กองปราบปรามการทุจริตในภาครัฐ 4,จองสำเร็จ,2026-01-19 10:59:17
1565,2026-01-26,09:00-12:00,Zoom Meeting Room 2,คณะทำงานพิจารณาแบ่งหน่วยงานภายในสำนักงาน ป.ป.ท. ครั้งที่ 1/2569,เลขาธิการคณะกรรมการ ป.ป.ท.,17,2026-01-26 08:27:54,วิทยา สีดา,กลุ่มพัฒนาระบบบริหาร,กลุ่มพัฒนาระบบบริหาร,จองสำเร็จ,2026-01-26 08:27:54
1566,2026-01-26,09:00-16:00,Zoom Meeting Room 9,ประชุมชี้แจงการสมัครและคัดเลือกเครือข่ายต้นแบบฯ,ผอ.กลุ่มงานเครือข่ายภาคประชาสังคมฯ,30,2026-01-07 10:13:41,เกศรารัตติ์ บุนนท์,กลุ่มงานเครือข่ายภาคประชาสังคมป้องกันการทุจริต,กองป้องกันการทุจริตในภาครัฐ,จองสำเร็จ,2026-01-08 13:57:18
1567,2026-01-26,10:00-12:00,ห้องประชุม(กยผ),ประชุมรายงานความคืบหน้าระบบบริหารงานคลัง,,1,2026-01-13 15:46:17,ศิริรัตน์ สีชมภู,กลุ่มงานติดตามและประเมินผล,กองยุทธศาสตร์และแผนงาน,จองสำเร็จ,2026-01-13 15:46:17
1568,2026-01-26,13:00-16:00,ห้องไต่สวน2,ไต่สวนเบื้องต้น เรื่องที่ 2114,ภัคคินี แชวงเมือง,4,2026-01-16 12:51:16,ภัคคินี แขวงเมือง,กลุ่มงานปราบปรามการทุจริตในภาครัฐ 1,สำนักงานป้องกันและปราบปรามการทุจริตในภาครัฐ เขต 4,จองสำเร็จ,2026-01-16 12:51:40
1569,2026-01-26,13:00-16:30,ห้องประชุม(กยผ),ประชุมคณะจัดทำร่างขอบเขตของงานจ้างที่ปรึกษา ศบช. ปีงบ69 ครั้งที่5,,5,2026-01-26 11:20:11,นพณัช นิลสนธิ,กลุ่มความร่วมมือและพัฒนานวัตกรรมความโปร่งใสในภาครัฐ,กองการต่างประเทศ,จองสำเร็จ,2026-01-26 11:20:11
1570,2026-01-26,13:00-17:00,ห้องประชุม (กปท.4),ประชุมคณะจัดทำร่างขอบเขตของงานจ้างที่ปรึกษา ศบช. ปีงบ69 ครั้งที่5,,5,2026-01-20 17:55:19,นพณัช นิลสนธิ,กลุ่มความร่วมมือและพัฒนานวัตกรรมความโปร่งใสในภาครัฐ,กองการต่างประเทศ,จองสำเร็จ,2026-01-20 17:55:19
1571,2026-01-26,13:00-15:00,Zoom Meeting Room 3,ประชุมคณะทำงานการจัดการความรู้ (KM) ปปท.เขต ๔,นายสวัสดิ์ นาสมฝัน,30,2026-01-26 08:29:30,ทัศนีย์ แสนลี,กลุ่มงานปราบปรามการทุจริตในภาครัฐ 3,สำนักงานป้องกันและปราบปรามการทุจริตในภาครัฐ เขต 4,จองสำเร็จ,2026-01-26 08:29:30
1572,2026-01-27,08:00-17:00,ห้องไต่สวน3,ไต่สวน,จักรภพ ขันทะวงศ์,2,2026-01-15 11:06:18,พงศ์ศักดิ์ น้ำขาว,กลุ่มงานปราบปรามการทุจริตหน่วยงานไม่สังกัดกระทรวง ทบวง สำนักนายกรัฐมนตรี,กองปราบปรามการทุจริตในภาครัฐ 5,จองสำเร็จ,2026-01-15 11:06:18
1573,2026-01-27,08:00-16:30,ห้องไต่สวน4,ไต่สวนเบื่องต้น,,3,2026-01-08 10:04:51,ประทีป ศิริดำรงค์,กลุ่มงานปราบปรามการทุจริตหน่วยงานไม่สังกัดกระทรวง ทบวง สำนักนายกรัฐมนตรี,กองปราบปรามการทุจริตในภาครัฐ 5,จองสำเร็จ,2026-01-08 10:04:51
1574,2026-01-27,08:00-16:30,ห้องประชุม 1 (ห้องใหญ่),ประชุม สปท. ป.ป.ท.,ประธาน สปท. ป.ป.ท.,15,2025-12-25 09:57:28,ญาณัชชา นนทจันทร์,กลุ่มงานเครือข่ายภาคประชาสังคมป้องกันการทุจริต,กองป้องกันการทุจริตในภาครัฐ,จองสำเร็จ,2025-12-25 09:57:28
1575,2026-01-27,08:00-16:30,Zoom Meeting Room 5,ประชุม สปท. ป.ป.ท.,ประธาน สปท. ป.ป.ท.,8,2025-12-25 10:03:08,ญาณัชชา นนทจันทร์,กลุ่มงานเครือข่ายภาคประชาสังคมป้องกันการทุจริต,กองป้องกันการทุจริตในภาครัฐ,จองสำเร็จ,2025-12-25 10:03:08
1576,2026-01-27,08:30-16:30,ห้องไต่สวน1,ไต่สวนข้อเท็จจริง,,1,2025-12-19 09:01:58,อภิรักษ์ คงคาเพชร,กลุ่มงานปราบปรามการทุจริตในองค์กรปกครองส่วนท้องถิ่น 2,กองปราบปรามการทุจริตในภาครัฐ 4,จองสำเร็จ,2025-12-19 09:01:58
1577,2026-01-27,09:00-12:00,ห้องไต่สวน2,แจ้งข้อกล่าวหา,พันตำรวจโท ทนง เพิ่มพูล,2,2026-01-14 15:38:18,กชภัส ลิ่มวิภาธร,กลุ่มงานปราบปรามคดีพิเศษ,กองอำนวยการต่อต้านการทุจริต,จองสำเร็จ,2026-01-14 15:38:18
1578,2026-01-28,08:00-17:00,ห้องไต่สวน2,ไต่สวนพยาน,จักรภพ  ขันทะวงศ์,1,2026-01-15 11:07:46,พงศ์ศักดิ์ น้ำขาว,กลุ่มงานปราบปรามการทุจริตหน่วยงานไม่สังกัดกระทรวง ทบวง สำนักนายกรัฐมนตรี,กองปราบปรามการทุจริตในภาครัฐ 5,จองสำเร็จ,2026-01-15 11:07:46
1579,2026-01-28,08:30-12:00,ห้องประชุม 2 (ห้องเล็ก),ประชุมคณะอนุฯ ป้องกัน,ท่านโฆษิต,12,2025-12-29 11:16:20,ปิยพัชร์ ชาญชัยพิบูลนนท์,ฝ่ายบริหารทั่วไป,กองป้องกันการทุจริตในภาครัฐ,จองสำเร็จ,2025-12-29 11:17:14
1580,2026-01-28,08:30-12:00,ห้องไต่สวน3,สอบพยานบุคคล สำนวนไต่สวนเบื้อต้น เรื่องที่ 1915/2568,,3,2026-01-09 10:37:51,จารวี ฉัตรเสถียรศักดิ์,กลุ่มงานปราบปรามการทุจริตในภาครัฐ 3,สำนักงานป้องกันและปราบปรามการทุจริตในภาครัฐ เขต 6,จองสำเร็จ,2026-01-09 10:37:51
1581,2026-01-28,08:30-16:30,ห้องไต่สวน4,ไต่สวนเบื่องต้น,,3,2026-01-08 10:05:45,ประทีป ศิริดำรงค์,กลุ่มงานปราบปรามการทุจริตหน่วยงานไม่สังกัดกระทรวง ทบวง สำนักนายกรัฐมนตรี,กองปราบปรามการทุจริตในภาครัฐ 5,จองสำเร็จ,2026-01-08 10:05:45
1582,2026-01-28,08:30-16:30,ห้องประชุม(ห้องเล็ก 31),ปปท.เขต 7 นัดสอบพยานฯ,-,4,2026-01-20 14:22:38,ณรากร สุขสว่าง,กลุ่มงานเครือข่ายภาคประชาสังคมป้องกันการทุจริต,กองป้องกันการทุจริตในภาครัฐ,จองสำเร็จ,2026-01-20 14:25:08
1583,2026-01-28,08:30-12:00,Zoom Meeting Room 9,ประชุมคณะอนุฯ ป้องกัน,ท่านโฆษิท,12,2025-12-29 11:18:08,ปิยพัชร์ ชาญชัยพิบูลนนท์,ฝ่ายบริหารทั่วไป,กองป้องกันการทุจริตในภาครัฐ,จองสำเร็จ,2025-12-29 11:18:08
1584,2026-01-28,08:30-12:00,OneConferenceRoom 1,ประชุมคณะกรรมการ ป.ป.ท. ประจำเดือน มกราคม 2569 ครั้งที่ 7/2569,,20,2025-12-19 14:36:18,ลลิตตา พานิชผล,กลุ่มงานบริหารคดีและบริหารทั่วไป,กองบริหารคดี,จองสำเร็จ,2025-12-19 14:36:18
1585,2026-01-28,08:30-12:00,ห้องประชุมคณะกรรมการ,ประชุมคณะกรรมการ ป.ป.ท. ประจำเดือน มกราคม 2569 ครั้งที่ 7/2569,,20,2025-12-19 14:02:38,ลลิตตา พานิชผล,กลุ่มงานบริหารคดีและบริหารทั่วไป,กองบริหารคดี,จองสำเร็จ,2025-12-19 14:02:38
1586,2026-01-28,09:00-16:30,ห้องไต่สวน1,สอบปากคำผู้ร้อง,,1,2026-01-20 14:47:02,เริงจิตร ฉิมพินิจ,กลุ่มงานปราบปรามการทุจริตกระทรวงด้านความมั่นคง 1,กองปราบปรามการทุจริตในภาครัฐ 1,จองสำเร็จ,2026-01-20 14:47:02
1587,2026-01-28,09:00-16:30,ห้องประชุม 1 (ห้องใหญ่),การประชุมคณะอนุกรรมการกลั่นกรองฯ คณะที่ 8,นายปริญญา บุญชู,8,2026-01-06 17:15:41,ณัฐฐพิชา นาวินธรรม,กลุ่มงานคำวินิจฉัยและมติคณะกรรมการ,กองบริหารคดี,จองสำเร็จ,2026-01-06 17:15:41
1588,2026-01-28,09:00-16:30,OneConferenceRoom 2,การประชุมคณะอนุกรรมการกลั่นกรองฯ คณะที่ 8,นายปริญญา บุญชู,8,2026-01-06 17:15:41,ณัฐฐพิชา นาวินธรรม,กลุ่มงานคำวินิจฉัยและมติคณะกรรมการ,กองบริหารคดี,จองสำเร็จ,2026-01-06 17:15:41
1589,2026-01-28,09:30-13:00,ห้องประชุม(กยผ),ประชุมคณะจัดทำร่างขอบเขตของงานจ้างที่ปรึกษา ศบช. ปีงบ69 ครั้งที่6,,5,2026-01-26 15:08:45,นพณัช นิลสนธิ,กลุ่มความร่วมมือและพัฒนานวัตกรรมความโปร่งใสในภาครัฐ,กองการต่างประเทศ,จองสำเร็จ,2026-01-26 15:08:45
1590,2026-01-28,09:30-12:30,Zoom Meeting Room 2,ประชุมภายในสำนักงาน ปปท. เขต 3 ประจำเดือนมกราคม 2569,,30,2026-01-23 15:31:15,แก้วกาญจน์ ป้อมอุ่นเรือน,กลุ่มงานบริหารคดีและบริหารทั่วไป,สำนักงานป้องกันและปราบปรามการทุจริตในภาครัฐ เขต 3,จองสำเร็จ,2026-01-23 15:31:15
1591,2026-01-28,13:15-16:30,Zoom Meeting Room 1,การประชุมเพื่อเร่งรัด กำกับติดตามผลการดำเนินงานด้านคดี ในห้วงระยะเวลา ไตรมาส 2,รองเลขาธิการฯ พตท. สิริพงษ์,15,2026-01-16 15:27:15,พิสิษฐ์ แก้วเกตุ,ศูนย์รับเรื่องร้องเรียน,กองบริหารคดี,จองสำเร็จ,2026-01-26 16:45:09
1592,2026-01-29,08:00-18:00,ห้องไต่สวน2,สอบพยาน,,1,2026-01-20 13:30:19,นวพร ปั้นจันทร์,กลุ่มงานปราบปรามการทุจริตหน่วยงานในสังกัดสำนักนายกรัฐมนตรี,กองปราบปรามการทุจริตในภาครัฐ 5,จองสำเร็จ,2026-01-20 13:30:19
1593,2026-01-29,08:30-16:30,ห้องไต่สวน3,ไต่สวนเบื้องต้น,,3,2026-01-21 11:37:23,พรรณนิภา อารยะทรงศักดิ์,กลุ่มงานปราบปรามการทุจริตหน่วยงานไม่สังกัดกระทรวง ทบวง สำนักนายกรัฐมนตรี,กองปราบปรามการทุจริตในภาครัฐ 5,จองสำเร็จ,2026-01-21 11:37:23
1594,2026-01-29,08:30-12:00,OneConferenceRoom 1,ประชุมคณะกรรมการ ป.ป.ท. ประจำเดือน มกราคม 2569 ครั้งที่ 8/2569,,20,2025-12-19 14:38:56,ลลิตตา พานิชผล,กลุ่มงานบริหารคดีและบริหารทั่วไป,กองบริหารคดี,จองสำเร็จ,2025-12-19 14:38:56
1595,2026-01-29,08:30-12:30,ห้องประชุมคณะกรรมการ,ประชุมคณะกรรมการ ป.ป.ท. ประจำเดือน มกราคม 2569 ครั้งที่ 8/2569,,20,2025-12-19 14:38:04,ลลิตตา พานิชผล,กลุ่มงานบริหารคดีและบริหารทั่วไป,กองบริหารคดี,จองสำเร็จ,2025-12-19 14:38:04
1596,2026-01-29,09:00-16:30,ห้องไต่สวน4,สอบพยาน,,4,2026-01-09 14:43:20,ชัยนาท น้อยสอน,กลุ่มงานปราบปรามการทุจริตหน่วยงานในสังกัดสำนักนายกรัฐมนตรี,กองปราบปรามการทุจริตในภาครัฐ 5,จองสำเร็จ,2026-01-09 14:43:20
1597,2026-01-29,09:30-16:30,ห้องไต่สวน1,ไต่สวนเบื้องต้น,,2,2026-01-22 11:05:43,โรสนา ศักดิ์นภาพรเลิศ,กลุ่มงานปราบปรามการทุจริตหน่วยงานไม่สังกัดกระทรวง ทบวง สำนักนายกรัฐมนตรี,กองปราบปรามการทุจริตในภาครัฐ 5,จองสำเร็จ,2026-01-22 11:05:43
1598,2026-01-29,10:00-12:00,OneConferenceRoom 2,ไต่สวนคำสั่งคณะกรรมการ ป.ป.ท. ที่ 169/2568,นายระวี แววศรี,6,2026-01-14 11:03:41,ชยพล เงยวิจิตร,กลุ่มงานปราบปรามการทุจริตในภาครัฐ 1,สำนักงานป้องกันและปราบปรามการทุจริตในภาครัฐ เขต 3,จองสำเร็จ,2026-01-14 11:06:27
1599,2026-01-29,11:00-13:00,OneConferenceRoom 3,ไต่สวนข้อเท็จจริง เรื่องที่ 0280/2566,พลตำรวจตรี สมควร พึ่งทรัพย์,5,2026-01-20 14:23:07,ประวิทย์ ภัทรสัตยากร,กลุ่มงานปราบปรามการทุจริตกระทรวงด้านสังคม,กองปราบปรามการทุจริตในภาครัฐ 2,จองสำเร็จ,2026-01-20 14:23:07
1600,2026-01-29,12:00-17:00,ห้องประชุม 2 (ห้องเล็ก),อกพ. กรม,,15,2026-01-14 13:22:48,แพรววนิต เวียงมูล,กลุ่มความร่วมมือและพัฒนานวัตกรรมความโปร่งใสในภาครัฐ,กองการต่างประเทศ,จองสำเร็จ,2026-01-14 13:22:48
1601,2026-01-29,13:00-17:00,ห้องประชุม (กปท.4),ไต่สวน,สมศักดิ์,1,2026-01-29 11:44:59,สมศักดิ์ ทองประดับ,กลุ่มงานปราบปรามการทุจริตในองค์กรปกครองส่วนท้องถิ่น 2,กองปราบปรามการทุจริตในภาครัฐ 4,จองสำเร็จ,2026-01-29 11:44:59
1602,2026-01-29,15:00-16:30,OneConferenceRoom 2,ประชุมคณะอนุกรรมการไต่สวน สำนวนเรื่องที่ 0105/1565,นายสุภาพ ศิริ,3,2026-01-23 13:30:25,จารวี ฉัตรเสถียรศักดิ์,กลุ่มงานปราบปรามการทุจริตในภาครัฐ 3,สำนักงานป้องกันและปราบปรามการทุจริตในภาครัฐ เขต 6,จองสำเร็จ,2026-01-23 13:30:25
1603,2026-01-30,08:00-12:00,Zoom Meeting Room 1,คณะอนุกรรมการพิจารณากลั่นกรองการเปิดเผยข้อมูลข่าวสาร,,16,2026-01-26 08:15:32,อานนท์ ชนประชา,กลุ่มงานความเห็นแย้ง,กองกฎหมาย,จองสำเร็จ,2026-01-26 08:15:32
1604,2026-01-30,08:00-13:00,ห้องไต่สวน2,ประชุมคณะอนุกรรมการไต่สวน,,4,2026-01-26 11:13:22,อนาวิล เกตพันธ์,กลุ่มงานปราบปรามการทุจริตในองค์กรปกครองส่วนท้องถิ่น 1,กองปราบปรามการทุจริตในภาครัฐ 4,จองสำเร็จ,2026-01-26 11:13:22
1605,2026-01-30,08:00-18:00,ห้องไต่สวน4,สอบพยาน,,1,2026-01-20 13:33:59,นวพร ปั้นจันทร์,กลุ่มงานปราบปรามการทุจริตหน่วยงานในสังกัดสำนักนายกรัฐมนตรี,กองปราบปรามการทุจริตในภาครัฐ 5,จองสำเร็จ,2026-01-20 13:33:59
1606,2026-01-30,08:30-17:00,ห้องประชุม 2 (ห้องเล็ก),คณะอนุกรรมการพิจารณากลั่นกรองการเปิดเผยข้อมูลข่าวสาร,,15,2026-01-19 09:36:43,อานนท์ ชนประชา,กลุ่มงานความเห็นแย้ง,กองกฎหมาย,จองสำเร็จ,2026-01-19 09:36:43
1607,2026-01-30,09:00-16:00,ห้องประชุม(กยผ),ประชุมหารือสรุปผลการดำเนินงาน,ผอ.กนร.,10,2026-01-23 07:30:35,มาลี ขุมทอง,-,กองกำกับและขับเคลื่อนการดำเนินงานนโยบายภาครัฐ,จองสำเร็จ,2026-01-23 07:30:35
1608,2026-01-30,10:00-12:00,OneConferenceRoom 1,ประชุมสำนวนที่ 111348/2561 (คำสั่งที่ 144/2564 ลว 26 มค 64),นายธีรเดช นรัตถรักษา,1,2026-01-23 10:37:55,อัศวิน เบญจโอฬาร,กลุ่มงานปราบปรามการทุจริตในภาครัฐ 2,สำนักงานป้องกันและปราบปรามการทุจริตในภาครัฐ เขต 6,จองสำเร็จ,2026-01-23 10:37:55
1609,2026-01-30,12:00-16:30,ห้องไต่สวน1,ประชุมคณะอนุกรรมการ,,5,2026-01-23 13:32:22,นิดา พินิจวิกรานต์,กลุ่มงานปราบปรามการทุจริตกระทรวงด้านความมั่นคง 1,กองปราบปรามการทุจริตในภาครัฐ 1,จองสำเร็จ,2026-01-26 09:38:07
1610,2026-01-30,12:45-17:00,Zoom Meeting Room 1,ประชุมให้คำแนะนำ ปรึกษา การสมัครเป็นเครือข่ายต้นแบบ,นางสาวณฐพร สิทธิชัย,30,2026-01-14 13:40:55,วัฒนชัย หนูเสมียน,กลุ่มงานป้องกันการทุจริตในภาครัฐ,สำนักงานป้องกันและปราบปรามการทุจริตในภาครัฐ เขต 2,จองสำเร็จ,2026-01-22 11:17:14
1611,2026-02-02,08:00-18:00,ห้องไต่สวน4,สอบพยาน,,1,2026-01-20 13:35:39,นวพร ปั้นจันทร์,กลุ่มงานปราบปรามการทุจริตหน่วยงานในสังกัดสำนักนายกรัฐมนตรี,กองปราบปรามการทุจริตในภาครัฐ 5,จองสำเร็จ,2026-01-20 13:35:39
1612,2026-02-02,09:00-16:00,ห้องประชุม 2 (ห้องเล็ก),กปก.ติดตามผลการเบิกจ่าย กับ ปปท.เขต1-9,รองเลขาธิการคณะกรรมการ ป.ป.ท.,20,2026-01-30 14:48:36,ปิยพัชร์ ชาญชัยพิบูลนนท์,ฝ่ายบริหารทั่วไป,กองป้องกันการทุจริตในภาครัฐ,จองสำเร็จ,2026-01-30 14:48:36
1613,2026-02-02,09:00-16:00,ห้องไต่สวน1,ไต่สวนสอบปากคำผู้กล่าวหา,พลเอก ปิยะพล วัฒนกุล,4,2026-01-09 17:12:15,ดารณี ปฐมโยธิน,กลุ่มงานปราบปรามการทุจริตกระทรวงด้านความมั่นคง 2,กองปราบปรามการทุจริตในภาครัฐ 1,จองสำเร็จ,2026-01-09 17:12:15
1614,2026-02-02,09:00-12:00,ห้องไต่สวน3,สอบพยาน,-,6,2026-01-19 09:39:12,มานพ ธงชัย,กลุ่มงานปราบปรามการทุจริตในองค์กรปกครองส่วนท้องถิ่น 2,กองปราบปรามการทุจริตในภาครัฐ 4,จองสำเร็จ,2026-01-19 09:39:12
1615,2026-02-02,09:00-16:00,Zoom Meeting Room 7,กปก.ติดตามผลการเบิกจ่าย กับ ปปท.เขต1-9,รองเลขาฯ,50,2026-01-30 14:50:11,ปิยพัชร์ ชาญชัยพิบูลนนท์,ฝ่ายบริหารทั่วไป,กองป้องกันการทุจริตในภาครัฐ,จองสำเร็จ,2026-01-30 14:50:11
1616,2026-02-02,09:30-12:00,ห้องไต่สวน2,สอบพยาน,,1,2026-01-13 17:31:12,ดวงใจ เชยชม,กลุ่มงานปราบปรามการทุจริตในองค์กรปกครองส่วนท้องถิ่น 1,กองปราบปรามการทุจริตในภาครัฐ 4,จองสำเร็จ,2026-01-13 17:31:12
1617,2026-02-02,13:30-15:30,OneConferenceRoom 1,110791/2562,นายสุภาพ  ศิริ,1,2026-01-29 15:10:03,กมลทิพย์ โล่ห์เลขา,กลุ่มงานปราบปรามการทุจริตในภาครัฐ 2,สำนักงานป้องกันและปราบปรามการทุจริตในภาครัฐ เขต 6,จองสำเร็จ,2026-01-29 15:10:03
1618,2026-02-03,08:00-17:00,ห้องไต่สวน2,ไต่สวน,สหราช,1,2026-01-23 15:17:58,สมศักดิ์ ทองประดับ,กลุ่มงานปราบปรามการทุจริตในองค์กรปกครองส่วนท้องถิ่น 2,กองปราบปรามการทุจริตในภาครัฐ 4,จองสำเร็จ,2026-01-23 15:17:58
1619,2026-02-03,08:30-12:00,Zoom Meeting Room 1,ประชุมผู้บริหาร ครั้งที่ 1/2569,นายภูมิวิศาล เกษมศุข,50,2026-02-02 13:00:21,ปุณญวีร์ อินทรีย,กลุ่มงานช่วยอำนวยการ,สำนักงานเลขาธิการ,จองสำเร็จ,2026-02-02 13:00:21
1620,2026-02-03,08:30-12:00,ห้องไต่สวน1,บันทึกถ้อยคำพยาน,,1,2026-01-16 14:43:39,ชุติมน แปงคำเรือง,กลุ่มงานปราบปรามการทุจริตในภาครัฐ 2,สำนักงานป้องกันและปราบปรามการทุจริตในภาครัฐ เขต 6,จองสำเร็จ,2026-01-16 14:43:39
1621,2026-02-03,08:30-14:30,ห้องไต่สวน3,ประชุมคณะอนุกรรมการไต่สวน,,4,2026-01-26 09:36:10,อนาวิล เกตพันธ์,กลุ่มงานปราบปรามการทุจริตในองค์กรปกครองส่วนท้องถิ่น 1,กองปราบปรามการทุจริตในภาครัฐ 4,จองสำเร็จ,2026-01-26 09:36:10
1622,2026-02-03,08:30-12:30,OneConferenceRoom 1,ประชุมคณะกรรมการ ป.ป.ท. ประจำเดือน กุมภาพันธ์ 2569 ครั้งที่ 9/2569,,20,2026-01-20 11:23:02,ลลิตตา พานิชผล,กลุ่มงานบริหารคดีและบริหารทั่วไป,กองบริหารคดี,จองสำเร็จ,2026-01-20 11:23:02
1623,2026-02-03,08:30-12:00,ห้องประชุมคณะกรรมการ,ประชุมคณะกรรมการ ป.ป.ท. ประจำเดือน กุมภาพันธ์ 2569 ครั้งที่ 9/2569,นายอำนาจ พวงชมภู,20,2026-01-20 11:20:30,ลลิตตา พานิชผล,กลุ่มงานบริหารคดีและบริหารทั่วไป,กองบริหารคดี,จองสำเร็จ,2026-01-20 11:20:30
1624,2026-02-03,09:00-12:00,ห้องประชุม 1 (ห้องใหญ่),ประชุมผู้บริหาร ครั้งที่ 1/2568,นายภูมิวิศาล เกษมศุข  เลขาธิการคณะกรรมการ ป.ป.ท.,50,2026-01-30 13:15:04,ปุณญวีร์ อินทรีย,กลุ่มงานช่วยอำนวยการ,สำนักงานเลขาธิการ,จองสำเร็จ,2026-01-30 13:15:04
1625,2026-02-03,09:30-16:30,ห้องประชุม 2 (ห้องเล็ก),ประชุมคณะอนุกรรมการกลั่นกรองฯ คณะที่ 2,"นายพิทักษ์ คงจันทร์			ประธานอนุกรรมการ",9,2026-01-12 10:21:46,ฤาฤทธิ์ เริงสมุทร์,กลุ่มงานคำวินิจฉัยและมติคณะกรรมการ,กองบริหารคดี,จองสำเร็จ,2026-01-12 10:21:46
1626,2026-02-03,09:30-12:00,ห้องไต่สวน4,แจ้งข้อกล่าวหา,พลโทนพพร โควหกุล,4,2026-02-03 09:15:09,ศิรินทร์ทิพย์ โพธิมาศ,กลุ่มงานปราบปรามการทุจริตหน่วยงานไม่สังกัดกระทรวง ทบวง สำนักนายกรัฐมนตรี,กองปราบปรามการทุจริตในภาครัฐ 5,จองสำเร็จ,2026-02-03 09:15:09
1627,2026-02-03,09:30-16:30,OneConferenceRoom 3,ประชุมคณะอนุกรรมการกลั่นกรองฯ คณะที่ 2,"นายพิทักษ์ คงจันทร์			ประธานอนุกรรมการ",9,2026-01-12 10:21:46,ฤาฤทธิ์ เริงสมุทร์,กลุ่มงานคำวินิจฉัยและมติคณะกรรมการ,กองบริหารคดี,จองสำเร็จ,2026-01-12 10:21:46
1628,2026-02-03,12:45-17:00,ห้องไต่สวน1,สอบพยาน,,1,2026-01-26 14:23:54,นวพร ปั้นจันทร์,กลุ่มงานปราบปรามการทุจริตหน่วยงานในสังกัดสำนักนายกรัฐมนตรี,กองปราบปรามการทุจริตในภาครัฐ 5,จองสำเร็จ,2026-01-26 14:23:54
1629,2026-02-03,13:00-16:30,ห้องประชุม(ห้องเล็ก 31),ประชุมเตรียมการจัดอบรมโครงการเชิงรุก 69 กิจกรรม 1.2,นางสาวทิพากร คำเกิด,1,2026-02-02 14:14:33,พลอยศมน เอี่ยมศิลา,กลุ่มงานส่งเสริมธรรมาภิบาลในภาครัฐ,กองป้องกันการทุจริตในภาครัฐ,จองสำเร็จ,2026-02-02 14:14:33
1630,2026-02-04,08:00-16:00,ห้องไต่สวน2,สอบพยาน,,3,2026-01-20 11:30:17,กรีฑา พิทักษ์วงศ์,กลุ่มงานปราบปรามการทุจริตในองค์กรปกครองส่วนท้องถิ่น 2,กองปราบปรามการทุจริตในภาครัฐ 4,จองสำเร็จ,2026-01-20 11:30:17
1631,2026-02-04,08:00-17:00,ห้องไต่สวน3,สอบถ้อยคำพยาน,,1,2026-01-26 08:54:53,เพชรรพี จรัสเจษฎา,กลุ่มงานปราบปรามการทุจริตหน่วยงานในสังกัดสำนักนายกรัฐมนตรี,กองปราบปรามการทุจริตในภาครัฐ 5,จองสำเร็จ,2026-01-26 08:54:53
1632,2026-02-04,08:30-16:30,ห้องไต่สวน4,ไต่สวนเบื้องต้น,,3,2026-01-21 11:42:35,พรรณนิภา อารยะทรงศักดิ์,กลุ่มงานปราบปรามการทุจริตหน่วยงานไม่สังกัดกระทรวง ทบวง สำนักนายกรัฐมนตรี,กองปราบปรามการทุจริตในภาครัฐ 5,จองสำเร็จ,2026-01-21 11:42:35
1633,2026-02-04,08:30-12:00,OneConferenceRoom 1,ประชุมคณะกรรมการ ป.ป.ท. ประจำเดือน กุมภาพันธ์ 2569 ครั้งที่ 10/2569,นายอำนาจ พวงชมภู,20,2026-01-20 11:21:26,ลลิตตา พานิชผล,กลุ่มงานบริหารคดีและบริหารทั่วไป,กองบริหารคดี,จองสำเร็จ,2026-01-20 11:21:59
1634,2026-02-04,08:30-12:30,ห้องประชุมคณะกรรมการ,ประชุมคณะกรรมการ ป.ป.ท. ประจำเดือน กุมภาพันธ์ ครั้งที่ 10/2569,นายอำนาจ พวงชมภู,20,2026-01-20 11:24:28,ลลิตตา พานิชผล,กลุ่มงานบริหารคดีและบริหารทั่วไป,กองบริหารคดี,จองสำเร็จ,2026-01-20 11:25:34
1635,2026-02-04,09:00-12:00,ห้องประชุม (กปท.4),สอบพยาน,,5,2026-01-29 16:53:02,มานพ ธงชัย,กลุ่มงานปราบปรามการทุจริตในองค์กรปกครองส่วนท้องถิ่น 2,กองปราบปรามการทุจริตในภาครัฐ 4,จองสำเร็จ,2026-01-29 16:53:02
1636,2026-02-04,10:30-14:00,ห้องประชุม(กยผ),ประชุมหารือการจัดหา External Hard Disk,ผอ.กยผ.,10,2026-02-04 08:09:53,อุรารัตน์ คงเกลี้ยง,กลุ่มงานแผนงานและงบประมาณ,กองยุทธศาสตร์และแผนงาน,จองสำเร็จ,2026-02-04 08:22:10
1637,2026-02-04,12:00-16:30,Zoom Meeting Room 1,ประชุมคณะกรรมการคัดเลือกข้าราชการพลเรือนดีเด่นประจำปี พ.ศ. 2568,พ.ต.ท. สิริพงษ์ ศรีตุลา,10,2026-02-02 11:00:06,ตะวัน ราชไลกิจ,กลุ่มงานบริหารงานบุคคล,สำนักงานเลขาธิการ,จองสำเร็จ,2026-02-02 11:00:06
1638,2026-02-04,13:30-15:30,ห้องประชุมคณะกรรมการ,ประชุมอนุไต่สวนเบื้องต้น,นายพิทยา บุญชู,11,2026-01-16 18:54:35,ปิยะนุช ชูเมือง,กลุ่มงานคำวินิจฉัยและมติคณะกรรมการ,กองบริหารคดี,จองสำเร็จ,2026-01-16 18:54:35
1639,2026-02-04,14:00-15:30,OneConferenceRoom 2,ประชุมคณะอนุกรรมการไต่สวน,นางกรชนก บุญทอง,1,2026-02-03 10:21:29,ธีรานนท์ หนูรอด,กลุ่มงานปราบปรามการทุจริตในภาครัฐ 2,สำนักงานป้องกันและปราบปรามการทุจริตในภาครัฐ เขต 9,จองสำเร็จ,2026-02-03 10:21:29
1640,2026-02-05,08:00-13:00,Zoom Meeting Room 1,ประชุมคณะกรรมการพิจารณาข้อมูลข่าวสารของสำนักงาน ป.ป.ท.,รองเลขาธิการคณะกรรมการ ป.ป.ท.,20,2026-01-29 09:29:19,จิรวดี จินดาพล,กลุ่มงานกฎหมาย,กองกฎหมาย,จองสำเร็จ,2026-01-29 09:29:19
1641,2026-02-05,08:00-17:00,ห้องประชุม (กปท.4),ไต่สวน,สหราช,1,2026-02-04 13:58:08,สมศักดิ์ ทองประดับ,กลุ่มงานปราบปรามการทุจริตในองค์กรปกครองส่วนท้องถิ่น 2,กองปราบปรามการทุจริตในภาครัฐ 4,จองสำเร็จ,2026-02-04 13:58:08
1642,2026-02-05,09:00-13:00,ห้องประชุม 2 (ห้องเล็ก),คณะกรรมการพิจารณาข้อมูลข่าวสาร,รองเลขาธิการคณะกรรมการ ป.ป.ท.,15,2026-01-29 09:26:51,จิรวดี จินดาพล,กลุ่มงานกฎหมาย,กองกฎหมาย,จองสำเร็จ,2026-01-29 09:26:51
1643,2026-02-05,09:00-17:00,ห้องไต่สวน1,ไต่สวน,,1,2026-01-05 18:19:40,พูนทรัพย์ เตชะเกียรติสุจิตร,กลุ่มงานปราบปรามการทุจริตกระทรวงด้านความมั่นคง 1,กองปราบปรามการทุจริตในภาครัฐ 1,จองสำเร็จ,2026-01-05 18:19:40
1644,2026-02-05,09:00-16:00,ห้องไต่สวน2,สอบพยาน,,1,2026-01-07 14:03:44,ดวงใจ เชยชม,กลุ่มงานปราบปรามการทุจริตในองค์กรปกครองส่วนท้องถิ่น 1,กองปราบปรามการทุจริตในภาครัฐ 4,จองสำเร็จ,2026-01-07 14:03:44
1645,2026-02-05,09:00-16:30,ห้องไต่สวน3,สอบปากคำผู้ร้อง,,3,2026-01-22 15:41:43,เริงจิตร ฉิมพินิจ,กลุ่มงานปราบปรามการทุจริตกระทรวงด้านความมั่นคง 1,กองปราบปรามการทุจริตในภาครัฐ 1,จองสำเร็จ,2026-01-22 15:41:43
1646,2026-02-05,09:00-16:30,ห้องไต่สวน4,ประชุมคณะอนุกรรมการไต่สวน,พ.ต.ท.ชัยวิณ เสมาทอง,3,2026-02-03 13:57:56,ดารณี ปฐมโยธิน,กลุ่มงานปราบปรามการทุจริตกระทรวงด้านความมั่นคง 2,กองปราบปรามการทุจริตในภาครัฐ 1,จองสำเร็จ,2026-02-03 13:58:50
1647,2026-02-05,09:00-12:00,Zoom Meeting Room 2,ปรับปรุงแจ้งเกณฑ์การประเมินผลการดำเนินงานโครงการ ประจำปีงบประมาณ 2569,นายเอกชัย เกษมสุขธวัช,10,2026-02-03 16:10:53,พลอยศมน เอี่ยมศิลา,กลุ่มงานส่งเสริมธรรมาภิบาลในภาครัฐ,กองป้องกันการทุจริตในภาครัฐ,จองสำเร็จ,2026-02-03 16:10:53
1648,2026-02-05,09:30-12:00,ห้องประชุม(ห้องเล็ก 31),ปรับปรุงแจ้งเกณฑ์การประเมินผลการดำเนินงานโครงการ 2569,นายเอกชัย เกษมสุขธวัช,10,2026-02-03 16:30:37,พลอยศมน เอี่ยมศิลา,กลุ่มงานส่งเสริมธรรมาภิบาลในภาครัฐ,กองป้องกันการทุจริตในภาครัฐ,จองสำเร็จ,2026-02-03 16:30:37
1649,2026-02-05,10:00-13:00,ห้องประชุม(กยผ),ประชุมคณะกรรมการตรวจรับฯ ศบช. ปีงบ68 ตรวจเอกสาร,,10,2026-01-28 16:33:51,นพณัช นิลสนธิ,กลุ่มความร่วมมือและพัฒนานวัตกรรมความโปร่งใสในภาครัฐ,กองการต่างประเทศ,จองสำเร็จ,2026-01-28 16:33:51
1650,2026-02-05,13:00-17:00,ห้องประชุม(กยผ),คณะกรรมการตรวจรับพัสดุในงานจ้างที่ปรึกษา,,5,2026-02-05 12:11:41,นพณัช นิลสนธิ,กลุ่มความร่วมมือและพัฒนานวัตกรรมความโปร่งใสในภาครัฐ,กองการต่างประเทศ,จองสำเร็จ,2026-02-05 12:11:41
1651,2026-02-06,06:00-17:00,ห้องไต่สวน1,ไต่สวน,,1,2026-01-22 09:27:59,อภิรักษ์ คงคาเพชร,กลุ่มงานปราบปรามการทุจริตในองค์กรปกครองส่วนท้องถิ่น 2,กองปราบปรามการทุจริตในภาครัฐ 4,จองสำเร็จ,2026-01-22 09:27:59
1652,2026-02-06,08:00-17:00,ห้องไต่สวน4,ไต่สวนเบื้องต้น,,1,2026-01-28 08:17:55,มะลิไล แก้วมาดีงาม,กลุ่มงานปราบปรามการทุจริตหน่วยงานไม่สังกัดกระทรวง ทบวง สำนักนายกรัฐมนตรี,กองปราบปรามการทุจริตในภาครัฐ 5,จองสำเร็จ,2026-01-28 08:17:55
1653,2026-02-06,08:30-16:30,ห้องประชุม 2 (ห้องเล็ก),ประชุมคณะอนุกรรมการกลั่นกรองฯ คณะที่ 3 ครั้งที่ 35-5/2569,นายภาส ภาสสัทธา,9,2026-01-12 12:01:53,นงค์ลักษณ์ ยั่งยืน,กลุ่มงานคำวินิจฉัยและมติคณะกรรมการ,กองบริหารคดี,จองสำเร็จ,2026-01-12 12:01:53
1654,2026-02-06,09:00-17:00,ห้องไต่สวน2,สอบถ้อยคำพยาน,,1,2026-01-30 10:49:59,วลัยพร พ่วงเจริญ,กลุ่มงานปราบปรามการทุจริตในองค์กรปกครองส่วนท้องถิ่น 2,กองปราบปรามการทุจริตในภาครัฐ 4,จองสำเร็จ,2026-01-30 10:49:59
1655,2026-02-06,09:00-12:00,ห้องไต่สวน3,สอบถ้อยคำผู้กล่าวหา-พยาน,,2,2026-01-30 09:48:56,กุลเชษฐ บกสกุล,กลุ่มงานปราบปรามคดีพิเศษ,กองอำนวยการต่อต้านการทุจริต,จองสำเร็จ,2026-01-30 09:48:56
1656,2026-02-06,09:00-16:30,ห้องประชุม (กปท.4),คณะกรรมการตรวจรับพัสดุในงานจ้างที่ปรึกษา,,1,2026-02-06 08:34:37,นพณัช นิลสนธิ,กลุ่มความร่วมมือและพัฒนานวัตกรรมความโปร่งใสในภาครัฐ,กองการต่างประเทศ,จองสำเร็จ,2026-02-06 08:34:37
1657,2026-02-06,09:30-16:30,ห้องประชุม(กยผ),ประชุมคณะกรรมการจัดจ้างที่ปรึกษาฯ ครั้งที่ 2,นางสาววรัญญาฯ,5,2026-01-22 09:30:31,แพรววนิต เวียงมูล,กลุ่มความร่วมมือและพัฒนานวัตกรรมความโปร่งใสในภาครัฐ,กองการต่างประเทศ,จองสำเร็จ,2026-01-22 09:30:31
1658,2026-02-06,12:00-16:00,ห้องประชุม 1 (ห้องใหญ่),รับรอง กพค ตร,,30,2026-01-13 13:14:25,ลลิตตา พานิชผล,กลุ่มงานบริหารคดีและบริหารทั่วไป,กองบริหารคดี,จองสำเร็จ,2026-01-13 13:14:25
1659,2026-02-06,13:00-17:00,ห้องไต่สวน3,ไต่สวน,,1,2026-02-03 13:59:17,พูนทรัพย์ เตชะเกียรติสุจิตร,กลุ่มงานปราบปรามการทุจริตกระทรวงด้านความมั่นคง 1,กองปราบปรามการทุจริตในภาครัฐ 1,จองสำเร็จ,2026-02-03 13:59:17
1660,2026-02-06,14:00-16:00,ห้องประชุม(ห้องเล็ก 31),โครงการ PACC E-Learning,,5,2026-02-04 11:50:18,ปิยนุช จันทน์สุคนธ์,กลุ่มงานวิชาการและพัฒนานวัตกรรมด้านการป้องกัน,กองป้องกันการทุจริตในภาครัฐ,จองสำเร็จ,2026-02-04 11:50:18
1661,2026-02-06,14:00-16:00,Zoom Meeting Room 9,โครงการ PACC E-Learning,,3,2026-02-04 11:50:18,ปิยนุช จันทน์สุคนธ์,กลุ่มงานวิชาการและพัฒนานวัตกรรมด้านการป้องกัน,กองป้องกันการทุจริตในภาครัฐ,จองสำเร็จ,2026-02-04 11:50:18
1662,2026-02-09,08:00-17:00,ห้องไต่สวน1,สอบถ้อยคำพยาน,,1,2026-02-06 10:54:20,เพชรรพี จรัสเจษฎา,กลุ่มงานปราบปรามการทุจริตหน่วยงานในสังกัดสำนักนายกรัฐมนตรี,กองปราบปรามการทุจริตในภาครัฐ 5,จองสำเร็จ,2026-02-06 10:54:20
1663,2026-02-09,09:00-16:30,ห้องประชุม 2 (ห้องเล็ก),การประชุมคณะอนุกรรมการกลั่นกรองฯ คณะที่ 4,พลโท กิตติยุทธ  กิตติยุทธโยธิน,9,2026-01-14 13:41:00,ณัฐฐพิชา นาวินธรรม,กลุ่มงานคำวินิจฉัยและมติคณะกรรมการ,กองบริหารคดี,จองสำเร็จ,2026-01-14 13:41:00
1664,2026-02-09,09:00-16:00,ห้องประชุม(กยผ),ประชุมคณะกรรมการจัดจ้างที่ปรึกษาฯ (ศบช.),,5,2026-02-02 16:32:18,แพรววนิต เวียงมูล,กลุ่มความร่วมมือและพัฒนานวัตกรรมความโปร่งใสในภาครัฐ,กองการต่างประเทศ,จองสำเร็จ,2026-02-02 16:32:18
1665,2026-02-09,09:00-16:30,OneConferenceRoom 1,การประชุมคณะอนุกรรมการกลั่นกรองฯ คณะที่ 4,พลโท กิตติยุทธ  กิตติยุทธโยธิน,9,2026-01-14 13:41:00,ณัฐฐพิชา นาวินธรรม,กลุ่มงานคำวินิจฉัยและมติคณะกรรมการ,กองบริหารคดี,จองสำเร็จ,2026-01-14 13:41:00
1666,2026-02-09,13:30-15:45,OneConferenceRoom 3,ขอประชุมคณะอนุกรรมการไต่สวนเรื่องที่ 016112ุึ,นานสุภาพ ศิริ,3,2026-02-04 17:40:36,โฆษิต เฮงจำรัส,กลุ่มงานปราบปรามการทุจริตในภาครัฐ 1,สำนักงานป้องกันและปราบปรามการทุจริตในภาครัฐ เขต 6,จองสำเร็จ,2026-02-04 17:40:36
1667,2026-02-10,08:00-17:00,Zoom Meeting Room 1,การประชุมคณะกรรมการบริหารจัดการความเสี่ยงระดับองค์กร ของสำนักงานคณะกรรมการป้องกัน และปราบปรามการทุจริตในภาครัฐ,เลขาธิการ ป.ป.ท.,1,2026-02-02 10:08:01,อัมมรรัตน์ หุ่นทอง,กลุ่มพัฒนาระบบบริหาร,กลุ่มพัฒนาระบบบริหาร,จองสำเร็จ,2026-02-02 10:11:00
1668,2026-02-10,08:00-17:00,ห้องประชุม 1 (ห้องใหญ่),การประชุมคณะกรรมการบริหารจัดการความเสี่ยงระดับองค์กร ของสำนักงานคณะกรรมการป้องกัน และปราบปรามการทุจริตในภาครัฐ,เลขาธิการคณะกรรมการ ป.ป.ท.,1,2026-02-05 10:52:10,อัมมรรัตน์ หุ่นทอง,กลุ่มพัฒนาระบบบริหาร,กลุ่มพัฒนาระบบบริหาร,จองสำเร็จ,2026-02-05 10:52:10
1669,2026-02-10,08:30-16:00,ห้องไต่สวน1,สอบปากคำผู้ร้อง,,3,2026-01-26 07:30:06,เริงจิตร ฉิมพินิจ,กลุ่มงานปราบปรามการทุจริตกระทรวงด้านความมั่นคง 1,กองปราบปรามการทุจริตในภาครัฐ 1,จองสำเร็จ,2026-01-26 07:30:06
1670,2026-02-10,08:30-12:30,OneConferenceRoom 1,ประชุมคณะกรรมการ ป.ป.ท. ประจำเดือน กุมภาภพันธ์ 2569 ครั้งที่ 11/2569,นายอำนาจ พวงชมภู,20,2026-01-20 11:34:56,ลลิตตา พานิชผล,กลุ่มงานบริหารคดีและบริหารทั่วไป,กองบริหารคดี,จองสำเร็จ,2026-01-20 11:34:56
1671,2026-02-10,08:30-12:30,ห้องประชุมคณะกรรมการ,ประชุมคณะกรรมการ ป.ป.ท. ประจำเดือน กุมภาพันธ์ 2569ครั้งที่ 11/2569,นายอำนาจ พวงชมภู,20,2026-01-20 11:27:28,ลลิตตา พานิชผล,กลุ่มงานบริหารคดีและบริหารทั่วไป,กองบริหารคดี,จองสำเร็จ,2026-01-20 11:27:28
1672,2026-02-10,09:00-18:00,ห้องประชุม(กยผ),ประชุมวิเคราะห์ผลคะแนน CPI ปี 2025,กองนวัตกรรมและความโปร่งใสในภาครัฐ,1,2026-01-30 14:14:07,สรพงษ์ กุ้ยบำรุง,กลุ่มความร่วมมือและพัฒนานวัตกรรมความโปร่งใสในภาครัฐ,กองการต่างประเทศ,จองสำเร็จ,2026-01-30 14:14:07
1673,2026-02-10,10:00-12:00,Zoom Meeting Room 3,ประชุมคณะทำงานการจัดการความรู้ (KM) ปปท.เขต ๔,นายสวัสดิ์ นาสมฝัน,6,2026-02-09 14:59:00,ทัศนีย์ แสนลี,กลุ่มงานปราบปรามการทุจริตในภาครัฐ 3,สำนักงานป้องกันและปราบปรามการทุจริตในภาครัฐ เขต 4,จองสำเร็จ,2026-02-09 14:59:00
1674,2026-02-10,13:00-15:00,Zoom Meeting Room 2,ประชุม ผอ.กลุ่มงานฯ ป้องกันเชิงรุก,,5,2026-02-06 15:40:13,แก้วกาญจน์ ป้อมอุ่นเรือน,กลุ่มงานบริหารคดีและบริหารทั่วไป,สำนักงานป้องกันและปราบปรามการทุจริตในภาครัฐ เขต 3,จองสำเร็จ,2026-02-06 15:40:13
1675,2026-02-11,08:00-12:00,ห้องไต่สวน2,ไต่สวนเบื้องต้น0160/2568,,3,2026-01-28 16:08:25,นรินยา สุภาพพูล,กลุ่มงานปราบปรามการทุจริตในองค์กรปกครองส่วนท้องถิ่น 2,กองปราบปรามการทุจริตในภาครัฐ 4,จองสำเร็จ,2026-01-28 16:08:25
1676,2026-02-11,08:30-16:00,ห้องไต่สวน1,สอบพยาน,,1,2026-02-09 12:44:52,ประภัสรา นิลจันทึก,กลุ่มงานปราบปรามการทุจริตในองค์กรปกครองส่วนท้องถิ่น 2,กองปราบปรามการทุจริตในภาครัฐ 4,จองสำเร็จ,2026-02-09 12:44:52
1677,2026-02-11,08:30-12:00,OneConferenceRoom 1,ประชุมคณะกรรมการ ป.ป.ท. ประจำเดือน กุมภาพันธ์ 2569 ครั้งที่ 12/2569,นายอำนาจ พวงชมภู,20,2026-01-20 11:38:21,ลลิตตา พานิชผล,กลุ่มงานบริหารคดีและบริหารทั่วไป,กองบริหารคดี,จองสำเร็จ,2026-01-20 11:38:21
1678,2026-02-11,08:30-12:00,ห้องประชุมคณะกรรมการ,ประชุมคณะกรรมการ ป.ป.ท. ประจำเดือน กุมภาพันธ์ 2569 ครั้งที่ 12/2569,,20,2026-01-20 11:35:58,ลลิตตา พานิชผล,กลุ่มงานบริหารคดีและบริหารทั่วไป,กองบริหารคดี,จองสำเร็จ,2026-01-20 11:49:16
1679,2026-02-11,09:00-12:00,ห้องประชุม(กยผ),ประชุมวิเคราะห์ผลคะแนน CPI ปี 2025,,1,2026-02-11 08:38:56,สรพงษ์ กุ้ยบำรุง,กลุ่มความร่วมมือและพัฒนานวัตกรรมความโปร่งใสในภาครัฐ,กองการต่างประเทศ,จองสำเร็จ,2026-02-11 08:38:56
1680,2026-02-11,10:15-16:30,ห้องไต่สวน3,สอบพยาน,,5,2026-02-11 09:46:24,สุนิสา รักษา,กลุ่มงานปราบปรามการทุจริตในองค์กรปกครองส่วนท้องถิ่น 1,กองปราบปรามการทุจริตในภาครัฐ 4,จองสำเร็จ,2026-02-11 09:46:24
1681,2026-02-12,08:00-17:00,ห้องไต่สวน1,สอบพยาน,,10,2026-02-03 13:40:22,สาริกา หันจางสิทธิ์,กลุ่มงานปราบปรามการทุจริตในองค์กรปกครองส่วนท้องถิ่น 2,กองปราบปรามการทุจริตในภาครัฐ 4,จองสำเร็จ,2026-02-03 13:40:22
1682,2026-02-12,08:00-17:00,ห้องไต่สวน2,สอบถ้อยคำพยาน,,5,2026-01-22 10:44:29,เพชรรพี จรัสเจษฎา,กลุ่มงานปราบปรามการทุจริตหน่วยงานในสังกัดสำนักนายกรัฐมนตรี,กองปราบปรามการทุจริตในภาครัฐ 5,จองสำเร็จ,2026-01-22 10:44:29
1683,2026-02-12,08:00-17:00,ห้องไต่สวน3,สอบปากคำ,,4,2026-01-28 14:22:01,กรีฑา พิทักษ์วงศ์,กลุ่มงานปราบปรามการทุจริตในองค์กรปกครองส่วนท้องถิ่น 2,กองปราบปรามการทุจริตในภาครัฐ 4,จองสำเร็จ,2026-01-28 14:22:01
1684,2026-02-12,08:00-17:00,ห้องประชุม(กยผ),คณะกรรมการตรวจรับพัสดุในงานจ้างที่ปรึกษา,,5,2026-02-09 09:31:50,นพณัช นิลสนธิ,กลุ่มความร่วมมือและพัฒนานวัตกรรมความโปร่งใสในภาครัฐ,กองการต่างประเทศ,จองสำเร็จ,2026-02-09 09:31:50
1685,2026-02-12,08:30-16:30,ห้องไต่สวน4,ไต่สวน,,3,2026-01-27 11:14:14,พรรณนิภา อารยะทรงศักดิ์,กลุ่มงานปราบปรามการทุจริตหน่วยงานไม่สังกัดกระทรวง ทบวง สำนักนายกรัฐมนตรี,กองปราบปรามการทุจริตในภาครัฐ 5,จองสำเร็จ,2026-01-27 11:14:14
1686,2026-02-12,09:00-12:00,Zoom Meeting Room 1,ประชุม คทง ECMIS ครั้งที่ 2/2569,,20,2026-02-09 11:42:18,ลลิตตา พานิชผล,กลุ่มงานบริหารคดีและบริหารทั่วไป,กองบริหารคดี,จองสำเร็จ,2026-02-09 11:42:18
1687,2026-02-12,09:00-12:00,ห้องประชุม 1 (ห้องใหญ่),ประชุม คทง ECMIS,,20,2026-02-09 10:51:42,ลลิตตา พานิชผล,กลุ่มงานบริหารคดีและบริหารทั่วไป,กองบริหารคดี,จองสำเร็จ,2026-02-09 10:51:42
1688,2026-02-12,09:30-12:30,ห้องประชุม (กปท.4),สอบพยาน,สุนิสา รักษา,1,2026-02-03 16:16:55,สุนิสา รักษา,กลุ่มงานปราบปรามการทุจริตในองค์กรปกครองส่วนท้องถิ่น 1,กองปราบปรามการทุจริตในภาครัฐ 4,จองสำเร็จ,2026-02-03 16:16:55
1689,2026-02-12,12:00-15:00,Zoom Meeting Room 9,ประชุมคณะกรรมการสวัสดิการฯ,พ.ต.ท. สิริพงษ์ ศรีตุลา,15,2026-02-11 13:43:32,ตะวัน ราชไลกิจ,กลุ่มงานบริหารงานบุคคล,สำนักงานเลขาธิการ,จองสำเร็จ,2026-02-11 13:43:32
1690,2026-02-12,14:00-16:30,OneConferenceRoom 1,ประชุมคณะอนุกรรมการไต่สวนฯ เรื่องที่ 113196/2559,นายประจญ  กลมกลึง,2,2026-02-12 13:33:02,วัชรินทร์ เมฆอับ,กลุ่มงานปราบปรามการทุจริตในภาครัฐ 1,สำนักงานป้องกันและปราบปรามการทุจริตในภาครัฐ เขต 6,จองสำเร็จ,2026-02-12 13:33:02
1691,2026-02-13,08:00-12:00,Zoom Meeting Room 1,คณะอนุกรรมการพิจารณากลั่นกรองการเปิดเผยข้อมูลข่าวสาร,,16,2026-02-06 16:21:37,อานนท์ ชนประชา,กลุ่มงานความเห็นแย้ง,กองกฎหมาย,จองสำเร็จ,2026-02-06 16:21:37
1692,2026-02-13,08:00-12:00,ห้องประชุม 2 (ห้องเล็ก),คณะอนุกรรมการพิจารณากลั่นกรองการเปิดเผยข้อมูลข่าวสาร,,16,2026-02-06 16:19:34,อานนท์ ชนประชา,กลุ่มงานความเห็นแย้ง,กองกฎหมาย,จองสำเร็จ,2026-02-06 16:19:34
1693,2026-02-13,08:00-17:00,ห้องไต่สวน4,ไต่สวนเบื้องต้น,,1,2026-01-30 16:27:13,มะลิไล แก้วมาดีงาม,กลุ่มงานปราบปรามการทุจริตหน่วยงานไม่สังกัดกระทรวง ทบวง สำนักนายกรัฐมนตรี,กองปราบปรามการทุจริตในภาครัฐ 5,จองสำเร็จ,2026-01-30 16:27:13
1694,2026-02-13,08:00-17:00,ห้องประชุม(กยผ),คณะกรรมการตรวจรับพัสดุในงานจ้างที่ปรึกษา,,5,2026-02-09 09:32:26,นพณัช นิลสนธิ,กลุ่มความร่วมมือและพัฒนานวัตกรรมความโปร่งใสในภาครัฐ,กองการต่างประเทศ,จองสำเร็จ,2026-02-09 09:32:26
1695,2026-02-13,08:30-12:30,ห้องไต่สวน2,บันทึกถ้อยคำพยาน,,1,2026-02-04 09:17:57,กฤตพล นาคช่วย,กลุ่มงานปราบปรามการทุจริตกระทรวงด้านความมั่นคง 2,กองปราบปรามการทุจริตในภาครัฐ 1,จองสำเร็จ,2026-02-04 09:17:57
1696,2026-02-13,08:30-16:30,ห้องไต่สวน3,ไต่สวน,,5,2026-02-06 08:36:18,วิชาญ พิเนตรเสถียร,กลุ่มงานปราบปรามการทุจริตหน่วยงานไม่สังกัดกระทรวง ทบวง สำนักนายกรัฐมนตรี,กองปราบปรามการทุจริตในภาครัฐ 5,จองสำเร็จ,2026-02-06 08:36:18
1697,2026-02-13,08:30-17:00,ห้องประชุม (กปท.4),ประชุมคณะอนุกรรมการไต่สวน,,5,2026-02-03 13:34:10,อนาวิล เกตพันธ์,กลุ่มงานปราบปรามการทุจริตในองค์กรปกครองส่วนท้องถิ่น 1,กองปราบปรามการทุจริตในภาครัฐ 4,จองสำเร็จ,2026-02-11 14:17:50
1698,2026-02-13,09:00-16:30,ห้องไต่สวน1,ไต่สวน,,3,2026-01-13 08:56:51,พูนทรัพย์ เตชะเกียรติสุจิตร,กลุ่มงานปราบปรามการทุจริตกระทรวงด้านความมั่นคง 1,กองปราบปรามการทุจริตในภาครัฐ 1,จองสำเร็จ,2026-01-13 08:56:51
1699,2026-02-13,09:30-12:00,OneConferenceRoom 1,ประชุมคดีไต่สวน,นายภาส ภาสสรัทธา,5,2026-01-16 14:26:36,มนัสวัลย์ ก้อนทอง,กลุ่มงานปราบปรามการทุจริตในรัฐวิสาหกิจ 1,กองปราบปรามการทุจริตในภาครัฐ 3,จองสำเร็จ,2026-01-16 14:27:56
1700,2026-02-15,07:00-22:00,Zoom Meeting Room 1,เตรียมสอบท้องถิ่น,นายสุภาพ ศิริ,20,2026-02-13 13:08:27,วชิรวิทย์ ทองฤกษ์,กลุ่มงานป้องกันการทุจริตในภาครัฐ,สำนักงานป้องกันและปราบปรามการทุจริตในภาครัฐ เขต 8,จองสำเร็จ,2026-02-13 13:08:27
1701,2026-02-16,08:00-17:00,ห้องไต่สวน1,สอบพยาน,,3,2026-02-03 16:14:02,วรินยุพา นำนาผล,กลุ่มงานปราบปรามการทุจริตในองค์กรปกครองส่วนท้องถิ่น 1,กองปราบปรามการทุจริตในภาครัฐ 4,จองสำเร็จ,2026-02-03 16:14:02
1702,2026-02-16,08:00-17:00,ห้องไต่สวน3,สอบผู้ร้อง,,1,2026-02-09 10:21:34,ศรัทธา ศรมณี,กลุ่มงานปราบปรามการทุจริตหน่วยงานไม่สังกัดกระทรวง ทบวง สำนักนายกรัฐมนตรี,กองปราบปรามการทุจริตในภาครัฐ 5,จองสำเร็จ,2026-02-09 10:21:34
1703,2026-02-16,08:00-17:00,ห้องไต่สวน4,แจ้งข้อกล่าวหา,,1,2026-02-02 14:52:43,ชรินดา มีแป้น,กลุ่มงานปราบปรามการทุจริตหน่วยงานในสังกัดสำนักนายกรัฐมนตรี,กองปราบปรามการทุจริตในภาครัฐ 5,จองสำเร็จ,2026-02-02 14:52:43
1704,2026-02-16,08:00-17:00,ห้องประชุม (กปท.4),ประชุมคดีไต่สวนฯ,ท่านตรีสินธ์ุ,1,2026-02-10 10:28:47,สมศักดิ์ ทองประดับ,กลุ่มงานปราบปรามการทุจริตในองค์กรปกครองส่วนท้องถิ่น 2,กองปราบปรามการทุจริตในภาครัฐ 4,จองสำเร็จ,2026-02-10 10:28:47
1705,2026-02-16,08:30-15:00,ห้องไต่สวน2,ไต่สวนเบื้องต้น,,3,2026-02-05 10:32:48,พรพรรณ พรมมา,กลุ่มงานปราบปรามการทุจริตหน่วยงานในสังกัดสำนักนายกรัฐมนตรี,กองปราบปรามการทุจริตในภาครัฐ 5,จองสำเร็จ,2026-02-05 10:32:48
1706,2026-02-16,09:00-12:00,Zoom Meeting Room 1,"ประชุมคณะอนุกรรมการพิจารณาเกณฑ์การประเมิน และผลการประเมินความเสี่ยงการทุจริตตามเกณฑ์การประเมินเชิงคุณภาพ ""ระบบการบริหารจัดการความเสี่ยงการทุจริต"" (Corruption Risk Management Systems : CRMS) ครั้งที่ 1/2569",พันตำรวจโทสิริพงษ์ ศรีตุลา,10,2026-02-02 10:14:45,กฤษฏ์ ธวัชชัยวิสุทธิ์,กลุ่มงานปราบปรามการทุจริตหน่วยงานไม่สังกัดกระทรวง ทบวง สำนักนายกรัฐมนตรี,กองปราบปรามการทุจริตในภาครัฐ 5,จองสำเร็จ,2026-02-02 10:14:45
1707,2026-02-16,09:30-12:00,ห้องประชุม 2 (ห้องเล็ก),"ประชุมคณะอนุกรรมการพิจารณาเกณฑ์การประเมิน และผลการประเมินความเสี่ยงการทุจริตตามเกณฑ์การประเมินเชิงคุณภาพ ""ระบบการบริหารจัดการความเสี่ยงการทุจริต"" (Corruption Risk Management Systems : CRMS) ครั้งที่ 1/2569",พันตำรวจโทสิริพงษ์ ศรีตุลา,20,2026-02-02 10:13:42,กฤษฏ์ ธวัชชัยวิสุทธิ์,กลุ่มงานปราบปรามการทุจริตหน่วยงานไม่สังกัดกระทรวง ทบวง สำนักนายกรัฐมนตรี,กองปราบปรามการทุจริตในภาครัฐ 5,จองสำเร็จ,2026-02-02 10:13:42
1708,2026-02-16,09:30-16:30,ห้องประชุมคณะกรรมการ,ประชุมคณะอนุกรรมการกลั่นกรองฯ คณะที่ 5 ครั้งที่ 27-4/2569,นายประพาฬ อนมาน,9,2026-01-19 15:05:37,พิศาล เฝื่อชาติ,กลุ่มงานคำวินิจฉัยและมติคณะกรรมการ,กองบริหารคดี,จองสำเร็จ,2026-01-19 15:05:37
1709,2026-02-16,15:00-16:30,ห้องประชุม 2 (ห้องเล็ก),การประชุมเตรียมความพร้อม PIIs,,10,2026-02-10 15:26:13,ภูธนิตย์ สุขจิตร์,ฝ่ายบริหารทั่วไป,กองการต่างประเทศ,จองสำเร็จ,2026-02-10 15:26:13
1710,2026-02-17,08:00-17:00,ห้องไต่สวน4,สอบปากคำพยาน,,1,2026-02-02 14:51:32,ชรินดา มีแป้น,กลุ่มงานปราบปรามการทุจริตหน่วยงานในสังกัดสำนักนายกรัฐมนตรี,กองปราบปรามการทุจริตในภาครัฐ 5,จองสำเร็จ,2026-02-02 14:51:32
1711,2026-02-17,08:00-17:00,ห้องประชุม (กปท.4),ประชุมกสถ.,ผอ.กปท.4,1,2026-02-16 16:26:37,สมศักดิ์ ทองประดับ,กลุ่มงานปราบปรามการทุจริตในองค์กรปกครองส่วนท้องถิ่น 2,กองปราบปรามการทุจริตในภาครัฐ 4,จองสำเร็จ,2026-02-16 16:26:37
1712,2026-02-17,08:30-12:00,OneConferenceRoom 1,ประชุมคณะกรรมการ ป.ป.ท. ประจำเดือน กุมภาพันธ์ 2569 ครั้งที่ 13/2569,,20,2026-01-20 11:47:48,ลลิตตา พานิชผล,กลุ่มงานบริหารคดีและบริหารทั่วไป,กองบริหารคดี,จองสำเร็จ,2026-01-20 11:47:48
1713,2026-02-17,08:30-12:00,ห้องประชุมคณะกรรมการ,ประชุมคณะกรรมการ ป.ป.ท. ประจำเดือน กุมภาพันธ์ 2569 ครั้งที่ 13/2569,นายอำนาจ พวงชมภู,20,2026-01-20 11:42:31,ลลิตตา พานิชผล,กลุ่มงานบริหารคดีและบริหารทั่วไป,กองบริหารคดี,จองสำเร็จ,2026-01-20 11:42:31
1714,2026-02-17,09:00-16:30,ห้องประชุม(กยผ),ประชุมร่วมกับ ปปท. เขต 8,,5,2026-02-13 09:42:42,สรพงษ์ กุ้ยบำรุง,กลุ่มความร่วมมือและพัฒนานวัตกรรมความโปร่งใสในภาครัฐ,กองการต่างประเทศ,จองสำเร็จ,2026-02-13 09:42:42
1715,2026-02-17,10:00-12:00,Zoom Meeting Room 1,ประชุมคณะทำงานการจัดการความรู้ (KM) ปปท.เขต ๔,นายสวัสดิ์ นาสมฝัน,30,2026-02-11 10:59:54,ทัศนีย์ แสนลี,กลุ่มงานปราบปรามการทุจริตในภาครัฐ 3,สำนักงานป้องกันและปราบปรามการทุจริตในภาครัฐ เขต 4,จองสำเร็จ,2026-02-11 10:59:54
1716,2026-02-17,14:30-16:30,ห้องประชุม(ห้องเล็ก 31),ประชุม TOR การจัดประชุมเชิงปฏิบัติการ กิจกรรม 1.2 ภายใต้โครงการเชิงรุกฯ 2569,นางสาวทิพากร คำเกิด,5,2026-02-17 09:27:55,พลอยศมน เอี่ยมศิลา,กลุ่มงานส่งเสริมธรรมาภิบาลในภาครัฐ,กองป้องกันการทุจริตในภาครัฐ,จองสำเร็จ,2026-02-17 09:28:23
1717,2026-02-17,14:30-16:30,Zoom Meeting Room 2,ประชุม TOR การจัดประชุมเชิงปฏิบัติการ กิจกรรม 1.2 ภายใต้โครงการเชิงรุกฯ 2569,นางสาวทิพากร คำเกิด,5,2026-02-17 09:30:56,พลอยศมน เอี่ยมศิลา,กลุ่มงานส่งเสริมธรรมาภิบาลในภาครัฐ,กองป้องกันการทุจริตในภาครัฐ,จองสำเร็จ,2026-02-17 09:30:56
1718,2026-02-18,08:00-17:00,ห้องไต่สวน2,ไต่สวน สอบปากคำพยาน,,3,2026-02-06 16:04:54,รัตติกาล ณ ราช,กลุ่มงานปราบปรามการทุจริตหน่วยงานในสังกัดสำนักนายกรัฐมนตรี,กองปราบปรามการทุจริตในภาครัฐ 5,จองสำเร็จ,2026-02-06 16:04:54
1719,2026-02-18,08:30-12:30,OneConferenceRoom 1,ประชุมคณะกรรมการ ป.ป.ท. ประจำเดือน กุมภาพันธ์ 2569 ครั้งที่ 14/2569,,20,2026-01-21 13:45:15,ลลิตตา พานิชผล,กลุ่มงานบริหารคดีและบริหารทั่วไป,กองบริหารคดี,จองสำเร็จ,2026-01-21 13:45:15
1720,2026-02-18,08:30-12:00,ห้องประชุมคณะกรรมการ,ประชุมคณะกรรมการ ป.ป.ท. ประจำเดือน กุมภาพันธ์ 2569 ครั้งที่ 14/2569,,20,2026-01-20 11:48:43,ลลิตตา พานิชผล,กลุ่มงานบริหารคดีและบริหารทั่วไป,กองบริหารคดี,จองสำเร็จ,2026-01-20 11:48:43
1721,2026-02-18,09:00-12:00,Zoom Meeting Room 1,การเปิดใช้งานระบบบริหารจัดการเรื่องร้องเรียน (PCMS) และระบบไต่สวนข้อเท็จจริง,เลขาธิการคณะกรรมการ ป.ป.ท.,30,2026-02-06 17:17:17,พิสิษฐ์ แก้วเกตุ,ศูนย์รับเรื่องร้องเรียน,กองบริหารคดี,จองสำเร็จ,2026-02-06 17:17:17
1722,2026-02-18,09:00-12:00,ห้องประชุม 1 (ห้องใหญ่),การเปิดใช้งานระบบบริหารจัดการเรื่องร้องเรียน (PCMS) และระบบไต่สวนข้อเท็จจริง,เลขาธิการคณะกรรมการ ป.ป.ท.,30,2026-02-06 17:17:17,พิสิษฐ์ แก้วเกตุ,ศูนย์รับเรื่องร้องเรียน,กองบริหารคดี,จองสำเร็จ,2026-02-06 17:17:17
1723,2026-02-18,13:00-17:00,ห้องไต่สวน3,สอบพยานบุคคล,-,1,2026-02-09 11:02:27,นรินยา สุภาพพูล,กลุ่มงานปราบปรามการทุจริตในองค์กรปกครองส่วนท้องถิ่น 2,กองปราบปรามการทุจริตในภาครัฐ 4,จองสำเร็จ,2026-02-09 11:02:27
1724,2026-02-18,13:00-16:00,ห้องไต่สวน4,ไต่สวนเบื้องต้น,,4,2026-02-18 12:35:56,พรพรรณ พรมมา,กลุ่มงานปราบปรามการทุจริตหน่วยงานในสังกัดสำนักนายกรัฐมนตรี,กองปราบปรามการทุจริตในภาครัฐ 5,จองสำเร็จ,2026-02-18 12:35:56
1725,2026-02-18,13:00-16:30,ห้องประชุม(ห้องเล็ก 31),ประชุมกอง กปท.2,-,20,2026-02-16 11:28:08,กมลวรรณ ศิริปรุ,ฝ่ายบริหารทั่วไป,กองป้องกันการทุจริตในภาครัฐ,จองสำเร็จ,2026-02-16 11:28:08
1726,2026-02-19,06:00-06:30,ห้องไต่สวน1,ไต่สวน,,1,2026-01-21 11:43:33,อภิรักษ์ คงคาเพชร,กลุ่มงานปราบปรามการทุจริตในองค์กรปกครองส่วนท้องถิ่น 2,กองปราบปรามการทุจริตในภาครัฐ 4,จองสำเร็จ,2026-01-21 11:43:33
1727,2026-02-19,08:00-17:00,ห้องไต่สวน4,ไต่สวน สอบปากคำพยาน,,1,2026-01-22 13:25:23,รัตติกาล ณ ราช,กลุ่มงานปราบปรามการทุจริตหน่วยงานในสังกัดสำนักนายกรัฐมนตรี,กองปราบปรามการทุจริตในภาครัฐ 5,จองสำเร็จ,2026-01-22 13:25:23
1728,2026-02-19,08:00-17:00,ห้องประชุม 1 (ห้องใหญ่),ประชุมคณะกรรมการกำหนดมาตรฐานความรู้ความสามารถ ทักษะ และสมรรถนะที่จำเป็นสำหรับข้าราชการสำนักงาน ป.ป.ท.,พ.ต.ท. สิริพงษ์ ศรีตุลา รองเลขาธิการฯ,1,2026-02-10 09:10:46,วิทยา สีดา,กลุ่มพัฒนาระบบบริหาร,กลุ่มพัฒนาระบบบริหาร,จองสำเร็จ,2026-02-10 09:10:46
1729,2026-02-19,08:30-16:30,ห้องประชุม 2 (ห้องเล็ก),ประชุมคณะอนุกรรมการกลั่นกรองฯ คณะที่ 7,นายพิพัฒน์ วงศาโรจน์,8,2026-01-15 16:43:42,ศิริวิมล พิมพ์โคตร,กลุ่มงานกิจการคณะกรรมการ,กองบริหารคดี,จองสำเร็จ,2026-01-15 16:43:42
1730,2026-02-19,08:30-16:30,ห้องไต่สวน3,ไต่สวน,,3,2026-01-27 11:15:45,พรรณนิภา อารยะทรงศักดิ์,กลุ่มงานปราบปรามการทุจริตหน่วยงานไม่สังกัดกระทรวง ทบวง สำนักนายกรัฐมนตรี,กองปราบปรามการทุจริตในภาครัฐ 5,จองสำเร็จ,2026-01-27 11:15:45
1731,2026-02-19,09:00-12:30,ห้องไต่สวน1,สอบพยาน,,1,2026-02-19 08:50:39,อนาวิล เกตพันธ์,กลุ่มงานปราบปรามการทุจริตในองค์กรปกครองส่วนท้องถิ่น 1,กองปราบปรามการทุจริตในภาครัฐ 4,จองสำเร็จ,2026-02-19 08:50:39
1732,2026-02-19,09:00-17:00,ห้องไต่สวน2,สอบพยาน,,4,2026-02-03 16:19:01,สุนิสา รักษา,กลุ่มงานปราบปรามการทุจริตในองค์กรปกครองส่วนท้องถิ่น 1,กองปราบปรามการทุจริตในภาครัฐ 4,จองสำเร็จ,2026-02-03 16:19:01
1733,2026-02-19,09:00-16:30,OneConferenceRoom 1,การประชุมคณะอนุกรรมการกลั่นกรองฯ คณะที่ 8,นายอดิศักดิ์ ปัตรวลี,8,2026-01-28 11:57:31,ณัฐฐพิชา นาวินธรรม,กลุ่มงานคำวินิจฉัยและมติคณะกรรมการ,กองบริหารคดี,จองสำเร็จ,2026-01-28 11:57:31
1734,2026-02-19,09:00-16:30,ห้องประชุมคณะกรรมการ,การประชุมคณะอนุกรรมการกลั่นกรองฯ คณะที่ 8,นายอดิศักดิ์ ปัตรวลี,8,2026-01-28 11:57:31,ณัฐฐพิชา นาวินธรรม,กลุ่มงานคำวินิจฉัยและมติคณะกรรมการ,กองบริหารคดี,จองสำเร็จ,2026-01-28 11:57:31
1735,2026-02-19,12:00-17:00,ห้องประชุม (กปท.4),สอบพยาน,,3,2026-02-19 08:55:35,อนาวิล เกตพันธ์,กลุ่มงานปราบปรามการทุจริตในองค์กรปกครองส่วนท้องถิ่น 1,กองปราบปรามการทุจริตในภาครัฐ 4,จองสำเร็จ,2026-02-19 08:55:35
1736,2026-02-19,13:00-17:00,ห้องไต่สวน1,ประชุมไต่สวน,,3,2026-02-18 11:17:33,ชัยนาท น้อยสอน,กลุ่มงานปราบปรามการทุจริตหน่วยงานในสังกัดสำนักนายกรัฐมนตรี,กองปราบปรามการทุจริตในภาครัฐ 5,จองสำเร็จ,2026-02-18 11:17:33
1737,2026-02-20,08:00-17:00,ห้องไต่สวน1,ไต่สวนเบื้องต้น,ไพรัตน์ ปัจจะวงษ์,1,2026-01-29 14:51:34,กาญจณา นาวิกนันทน์,กลุ่มงานปราบปรามการทุจริตกระทรวงด้านความมั่นคง 2,กองปราบปรามการทุจริตในภาครัฐ 1,จองสำเร็จ,2026-01-29 14:51:34
1738,2026-02-20,08:00-17:00,ห้องไต่สวน2,สอบพยาน,,3,2026-02-17 15:12:25,กรีฑา พิทักษ์วงศ์,กลุ่มงานปราบปรามการทุจริตในองค์กรปกครองส่วนท้องถิ่น 2,กองปราบปรามการทุจริตในภาครัฐ 4,จองสำเร็จ,2026-02-17 15:12:25
1739,2026-02-20,08:00-12:00,ห้องประชุม(ห้องเล็ก 31),บรรยาย  ศอบต.,กบส.,10,2026-02-19 17:18:32,พลอยศมน เอี่ยมศิลา,กลุ่มงานส่งเสริมธรรมาภิบาลในภาครัฐ,กองป้องกันการทุจริตในภาครัฐ,จองสำเร็จ,2026-02-19 17:18:32
1740,2026-02-20,08:30-16:30,ห้องไต่สวน4,ไต่สวน,,5,2026-01-15 10:39:58,วิชาญ พิเนตรเสถียร,กลุ่มงานปราบปรามการทุจริตหน่วยงานไม่สังกัดกระทรวง ทบวง สำนักนายกรัฐมนตรี,กองปราบปรามการทุจริตในภาครัฐ 5,จองสำเร็จ,2026-01-15 10:39:58
1741,2026-02-20,09:00-16:00,ห้องไต่สวน3,สอบพยาน,,4,2026-02-12 11:39:28,พงศ์ศักดิ์ น้ำขาว,กลุ่มงานปราบปรามการทุจริตหน่วยงานไม่สังกัดกระทรวง ทบวง สำนักนายกรัฐมนตรี,กองปราบปรามการทุจริตในภาครัฐ 5,จองสำเร็จ,2026-02-12 11:39:28
1742,2026-02-20,09:00-16:00,OneConferenceRoom 1,การประชุมคณะอนุกรรมการสนับสนุนเลขาธิการคณะกรรมการ ป.ป.ท.ฯ คณะที่ 2 ครั้งที่ 62-4/2569,พ.ต.ท.ชัยวิณ เสมาทอง,13,2026-01-19 15:43:34,กฤติยาวดี ณ ถลาง,กลุ่มงานกิจการคณะกรรมการ,กองบริหารคดี,จองสำเร็จ,2026-01-19 15:43:34
1743,2026-02-20,09:00-16:00,ห้องประชุมคณะกรรมการ,การประชุมคณะอนุกรรมการสนับสนุนเลขาธิการคณะกรรมการ ป.ป.ท.ฯ คณะที่ 2 ครั้งที่ 62-4/2569,พ.ต.ท.ชัยวิณ เสมาทอง,13,2026-01-19 15:43:34,กฤติยาวดี ณ ถลาง,กลุ่มงานกิจการคณะกรรมการ,กองบริหารคดี,จองสำเร็จ,2026-01-19 15:43:34
1744,2026-02-20,09:30-12:00,Zoom Meeting Room 6,กำกับติดตามสำนวน,นายเอกชัย เกษมสุขธวัช,50,2026-02-19 16:09:00,กนิษฐา แก้วสาร,กลุ่มงานวินัย,สำนักงานเลขาธิการ,จองสำเร็จ,2026-02-19 16:09:00
1745,2026-02-20,09:45-13:00,ห้องประชุม (กปท.4),สอบพยาน,-,4,2026-02-20 09:37:00,สุนิสา รักษา,กลุ่มงานปราบปรามการทุจริตในองค์กรปกครองส่วนท้องถิ่น 1,กองปราบปรามการทุจริตในภาครัฐ 4,จองสำเร็จ,2026-02-20 09:37:00
1746,2026-02-20,12:30-17:00,Zoom Meeting Room 1,การประชุมคณะอนุกรรมการประเมินผลแผนปฏิบัติราชการรายปี พ.ศ. 2568 สำนักงาน ป.ป.ท. ครั้งที่ 1/2569,นายวิเชียร  จันทรโณทัย,15,2026-02-02 11:05:48,จิราวัฒน์ ตู้ไม้ป่า,กลุ่มงานติดตามและประเมินผล,กองยุทธศาสตร์และแผนงาน,จองสำเร็จ,2026-02-02 11:05:48
1747,2026-02-20,12:30-17:00,ห้องประชุม 2 (ห้องเล็ก),การประชุมคณะอนุกรรมการประเมินผลแผนปฏิบัติราชการรายปี พ.ศ. 2568 สำนักงาน ป.ป.ท.,นายวิเชียร  จันทรโณทัย,15,2026-01-30 09:16:32,จิราวัฒน์ ตู้ไม้ป่า,กลุ่มงานติดตามและประเมินผล,กองยุทธศาสตร์และแผนงาน,จองสำเร็จ,2026-02-02 11:07:20
1748,2026-02-20,13:00-16:00,ห้องอบรม (กพบ),กิจกรรมแลกเปลี่ยนเรียนรู้ ภายในสำนักงาน ป.ป.ท. ครั้งที่ 3  ในหัวข้อ “การเสริมสร้างบุคลิกภาพ และระเบียบวินัย”,สลธ.,25,2026-02-13 12:54:53,ณัฏฐ์รินทร์ กรรณสูต,กลุ่มงานพัฒนาบุคลากร,สำนักงานเลขาธิการ,จองสำเร็จ,2026-02-13 12:54:53
1749,2026-02-20,13:30-15:30,OneConferenceRoom 2,ประชุมคณะอนุกรรมการไต่สวน คำสั่ง คกก.ป.ป.ท. ลับ ที่ ๓๖๘/๒๕๕๙ ลว. ๓๐ มิ.ย.๕๙ ครั้งที่ ๔-๑/๒๕๖๙,นายวิฐฎากรณ์ คงหนู,3,2026-02-19 10:41:22,ธีรานนท์ หนูรอด,กลุ่มงานปราบปรามการทุจริตในภาครัฐ 2,สำนักงานป้องกันและปราบปรามการทุจริตในภาครัฐ เขต 9,จองสำเร็จ,2026-02-19 10:41:22
1750,2026-02-20,14:00-17:00,Zoom Meeting Room 9,ประชุมเตรียมความพร้อมงาน OECD 2026 GACIF และ Launch the Follow-Up,เลขาธิการคณะกรรมการ ป.ป.ท.,10,2026-02-20 12:18:54,ปัทมา ประสิทธิวงษ์,กลุ่มงานป้องกันการทุจริตในภาครัฐ,สำนักงานป้องกันและปราบปรามการทุจริตในภาครัฐ เขต 2,จองสำเร็จ,2026-02-20 12:18:54
1751,2026-02-23,08:00-17:00,ห้องไต่สวน2,สอบพยาน,,1,2026-02-12 10:15:51,นวพร ปั้นจันทร์,กลุ่มงานปราบปรามการทุจริตหน่วยงานในสังกัดสำนักนายกรัฐมนตรี,กองปราบปรามการทุจริตในภาครัฐ 5,จองสำเร็จ,2026-02-12 10:15:51
1752,2026-02-23,08:30-12:00,ห้องไต่สวน3,สอบผู้ร้องเรียน,-,3,2026-02-13 21:07:57,พิพัฒน์ เพียราชโยธา,กลุ่มงานปราบปรามการทุจริตหน่วยงานในสังกัดสำนักนายกรัฐมนตรี,กองปราบปรามการทุจริตในภาครัฐ 5,จองสำเร็จ,2026-02-13 21:07:57
1753,2026-02-23,08:30-16:30,ห้องไต่สวน4,ไต่สวน,,3,2026-02-02 10:07:50,พรรณนิภา อารยะทรงศักดิ์,กลุ่มงานปราบปรามการทุจริตหน่วยงานไม่สังกัดกระทรวง ทบวง สำนักนายกรัฐมนตรี,กองปราบปรามการทุจริตในภาครัฐ 5,จองสำเร็จ,2026-02-02 10:07:50
1754,2026-02-23,09:00-12:00,ห้องประชุม 2 (ห้องเล็ก),คณะกรรมการกลั่นกรองและคัดเลือกบุคลากร เพื่อส่งเข้ารับการฝึกอบรมกับหน่วยงานภายนอก ของสำนักงาน ป.ป.ท. ครั้งที่ 1/2569,พันตำรวจโทสิริพงษ์ ศรีตุลา,1,2026-02-23 08:52:58,ลินจง ดาวเรือง,กลุ่มงานบริหารงานบุคคล,สำนักงานเลขาธิการ,จองสำเร็จ,2026-02-23 08:52:58
1755,2026-02-23,09:00-16:30,ห้องไต่สวน1,ไต่สวน,,1,2026-01-05 18:21:35,พูนทรัพย์ เตชะเกียรติสุจิตร,กลุ่มงานปราบปรามการทุจริตกระทรวงด้านความมั่นคง 1,กองปราบปรามการทุจริตในภาครัฐ 1,จองสำเร็จ,2026-01-13 08:54:50
1756,2026-02-23,09:00-15:00,ห้องประชุม 1 (ห้องใหญ่),ประชุมคณะกรรมการกำหนดมาตรฐานความรู้ความสามารถ ทักษะ และสมรรถนะที่จำเป็นสำหรับข้าราชการสำนักงาน ป.ป.ท.ครั้งที่ 1/2569,พ.ต.ท. สิริพงษ์ ศรีตุลา,40,2026-02-10 14:17:43,วิทยา สีดา,กลุ่มพัฒนาระบบบริหาร,กลุ่มพัฒนาระบบบริหาร,จองสำเร็จ,2026-02-10 14:17:43
1757,2026-02-23,09:00-15:00,Zoom Meeting Room 7,ประชุมคณะกรรมการกำหนดมาตรฐานความรู้ความสามารถ ทักษะ และสมรรถนะที่จำเป็นสำหรับข้าราชการสำนักงาน ป.ป.ท.ครั้งที่ 1,พ.ต.ท. สิริพงษ์ศรีตุลา รองเลขาธิการฯ,40,2026-02-10 09:20:13,วิทยา สีดา,กลุ่มพัฒนาระบบบริหาร,กลุ่มพัฒนาระบบบริหาร,จองสำเร็จ,2026-02-11 17:13:15
1758,2026-02-23,09:30-13:00,Zoom Meeting Room 1,สัมภาษณ์หน่วยงานเพื่อประกอบการจัดทำข้อเสนอมาตรการป้องกันการทุจริต กรณี การจัดจ้างแรงงานอันเป็นเท็จ,นางสาวอัญญ์รัตน์ กัมปนานนท์,10,2026-02-11 15:21:31,กิติคุณ โตรักษา,กลุ่มงานวิชาการและพัฒนานวัตกรรมด้านการป้องกัน,กองป้องกันการทุจริตในภาครัฐ,จองสำเร็จ,2026-02-11 15:21:31
1759,2026-02-23,09:30-12:00,ห้องประชุม(ห้องเล็ก 31),สัมภาษณ์หน่วยงานเพื่อประกอบการจัดทำข้อเสนอมาตรการป้องกันการทุจริต กรณี การจัดจ้างแรงงานอันเป็นเท็จ,นางสาวอัญญ์รัตน์ กัมปนานนท์,10,2026-02-11 15:20:14,กิติคุณ โตรักษา,กลุ่มงานวิชาการและพัฒนานวัตกรรมด้านการป้องกัน,กองป้องกันการทุจริตในภาครัฐ,จองสำเร็จ,2026-02-11 15:20:14
1760,2026-02-23,12:00-16:30,ห้องไต่สวน3,สอบผู้ร้อง,,1,2026-02-16 13:38:46,ศรัทธา ศรมณี,กลุ่มงานปราบปรามการทุจริตหน่วยงานไม่สังกัดกระทรวง ทบวง สำนักนายกรัฐมนตรี,กองปราบปรามการทุจริตในภาครัฐ 5,จองสำเร็จ,2026-02-16 13:38:46
1761,2026-02-23,13:00-16:30,ห้องประชุม 2 (ห้องเล็ก),คณะกรรมการกลั่นกรองและคัดเลือกบุคลากร เพื่อส่งเข้ารับการฝึกอบรมกับหน่วยงานภายนอก ของสำนักงาน ป.ป.ท.  ครั้งที่ 1/2569,พันตำรวจโท สิริพงษ์ ศรีตุลา รองเลขาธิการคณะกรรมการ ป.ป.ท.,8,2026-02-16 13:57:40,ลินจง ดาวเรือง,กลุ่มงานบริหารงานบุคคล,สำนักงานเลขาธิการ,จองสำเร็จ,2026-02-16 13:57:40
1762,2026-02-23,13:00-16:30,ห้องประชุม (กปท.4),ประชุมร่วมกับคณะกรรมการและ มธ.,,10,2026-02-21 17:54:25,แพรววนิต เวียงมูล,กลุ่มความร่วมมือและพัฒนานวัตกรรมความโปร่งใสในภาครัฐ,กองการต่างประเทศ,จองสำเร็จ,2026-02-21 17:54:25
1763,2026-02-23,13:00-16:30,Zoom Meeting Room 2,คณะกรรมการกลั่นกรองและคัดเลือกบุคลากร เพื่อส่งเข้ารับการฝึกอบรมกับหน่วยงานภายนอก ของสำนักงาน ป.ป.ท.  ครั้งที่ 1/2569,พันตำรวจโท สิริพงษ์ ศรีตุลา รองเลขาธิการคณะกรรมการ ป.ป.ท. ประธานกรรมการ,8,2026-02-16 14:03:00,ลินจง ดาวเรือง,กลุ่มงานบริหารงานบุคคล,สำนักงานเลขาธิการ,จองสำเร็จ,2026-02-16 14:03:00
1764,2026-02-23,14:00-16:00,ห้องประชุม(ห้องเล็ก 31),ประชุมกอง กปท.3,นายธนวัตน์ วงศ์เบี้ยสัจจ์,13,2026-02-20 17:16:14,ลภัสรดา แก้วทองมี,กองปราบปรามการทุจริตในภาครัฐ 3,กองปราบปรามการทุจริตในภาครัฐ 3,จองสำเร็จ,2026-02-20 17:16:44
1765,2026-02-24,08:00-17:00,ห้องไต่สวน3,เเจ้งข้อกล่าวหา,-,1,2026-02-06 10:53:57,วรรณฉวี ชื้นจะบก,กลุ่มงานปราบปรามการทุจริตกระทรวงด้านความมั่นคง 2,กองปราบปรามการทุจริตในภาครัฐ 1,จองสำเร็จ,2026-02-06 10:53:57
1766,2026-02-24,08:00-11:45,ห้องประชุม(ห้องเล็ก 31),สอบปากคำพยาน,,1,2026-02-19 09:16:34,ชรินดา มีแป้น,กลุ่มงานปราบปรามการทุจริตหน่วยงานในสังกัดสำนักนายกรัฐมนตรี,กองปราบปรามการทุจริตในภาครัฐ 5,จองสำเร็จ,2026-02-19 09:16:34
1767,2026-02-24,08:00-17:00,ห้องประชุม(กยผ),คณะกรรมการตรวจรับพัสดุในงานจ้างที่ปรึกษา ศบช.,,5,2026-02-18 13:36:12,นพณัช นิลสนธิ,กลุ่มความร่วมมือและพัฒนานวัตกรรมความโปร่งใสในภาครัฐ,กองการต่างประเทศ,จองสำเร็จ,2026-02-18 13:36:12
1768,2026-02-24,08:30-13:00,ห้องไต่สวน2,ประชุมคดีไต่สวน,-,5,2026-02-16 10:43:10,สุนิสา รักษา,กลุ่มงานปราบปรามการทุจริตในองค์กรปกครองส่วนท้องถิ่น 1,กองปราบปรามการทุจริตในภาครัฐ 4,จองสำเร็จ,2026-02-16 10:43:27
1769,2026-02-24,08:30-16:30,ห้องประชุม 1 (ห้องใหญ่),การคัดเลือกข้าราชการพลเรือนดีเด่น ประจำปี พ.ศ. 2568,พ.ต.ท. สิริพงษ์ ศรีตุลา,7,2026-02-06 10:47:52,พลอยพัชร มานะทัต,กลุ่มงานบริหารงานบุคคล,สำนักงานเลขาธิการ,จองสำเร็จ,2026-02-06 10:47:52
1770,2026-02-24,08:30-12:30,Zoom Meeting Room 6,ประชุมประจำเดือน กุมภาพันธ์ 2569,นายจิรวัฒน์ สุภาพ,40,2026-02-19 16:03:33,ธันย์นภัทร ศรีนันทา,กลุ่มงานป้องกันการทุจริตในภาครัฐ,สำนักงานป้องกันและปราบปรามการทุจริตในภาครัฐ เขต 4,จองสำเร็จ,2026-02-19 16:03:33
1771,2026-02-24,08:30-16:30,Zoom Meeting Room 9,ประชุมคณะกรรมการคัดเลือกข้าราชการพลเรือนดีเด่นประจำปี พ.ศ. 2568,พ.ต.ท. สิริพงษ์ ศรีตุลา,15,2026-02-10 16:10:04,ตะวัน ราชไลกิจ,กลุ่มงานบริหารงานบุคคล,สำนักงานเลขาธิการ,จองสำเร็จ,2026-02-10 16:10:04
1772,2026-02-24,08:30-12:00,OneConferenceRoom 1,ประชุมคณะกรรมการ ป.ป.ท. ประจำเดือน กุมภาพันธ์ 2569 ครั้งที่ 15/2569,นายอำนาจ พวงชมภู,20,2026-01-21 13:46:31,ลลิตตา พานิชผล,กลุ่มงานบริหารคดีและบริหารทั่วไป,กองบริหารคดี,จองสำเร็จ,2026-01-21 13:46:31
1773,2026-02-24,08:30-12:30,ห้องประชุมคณะกรรมการ,ประชุมคณะกรรมการ ป.ป.ท. ประจำเดือน กุมภาพันธ์ 2569 ครั้งที่ 15/2569,,20,2026-01-21 13:47:10,ลลิตตา พานิชผล,กลุ่มงานบริหารคดีและบริหารทั่วไป,กองบริหารคดี,จองสำเร็จ,2026-01-21 13:47:10
1774,2026-02-24,09:00-16:30,ห้องไต่สวน1,ไต่สวน,,3,2026-01-13 08:55:29,พูนทรัพย์ เตชะเกียรติสุจิตร,กลุ่มงานปราบปรามการทุจริตกระทรวงด้านความมั่นคง 1,กองปราบปรามการทุจริตในภาครัฐ 1,จองสำเร็จ,2026-01-13 08:55:29
1775,2026-02-24,10:00-12:00,ห้องประชุม (กปท.4),ประชุมปิดตรวจควบคุมภายใน,,6,2026-02-20 10:57:33,ศิริขวัญ บุญปลูก,ฝ่ายบริหารทั่วไปและคดี,กองปราบปรามการทุจริตในภาครัฐ 4,จองสำเร็จ,2026-02-20 10:57:33
1776,2026-02-24,12:00-16:30,ห้องไต่สวน4,สอบพยาน,,1,2026-02-24 11:26:34,นวพร ปั้นจันทร์,กลุ่มงานปราบปรามการทุจริตหน่วยงานในสังกัดสำนักนายกรัฐมนตรี,กองปราบปรามการทุจริตในภาครัฐ 5,จองสำเร็จ,2026-02-24 11:26:34
1777,2026-02-24,13:00-16:00,Zoom Meeting Room 1,กิจกรรมแลกเปลี่ยนเรียนรู้ ภายในสำนักงาน ป.ป.ท. ครั้งที่ 3  ในหัวข้อ “การเสริมสร้างบุคลิกภาพ และระเบียบวินัย”,สลธ.,100,2026-02-13 12:53:49,ณัฏฐ์รินทร์ กรรณสูต,กลุ่มงานพัฒนาบุคลากร,สำนักงานเลขาธิการ,จองสำเร็จ,2026-02-20 12:06:22
1778,2026-02-24,13:00-19:00,Zoom Meeting Room 2,ประชุมคณะกรรมการตรวจับ ศบช.,,10,2026-02-24 11:56:59,ประภัศษร ครองงาม,กลุ่มงานติดตามและประเมินผล,กองยุทธศาสตร์และแผนงาน,จองสำเร็จ,2026-02-24 11:56:59
1779,2026-02-24,13:15-17:15,ห้องประชุม (กปท.4),ประชุมคดีไต่สวน,-,1,2026-02-24 13:08:10,สุนิสา รักษา,กลุ่มงานปราบปรามการทุจริตในองค์กรปกครองส่วนท้องถิ่น 1,กองปราบปรามการทุจริตในภาครัฐ 4,จองสำเร็จ,2026-02-24 13:08:10
1780,2026-02-24,13:30-16:30,ห้องไต่สวน2,สอบปากคำผู้ร้อง เรื่องที่ 0091/2569,-,3,2026-02-18 15:35:50,ดารณี ปฐมโยธิน,กลุ่มงานปราบปรามการทุจริตกระทรวงด้านความมั่นคง 2,กองปราบปรามการทุจริตในภาครัฐ 1,จองสำเร็จ,2026-02-18 15:35:50
1781,2026-02-24,13:30-15:00,ห้องประชุมคณะกรรมการ,ประชุมอนุไต่สวนเบื้องต้น,นายพิทยา บุญชู,13,2026-01-16 18:55:38,ปิยะนุช ชูเมือง,กลุ่มงานคำวินิจฉัยและมติคณะกรรมการ,กองบริหารคดี,จองสำเร็จ,2026-01-16 18:55:38
1782,2026-02-25,08:00-17:00,Zoom Meeting Room 1,ประชุม คกก.ตัวชี้วัด,ท่านเลขาฯ,10,2026-02-09 10:10:09,นิลมณี จิรอร่าม,กลุ่มพัฒนาระบบบริหาร,กลุ่มพัฒนาระบบบริหาร,จองสำเร็จ,2026-02-09 10:10:09
1783,2026-02-25,08:00-17:00,ห้องประชุม 2 (ห้องเล็ก),ประชุม คกก.ตัวชี้วัด,ท่านเลขาฯ,1,2026-02-09 09:17:45,นิลมณี จิรอร่าม,กลุ่มพัฒนาระบบบริหาร,กลุ่มพัฒนาระบบบริหาร,จองสำเร็จ,2026-02-09 09:17:45
1784,2026-02-25,08:00-18:00,ห้องไต่สวน1,ไต่สวน,,3,2026-02-16 14:50:41,อภิรักษ์ คงคาเพชร,กลุ่มงานปราบปรามการทุจริตในองค์กรปกครองส่วนท้องถิ่น 2,กองปราบปรามการทุจริตในภาครัฐ 4,จองสำเร็จ,2026-02-16 14:50:41
1785,2026-02-25,08:00-17:00,ห้องไต่สวน3,แจ้งข้อกล่าวหา,สมศักดิ์,1,2026-02-23 10:02:18,สมศักดิ์ ทองประดับ,กลุ่มงานปราบปรามการทุจริตในองค์กรปกครองส่วนท้องถิ่น 2,กองปราบปรามการทุจริตในภาครัฐ 4,จองสำเร็จ,2026-02-23 10:02:18
1786,2026-02-25,08:00-16:30,ห้องประชุม 1 (ห้องใหญ่),ประชุม สปท. ป.ป.ท. ครั้งที่ 2/2569,ประธาน สปท. ป.ป.ท.,15,2026-01-27 13:53:57,ญาณัชชา นนทจันทร์,กลุ่มงานเครือข่ายภาคประชาสังคมป้องกันการทุจริต,กองป้องกันการทุจริตในภาครัฐ,จองสำเร็จ,2026-01-27 13:53:57
1787,2026-02-25,08:00-12:30,ห้องประชุม(กยผ),ประชุมรายงานความคืบหน้าระบบบริหารงานคลัง ประจำเดือน กพ69,,1,2026-02-24 08:55:46,ศิริรัตน์ สีชมภู,กลุ่มงานติดตามและประเมินผล,กองยุทธศาสตร์และแผนงาน,จองสำเร็จ,2026-02-24 08:55:46
1788,2026-02-25,08:00-16:30,Zoom Meeting Room 8,ประชุม สปท. ป.ป.ท. ครั้งที่ 2/2569,,7,2026-01-27 13:56:34,ญาณัชชา นนทจันทร์,กลุ่มงานเครือข่ายภาคประชาสังคมป้องกันการทุจริต,กองป้องกันการทุจริตในภาครัฐ,จองสำเร็จ,2026-01-27 13:56:34
1789,2026-02-25,08:15-12:00,Zoom Meeting Room 9,กิจกรรมแลกเปลี่ยนเรียนรู้ ภายในสำนักงาน ป.ป.ท. (KM DAY) หัวข้อ : ภัยคุกคามทางไซเบอร์และการป้องกันเบื้องต้น ขอบเขตเนื้อหาและการใช้งานคอมพิวเตอร์และการแก้ไขปัญหาเบื้องต้นที่เกิดเกิดจากการใช้งาน,สลธ.,100,2026-02-10 14:09:48,ณัฏฐ์รินทร์ กรรณสูต,กลุ่มงานพัฒนาบุคลากร,สำนักงานเลขาธิการ,จองสำเร็จ,2026-02-10 14:09:48
1790,2026-02-25,08:30-12:00,OneConferenceRoom 1,ประชุมคณะกรรมการ ป.ป.ท. ประจำเดือน กุมภาพันธ์ 2569 ครั้งที่ 16/2569,,20,2026-01-21 13:48:29,ลลิตตา พานิชผล,กลุ่มงานบริหารคดีและบริหารทั่วไป,กองบริหารคดี,จองสำเร็จ,2026-01-21 13:48:29
1791,2026-02-25,08:30-12:00,ห้องประชุมคณะกรรมการ,ประชุมคณะกรรมการ ป.ป.ท. ประจำเดือน กุมภาพันธ์ 2569 ครั้งที่  16/2569,,20,2026-01-21 13:47:52,ลลิตตา พานิชผล,กลุ่มงานบริหารคดีและบริหารทั่วไป,กองบริหารคดี,จองสำเร็จ,2026-01-21 13:47:52
1792,2026-02-25,09:00-16:30,ห้องไต่สวน2,สอบพยาน,,2,2026-02-23 09:25:13,อนาวิล เกตพันธ์,กลุ่มงานปราบปรามการทุจริตในองค์กรปกครองส่วนท้องถิ่น 1,กองปราบปรามการทุจริตในภาครัฐ 4,จองสำเร็จ,2026-02-23 09:25:13
1793,2026-02-25,13:30-16:30,ห้องประชุม(กยผ),ประชุมคณะกรรมการจัดทำร่างขอบเขตงานจ้างที่ปรึกษาฯ,นางสาวกิตวิภา สุวรรณรัตน์,7,2026-02-18 14:00:50,กิริยา พิชยวัฒน์,กลุ่มความร่วมมือและพัฒนานวัตกรรมความโปร่งใสในภาครัฐ,กองการต่างประเทศ,จองสำเร็จ,2026-02-18 14:00:50
1794,2026-02-25,13:30-16:30,Zoom Meeting Room 2,เชิญประชุมอ่านผลงานฯ 2 คณะ,,6,2026-02-18 15:07:00,ตติยา แก้วละเอียด,กลุ่มงานบริหารงานบุคคล,สำนักงานเลขาธิการ,จองสำเร็จ,2026-02-18 15:09:34
1795,2026-02-25,14:00-17:00,ห้องประชุม (กปท.4),ประชุมหารือเรื่องตรวจรับงาน,,5,2026-02-25 10:04:06,นพณัช นิลสนธิ,กลุ่มความร่วมมือและพัฒนานวัตกรรมความโปร่งใสในภาครัฐ,กองการต่างประเทศ,จองสำเร็จ,2026-02-25 10:04:06
1796,2026-02-25,14:00-17:00,Zoom Meeting Room 3,ประชุมหารือเรื่องตรวจรับงาน,,1,2026-02-24 14:46:49,ประภัศษร ครองงาม,กลุ่มงานติดตามและประเมินผล,กองยุทธศาสตร์และแผนงาน,จองสำเร็จ,2026-02-24 14:46:49
1797,2026-02-25,14:00-16:00,Zoom Meeting Room 6,กำกับติดตามสำนวน และกำกับการปฏิบัติหน้าที่ตามกรอบระยะเวลาการไต่สวนเบื้องต้น,นายเอกชัย เกษมสุขธวัช,50,2026-02-20 16:13:49,กนิษฐา แก้วสาร,กลุ่มงานวินัย,สำนักงานเลขาธิการ,จองสำเร็จ,2026-02-20 16:13:49
1798,2026-02-26,08:00-17:00,ห้องไต่สวน2,ไต่สวน,สมศักดิ์,1,2026-02-17 10:39:25,สมศักดิ์ ทองประดับ,กลุ่มงานปราบปรามการทุจริตในองค์กรปกครองส่วนท้องถิ่น 2,กองปราบปรามการทุจริตในภาครัฐ 4,จองสำเร็จ,2026-02-17 10:39:25
1799,2026-02-26,08:00-17:00,ห้องไต่สวน3,ประชุมคณะอนุกรรมการไต่สวน,,1,2026-02-16 10:13:05,ชรินดา มีแป้น,กลุ่มงานปราบปรามการทุจริตหน่วยงานในสังกัดสำนักนายกรัฐมนตรี,กองปราบปรามการทุจริตในภาครัฐ 5,จองสำเร็จ,2026-02-16 10:13:05
1800,2026-02-26,08:30-16:00,ห้องไต่สวน1,สอบพยาน,,2,2026-02-23 09:27:38,อนาวิล เกตพันธ์,กลุ่มงานปราบปรามการทุจริตในองค์กรปกครองส่วนท้องถิ่น 1,กองปราบปรามการทุจริตในภาครัฐ 4,จองสำเร็จ,2026-02-23 09:27:38
1801,2026-02-26,08:30-16:30,ห้องไต่สวน4,ไต่สวน,,3,2026-01-27 11:20:43,พรรณนิภา อารยะทรงศักดิ์,กลุ่มงานปราบปรามการทุจริตหน่วยงานไม่สังกัดกระทรวง ทบวง สำนักนายกรัฐมนตรี,กองปราบปรามการทุจริตในภาครัฐ 5,จองสำเร็จ,2026-01-27 11:20:43
1802,2026-02-26,09:00-15:00,ห้องประชุม 2 (ห้องเล็ก),ประชุมคณะอนุกรรมการกลั่นกรองฯ คณะที่ 1,พลโท นพพร โควหกุล,13,2026-01-19 16:29:28,ปิยะนุช ชูเมือง,กลุ่มงานคำวินิจฉัยและมติคณะกรรมการ,กองบริหารคดี,จองสำเร็จ,2026-01-19 16:29:28
1803,2026-02-26,09:00-11:00,ห้องประชุม(กยผ),ประชุมหารือแนวทางการดำเนินงาน,นางสาวกิตวิภา สุวรรณรัตน์,1,2026-02-26 08:42:59,กิริยา พิชยวัฒน์,กลุ่มความร่วมมือและพัฒนานวัตกรรมความโปร่งใสในภาครัฐ,กองการต่างประเทศ,จองสำเร็จ,2026-02-26 08:42:59
1804,2026-02-26,09:00-15:00,OneConferenceRoom 1,ประชุมคณะอนุกรรมการกลั่นกรองฯ คณะที่ 1,พลโท นพพร โควหกุล,13,2026-01-19 16:31:34,ปิยะนุช ชูเมือง,กลุ่มงานคำวินิจฉัยและมติคณะกรรมการ,กองบริหารคดี,จองสำเร็จ,2026-01-19 16:31:34
1805,2026-02-26,10:00-12:00,Zoom Meeting Room 1,ประชุมติดตามการใช้จ่ายงบประมาณ,นายเอกชัย เกษมสุขธวัช,20,2026-02-23 15:17:39,กนกพร บุตรรักษ์,กลุ่มงานส่งเสริมธรรมาภิบาลในภาครัฐ,กองป้องกันการทุจริตในภาครัฐ,จองสำเร็จ,2026-02-23 15:17:39
1806,2026-02-26,10:00-12:00,ห้องประชุม(ห้องเล็ก 31),ประชุมติดตามการใช้จ่ายงบประมาณ,นายเอกชัย เกษมสุขธวัช,10,2026-02-23 15:17:39,กนกพร บุตรรักษ์,กลุ่มงานส่งเสริมธรรมาภิบาลในภาครัฐ,กองป้องกันการทุจริตในภาครัฐ,จองสำเร็จ,2026-02-23 15:17:39
1807,2026-02-26,13:00-16:30,Zoom Meeting Room 1,ประชุมปิดตรวจรายงานการประเมินผลการควบคุมภายในเขตพื้นที่,ผอ.กตน.,15,2026-02-20 10:43:01,พิมพ์จุฑา ชินวงศ์สกุล,กลุ่มตรวจสอบภายใน,กลุ่มตรวจสอบภายใน,จองสำเร็จ,2026-02-20 10:43:01
1808,2026-02-26,13:00-16:30,ห้องประชุม(ห้องเล็ก 31),ประชุมปิดตรวจการสอบทานการประเมินผลการควบคุมภายใน เขตพื้นที่  (เขต 4 เขต 7 และ เขต 8),นางสาวกฤตพร ใจโฮ้ง,15,2026-02-20 10:36:30,พิมพ์จุฑา ชินวงศ์สกุล,กลุ่มตรวจสอบภายใน,กลุ่มตรวจสอบภายใน,จองสำเร็จ,2026-02-20 10:36:30
1809,2026-02-26,13:30-15:00,OneConferenceRoom 3,0473/2564,นายประจญ  กลมกลึง,1,2026-02-24 14:48:03,กมลทิพย์ โล่ห์เลขา,กลุ่มงานปราบปรามการทุจริตในภาครัฐ 2,สำนักงานป้องกันและปราบปรามการทุจริตในภาครัฐ เขต 6,จองสำเร็จ,2026-02-24 14:48:03
1810,2026-02-26,13:45-16:30,Zoom Meeting Room 3,ประชุมคณะอนุกรรมการเพื่อดำเนินการศึกษาเพิ่มเติมฯ กรณีการจัดงานนมัสการพระธาตุพนมประจำปี นอกรอบ,นายเอกชัย เกษมสุขธวัช,15,2026-02-23 14:20:02,ภัคคินี แขวงเมือง,กลุ่มงานปราบปรามการทุจริตในภาครัฐ 1,สำนักงานป้องกันและปราบปรามการทุจริตในภาครัฐ เขต 4,จองสำเร็จ,2026-02-23 14:20:02
1811,2026-02-26,14:00-16:30,OneConferenceRoom 2,ประชุมคณะอนุกรรมการไต่สวนข้อเท็จจริง ตามคำสั่ง 511/2567,,3,2026-02-23 10:26:59,ดนัยศักดิ์ สลีอ่อน,กลุ่มงานอำนวยการด้านการข่าว,กองอำนวยการต่อต้านการทุจริต,จองสำเร็จ,2026-02-23 10:26:59
1812,2026-02-27,08:00-16:30,ห้องไต่สวน2,สอบผู้กล่าวหา,,3,2026-02-16 10:11:15,อนาวิล เกตพันธ์,กลุ่มงานปราบปรามการทุจริตในองค์กรปกครองส่วนท้องถิ่น 1,กองปราบปรามการทุจริตในภาครัฐ 4,จองสำเร็จ,2026-02-16 10:11:15
1813,2026-02-27,08:00-17:00,ห้องประชุม(ห้องเล็ก 31),ไต่สวน,,1,2026-02-23 15:35:32,ณัฏฐ์นนท์ จารุวนาลัย,กลุ่มงานปราบปรามการทุจริตหน่วยงานไม่สังกัดกระทรวง ทบวง สำนักนายกรัฐมนตรี,กองปราบปรามการทุจริตในภาครัฐ 5,จองสำเร็จ,2026-02-23 15:35:32
1814,2026-02-27,08:00-12:00,ห้องประชุมคณะกรรมการ,คณะอนุกรรมการพิจารณากลั่นกรองการเปิดเผยข้อมูลข่าวสาร,,16,2026-02-18 16:23:51,อานนท์ ชนประชา,กลุ่มงานความเห็นแย้ง,กองกฎหมาย,จองสำเร็จ,2026-02-18 16:23:51
1815,2026-02-27,08:30-12:00,Zoom Meeting Room 1,ประชุมคณะทำงานพิจารณาแบ่งหน่วยงานภายในของสำนักงานคณะกรรมการป้องกัน  และปราบปรามการทุจริตในภาครัฐ ครั้งที่ 2/2569,เลขาธิการคณะกรรมการ ป.ป.ท.,15,2026-02-17 14:53:18,อัมมรรัตน์ หุ่นทอง,กลุ่มพัฒนาระบบบริหาร,กลุ่มพัฒนาระบบบริหาร,จองสำเร็จ,2026-02-17 14:53:18
1816,2026-02-27,08:30-16:30,ห้องประชุม 2 (ห้องเล็ก),ประชุมคณะอนุกรรมการกลั่นกรองฯ คณะที่ 6 ครั้งที่ 25-5/2569,พลตำรวจตรี นพรัตน์ รินทพล,9,2026-01-26 13:58:07,นงค์ลักษณ์ ยั่งยืน,กลุ่มงานคำวินิจฉัยและมติคณะกรรมการ,กองบริหารคดี,จองสำเร็จ,2026-01-26 13:58:07
1817,2026-02-27,08:30-16:30,ห้องไต่สวน4,ไต่สวน,,3,2026-01-27 11:22:55,พรรณนิภา อารยะทรงศักดิ์,กลุ่มงานปราบปรามการทุจริตหน่วยงานไม่สังกัดกระทรวง ทบวง สำนักนายกรัฐมนตรี,กองปราบปรามการทุจริตในภาครัฐ 5,จองสำเร็จ,2026-01-27 11:22:55
1818,2026-02-27,08:30-12:00,ห้องประชุม 1 (ห้องใหญ่),ประชุมคณะทำงานพิจารณาแบ่งหน่วยงานภายในของสำนักงานคณะกรรมการป้องกัน  และปราบปรามการทุจริตในภาครัฐ ครั้งที่ 2/2569,เลขาธิการคณะกรรมการ ป.ป.ท.,1,2026-02-17 14:48:30,อัมมรรัตน์ หุ่นทอง,กลุ่มพัฒนาระบบบริหาร,กลุ่มพัฒนาระบบบริหาร,จองสำเร็จ,2026-02-17 14:48:30
1819,2026-02-27,08:30-12:00,Zoom Meeting Room 2,คณะอนุกรรมการพิจารณากลั่นกรองการเปิดเผยข้อมูลข่าวสาร,,16,2026-02-19 14:29:31,อานนท์ ชนประชา,กลุ่มงานความเห็นแย้ง,กองกฎหมาย,จองสำเร็จ,2026-02-19 14:29:31
1820,2026-02-27,09:00-16:30,ห้องไต่สวน1,ไต่สวน,,5,2025-11-10 15:22:53,มะลิไล แก้วมาดีงาม,กลุ่มงานปราบปรามการทุจริตหน่วยงานไม่สังกัดกระทรวง ทบวง สำนักนายกรัฐมนตรี,กองปราบปรามการทุจริตในภาครัฐ 5,จองสำเร็จ,2025-11-10 15:22:53
1821,2026-02-27,09:00-16:30,ห้องไต่สวน3,ไต่สวน,ณัฏฐพล,1,2026-02-17 16:27:38,ณัฏฐพล ศุรธีร์โกศล,กลุ่มงานปราบปรามการทุจริตหน่วยงานในสังกัดสำนักนายกรัฐมนตรี,กองปราบปรามการทุจริตในภาครัฐ 5,จองสำเร็จ,2026-02-17 16:27:38
1822,2026-02-27,10:00-12:00,ห้องประชุม(กยผ),ประชุมคณะกรรมการเทคโนโลยีดิจิทัล ฯ ครั้งที่ 1/2569,พันตำรวจโท สิริพงษ์  ศรีตุลา,2,2026-02-27 08:53:59,สลักจิต ณ ลำพูน,ฝ่ายบริหารทั่วไป,กองยุทธศาสตร์และแผนงาน,จองสำเร็จ,2026-02-27 08:53:59
1823,2026-02-27,12:00-16:30,Zoom Meeting Room 2,กิจกรรมสร้างความรู้การประเมินความเสี่ยงการทุจริต ของจังหวัดกระบี่,นายธรรมนูญ คงน์รัตน์,20,2026-02-20 13:12:29,วชิรวิทย์ ทองฤกษ์,กลุ่มงานป้องกันการทุจริตในภาครัฐ,สำนักงานป้องกันและปราบปรามการทุจริตในภาครัฐ เขต 8,จองสำเร็จ,2026-02-20 13:12:29
1824,2026-02-27,13:00-15:00,Zoom Meeting Room 1,ประชุม DCIO ครั้งที่ 1/2569,พ.ต.ท.สิริพงษ์ ศรีตุลา,30,2026-02-12 14:17:31,อรทัย เพชรสันทัด,กลุ่มงานบริหารเทคโนโลยีและพัฒนาระบบ,ศูนย์เทคโนโลยีสารสนเทศและการสื่อสาร,จองสำเร็จ,2026-02-12 14:17:31
1825,2026-02-27,13:00-16:30,Zoom Meeting Room 7,หารือการวิเคราะห์กระบวนงานเพื่อจัดทำและรายงานการควบคุมภายในปี 2569,ผอ.ปปท.เขต 4,10,2026-02-27 10:05:57,พจนา สายเพชร,กลุ่มงานบริหารคดีและบริหารทั่วไป,สำนักงานป้องกันและปราบปรามการทุจริตในภาครัฐ เขต 4,จองสำเร็จ,2026-02-27 10:05:57
1826,2026-02-27,13:30-16:00,Zoom Meeting Room 3,เชิญประชุมอ่านผลงานฯ 1 คณะ (5),,6,2026-02-18 19:37:11,ตติยา แก้วละเอียด,กลุ่มงานบริหารงานบุคคล,สำนักงานเลขาธิการ,จองสำเร็จ,2026-02-18 19:37:11
1827,2026-03-02,09:00-12:00,ห้องไต่สวน1,สอบพยาน,,1,2026-02-20 14:13:59,นวพร ปั้นจันทร์,กลุ่มงานปราบปรามการทุจริตหน่วยงานในสังกัดสำนักนายกรัฐมนตรี,กองปราบปรามการทุจริตในภาครัฐ 5,จองสำเร็จ,2026-02-20 14:13:59
1828,2026-03-02,09:00-12:00,ห้องไต่สวน2,นัดพยานสอบข้อเท็จจริง,,2,2026-02-16 13:23:48,จิระเดช สอนเต็ม,กลุ่มงานปราบปรามการทุจริตในองค์กรปกครองส่วนท้องถิ่น 1,กองปราบปรามการทุจริตในภาครัฐ 4,จองสำเร็จ,2026-02-16 13:23:48
1829,2026-03-02,10:00-16:30,ห้องไต่สวน4,ประชุมคณะอนุกรรมการไต่สวนเพื่อวินิจฉัยชี้มูล,พ.ต.ท.เทวิล ชาญกล้า,3,2026-02-13 09:29:04,โรสนา ศักดิ์นภาพรเลิศ,กลุ่มงานปราบปรามการทุจริตหน่วยงานไม่สังกัดกระทรวง ทบวง สำนักนายกรัฐมนตรี,กองปราบปรามการทุจริตในภาครัฐ 5,จองสำเร็จ,2026-02-13 09:29:04
1830,2026-03-02,10:45-15:00,Zoom Meeting Room 6,ประชุมกลุ่มงานป้องกันฯ ปปท.เขต 2,ผอ.ปปท.เขต 2,5,2026-02-26 16:32:10,นาถยา รักหนู,กลุ่มงานป้องกันการทุจริตในภาครัฐ,สำนักงานป้องกันและปราบปรามการทุจริตในภาครัฐ เขต 2,จองสำเร็จ,2026-03-02 10:21:58
1831,2026-03-02,12:00-17:00,ห้องไต่สวน1,สอบพยาน,,1,2026-02-23 10:37:45,นวพร ปั้นจันทร์,กลุ่มงานปราบปรามการทุจริตหน่วยงานในสังกัดสำนักนายกรัฐมนตรี,กองปราบปรามการทุจริตในภาครัฐ 5,จองสำเร็จ,2026-02-23 10:37:45
1832,2026-03-02,12:30-16:30,OneConferenceRoom 1,ประชุมคณะกรรมการ ป.ป.ท. ประจำเดือน มีนาคม 2569 ครั้งที่ 17/2569,นายอำนาจ พวงชมภู,15,2026-02-19 09:34:21,ลลิตตา พานิชผล,กลุ่มงานบริหารคดีและบริหารทั่วไป,กองบริหารคดี,จองสำเร็จ,2026-02-19 09:34:21
1833,2026-03-02,12:30-16:30,ห้องประชุมคณะกรรมการ,ประชุมคณะกรรมการ ป.ป.ท. ประจำเดือน มีนาคม 2569 ครั้งที่ 17/2569,นายอำนาจ พวงชมภู,15,2026-02-19 09:32:38,ลลิตตา พานิชผล,กลุ่มงานบริหารคดีและบริหารทั่วไป,กองบริหารคดี,จองสำเร็จ,2026-02-19 09:32:38
1834,2026-03-04,08:00-13:00,ห้องไต่สวน2,ประชุมคณะอนุกรรมการไต่สวน,,1,2026-02-20 11:42:51,ศรัทธา ศรมณี,กลุ่มงานปราบปรามการทุจริตหน่วยงานไม่สังกัดกระทรวง ทบวง สำนักนายกรัฐมนตรี,กองปราบปรามการทุจริตในภาครัฐ 5,จองสำเร็จ,2026-02-20 11:42:51
1835,2026-03-04,08:00-12:30,ห้องไต่สวน3,สอบพยาน,,1,2026-02-23 15:04:18,นวพร ปั้นจันทร์,กลุ่มงานปราบปรามการทุจริตหน่วยงานในสังกัดสำนักนายกรัฐมนตรี,กองปราบปรามการทุจริตในภาครัฐ 5,จองสำเร็จ,2026-02-23 15:04:18
1836,2026-03-04,08:00-16:30,ห้องไต่สวน4,ไต่สวน,,1,2026-02-23 10:13:05,อภิรักษ์ คงคาเพชร,กลุ่มงานปราบปรามการทุจริตในองค์กรปกครองส่วนท้องถิ่น 2,กองปราบปรามการทุจริตในภาครัฐ 4,จองสำเร็จ,2026-02-23 10:13:05
1837,2026-03-04,08:30-15:30,ห้องไต่สวน1,ไต่สวนเบื้องต้น,กาญจณา นาวิกนันทน์,3,2026-02-11 15:56:21,กาญจณา นาวิกนันทน์,กลุ่มงานปราบปรามการทุจริตกระทรวงด้านความมั่นคง 2,กองปราบปรามการทุจริตในภาครัฐ 1,จองสำเร็จ,2026-02-11 15:56:21
1838,2026-03-04,08:30-16:30,ห้องประชุม 1 (ห้องใหญ่),ประชุม อ.ก.พ. สำนักงาน ป.ป.ท.,เลขาธิการคณะกรรมการ ป.ป.ท.,1,2026-02-20 16:59:10,ญาดา คชาชาติ,กลุ่มงานบริหารงานบุคคล,สำนักงานเลขาธิการ,จองสำเร็จ,2026-02-20 16:59:10
1839,2026-03-04,08:30-16:30,ห้องประชุม(กยผ),คณะกรรมการตรวจรับพัสดุในงานจ้างที่ปรึกษา,,5,2026-02-26 08:54:55,นพณัช นิลสนธิ,กลุ่มความร่วมมือและพัฒนานวัตกรรมความโปร่งใสในภาครัฐ,กองการต่างประเทศ,จองสำเร็จ,2026-02-26 08:54:55
1840,2026-03-04,08:30-12:00,ห้องประชุม (กปท.4),สอบพยาน,,1,2026-02-24 10:59:54,สหราช เกษอินทร์,กลุ่มงานปราบปรามการทุจริตในองค์กรปกครองส่วนท้องถิ่น 1,กองปราบปรามการทุจริตในภาครัฐ 4,จองสำเร็จ,2026-02-24 10:59:54
1841,2026-03-04,08:30-12:30,OneConferenceRoom 1,ประชุมคณะกรรมการ ป.ป.ท. ประจำเดือน มีนาคม 2569 ครั้งที่ 18/2569,,15,2026-02-19 09:38:27,ลลิตตา พานิชผล,กลุ่มงานบริหารคดีและบริหารทั่วไป,กองบริหารคดี,จองสำเร็จ,2026-02-19 09:38:27
1842,2026-03-04,08:30-12:30,ห้องประชุมคณะกรรมการ,ประชุมคณะกรรมการ ป.ป.ท. ประจำเดือน มีนาคม 2569 ครั้งที่ 18/2569,นายอำนาจ พวงชมภู,15,2026-02-19 09:35:22,ลลิตตา พานิชผล,กลุ่มงานบริหารคดีและบริหารทั่วไป,กองบริหารคดี,จองสำเร็จ,2026-02-19 09:35:22
1843,2026-03-04,09:00-16:30,ห้องประชุม(ห้องเล็ก 31),ประชุมเตรียมความพร้อมในการจัดกิจกรรม Public forum วันที่ 10 มี.ค. 2569,ผอ.กลุ่มงานเครือข่ายฯ,1,2026-02-25 14:54:22,เกศรารัตติ์ บุนนท์,กลุ่มงานเครือข่ายภาคประชาสังคมป้องกันการทุจริต,กองป้องกันการทุจริตในภาครัฐ,จองสำเร็จ,2026-02-25 14:54:22
1844,2026-03-04,09:00-10:30,OneConferenceRoom 2,ประชุมคณะอนุกรรมการไต่สวนข้อเท็จจริง คำสั่ง ๓๗๐/๒๕๖๗ (ชุมพวง) ครั้งที่ ๓,พลตำรวจตรี สมควร พึ่งทรัพย์,6,2026-02-25 09:47:16,อนิสา เวกอรุณ,กลุ่มงานปราบปรามการทุจริตกระทรวงด้านเศรษฐกิจ,กองปราบปรามการทุจริตในภาครัฐ 2,จองสำเร็จ,2026-02-25 09:47:16
1845,2026-03-04,12:00-16:30,Zoom Meeting Room 8,ประชุมเตรียมความพร้อมในการจัดกิจกรรม Public forum วันที่ 10 มี.ค. 2569,ผอ.กลุ่มงานเครือข่ายฯ,6,2026-02-25 14:54:22,เกศรารัตติ์ บุนนท์,กลุ่มงานเครือข่ายภาคประชาสังคมป้องกันการทุจริต,กองป้องกันการทุจริตในภาครัฐ,จองสำเร็จ,2026-03-02 14:26:57
1846,2026-03-04,13:00-17:00,ห้องไต่สวน2,สอบพยาน,,1,2026-02-23 15:04:56,นวพร ปั้นจันทร์,กลุ่มงานปราบปรามการทุจริตหน่วยงานในสังกัดสำนักนายกรัฐมนตรี,กองปราบปรามการทุจริตในภาครัฐ 5,จองสำเร็จ,2026-02-23 15:04:56
1847,2026-03-04,13:00-17:00,ห้องไต่สวน3,แจ้งข้อกล่าวหา,,4,2026-02-18 09:18:37,จักรภพ ขันทะวงศ์,กลุ่มงานปราบปรามการทุจริตหน่วยงานไม่สังกัดกระทรวง ทบวง สำนักนายกรัฐมนตรี,กองปราบปรามการทุจริตในภาครัฐ 5,จองสำเร็จ,2026-02-18 09:18:37
1848,2026-03-04,14:00-15:00,Zoom Meeting Room 1,การประชุมคณะกรรมการกลั่นกรองและคัดเลือกบุคลากรเพื่อส่งเข้ารับการศึกษาอบรมกับหน่วยงานภายนอก ของสำนักงาน ป.ป.ท. ครั้งที่ 2/2569,พันตำรวจโท สิริพงษ์ ศรีตุลา รองเลขาธิการคณะกรรมการ ป.ป.ท.,8,2026-03-02 14:48:05,ลินจง ดาวเรือง,กลุ่มงานบริหารงานบุคคล,สำนักงานเลขาธิการ,จองสำเร็จ,2026-03-02 14:48:05
1849,2026-03-04,14:00-15:00,ห้องประชุม 2 (ห้องเล็ก),การประชุมคณะกรรมการกลั่นกรองและคัดเลือกบุคลากรเพื่อส่งเข้ารับการศึกษาอบรมกับหน่วยงานภายนอก ของสำนักงาน ป.ป.ท. ครั้งที่ 2/2569,พันตำรวจโท สิริพงษ์ ศรีตุลา รองเลขาธิการคณะกรรมการ ป.ป.ท.,8,2026-03-02 14:49:10,ลินจง ดาวเรือง,กลุ่มงานบริหารงานบุคคล,สำนักงานเลขาธิการ,จองสำเร็จ,2026-03-02 14:49:10
1850,2026-03-05,08:00-17:00,ห้องไต่สวน1,สอบผู้ร้อง,,1,2026-02-23 09:30:58,นิดา พินิจวิกรานต์,กลุ่มงานปราบปรามการทุจริตกระทรวงด้านความมั่นคง 1,กองปราบปรามการทุจริตในภาครัฐ 1,จองสำเร็จ,2026-02-23 09:30:58
1851,2026-03-05,08:00-17:00,ห้องไต่สวน2,สอบปากคำ,,1,2026-02-17 16:03:12,ปิยพนธ์ เปรมโยธิน,กลุ่มงานอำนวยการด้านคุ้มครองพยาน,กองอำนวยการต่อต้านการทุจริต,จองสำเร็จ,2026-02-17 16:03:12
1852,2026-03-05,08:00-12:30,ห้องไต่สวน3,สอบผู้ร้อง,,1,2026-02-27 10:18:28,นวพร ปั้นจันทร์,กลุ่มงานปราบปรามการทุจริตหน่วยงานในสังกัดสำนักนายกรัฐมนตรี,กองปราบปรามการทุจริตในภาครัฐ 5,จองสำเร็จ,2026-02-27 10:18:28
1853,2026-03-05,08:00-16:30,ห้องไต่สวน4,ไต่สวน,,1,2026-02-23 10:16:03,อภิรักษ์ คงคาเพชร,กลุ่มงานปราบปรามการทุจริตในองค์กรปกครองส่วนท้องถิ่น 2,กองปราบปรามการทุจริตในภาครัฐ 4,จองสำเร็จ,2026-02-23 10:16:03
1854,2026-03-05,08:15-12:00,Zoom Meeting Room 1,กิจกรรมแลกเปลี่ยนเรียนรู้ ภายในสำนักงาน ป.ป.ท. (KM DAY) หัวข้อ :Work-Life Balance ปรับสมดุลชีวิตการทำงาน,สลธ.,100,2026-02-16 10:16:24,ณัฏฐ์รินทร์ กรรณสูต,กลุ่มงานพัฒนาบุคลากร,สำนักงานเลขาธิการ,จองสำเร็จ,2026-02-16 10:16:24
1855,2026-03-05,08:30-12:00,ห้องประชุม 2 (ห้องเล็ก),"ประชุมย่อยการประเมินความเสี่ยงการทุจริตตามเกณฑ์ การประเมินเชิงคุณภาพ ""ระบบการบริหารจัดการความเสี่ยงการทุจริต""",พันตำรวจโท สิริพงษ์ ศรีตุลา,10,2026-02-24 09:32:39,กชนัฑ สุขสวัสดิ์,กลุ่มบริหารความเสี่ยงและสกัดกั้นการทุจริตในภาครัฐ,กองป้องกันการทุจริตในภาครัฐ,จองสำเร็จ,2026-02-24 09:32:39
1856,2026-03-05,08:30-16:30,ห้องประชุม 1 (ห้องใหญ่),ประชุม อ.ก.พ. สำนักงาน ป.ป.ท.,เลขาธิการ ป.ป.ท.,15,2026-02-18 11:01:09,ญาดา คชาชาติ,กลุ่มงานบริหารงานบุคคล,สำนักงานเลขาธิการ,จองสำเร็จ,2026-02-18 11:01:09
1857,2026-03-05,08:30-12:00,Zoom Meeting Room 5,ประชุมการเผยแพร่/การนำผลงานวิจัยไปใช้ประโยชน์,พันตำรวจโทสิริพงษ์ ศรีตุลา,10,2026-03-04 17:17:26,กฤษฏ์ ธวัชชัยวิสุทธิ์,กลุ่มงานปราบปรามการทุจริตหน่วยงานไม่สังกัดกระทรวง ทบวง สำนักนายกรัฐมนตรี,กองปราบปรามการทุจริตในภาครัฐ 5,จองสำเร็จ,2026-03-04 17:17:26
1858,2026-03-05,10:00-12:00,Zoom Meeting Room 2,ประชุมคณะทำงานการจัดการความรู้ (KM) ปปท.เขต ๔,นายสวัสดิ์ นาสมฝัน,1,2026-02-26 14:52:20,ทัศนีย์ แสนลี,กลุ่มงานปราบปรามการทุจริตในภาครัฐ 3,สำนักงานป้องกันและปราบปรามการทุจริตในภาครัฐ เขต 4,จองสำเร็จ,2026-02-26 14:52:20
1859,2026-03-05,13:00-15:00,Zoom Meeting Room 1,การประชุมคณะอนุกรรมการไต่สวนข้อเท็จจริง ครั้งที่ 7-1/2569,,6,2026-02-25 14:26:33,ชานนท์ นิ่มสุวรรณ,กลุ่มงานปราบปรามการทุจริตในภาครัฐ 1,สำนักงานป้องกันและปราบปรามการทุจริตในภาครัฐ เขต 5,จองสำเร็จ,2026-02-25 14:26:33
1860,2026-03-05,13:00-17:00,ห้องประชุม 2 (ห้องเล็ก),ประชุมกองอำนวยการต่อต้านการทุจริต,พันตำรวจโท สราวุธ คำเหลือง,28,2026-02-27 15:32:32,ปภาวี พึ่งพินิจ,ฝ่ายบริหารทั่วไปและคดี,กองอำนวยการต่อต้านการทุจริต,จองสำเร็จ,2026-02-27 15:32:32
1861,2026-03-05,13:00-17:00,ห้องไต่สวน3,แจ้งข้อกล่าวหา,,5,2026-02-18 09:19:54,จักรภพ ขันทะวงศ์,กลุ่มงานปราบปรามการทุจริตหน่วยงานไม่สังกัดกระทรวง ทบวง สำนักนายกรัฐมนตรี,กองปราบปรามการทุจริตในภาครัฐ 5,จองสำเร็จ,2026-02-18 09:19:54
1862,2026-03-06,08:00-12:45,ห้องไต่สวน1,สอบปากคำพยาน,,4,2026-02-09 15:49:30,สัณหภณ พงษ์ประเสริฐ,กลุ่มงานปราบปรามการทุจริตกระทรวงด้านความมั่นคง 2,กองปราบปรามการทุจริตในภาครัฐ 1,จองสำเร็จ,2026-02-09 15:49:30
1863,2026-03-06,08:00-12:30,ห้องไต่สวน2,สอบปากคำ,,2,2026-02-26 11:00:08,กรีฑา พิทักษ์วงศ์,กลุ่มงานปราบปรามการทุจริตในองค์กรปกครองส่วนท้องถิ่น 2,กองปราบปรามการทุจริตในภาครัฐ 4,จองสำเร็จ,2026-02-26 11:00:08
1864,2026-03-06,08:00-12:00,ห้องไต่สวน3,สอบผู้ร้อง,,1,2026-02-26 16:07:41,นวพร ปั้นจันทร์,กลุ่มงานปราบปรามการทุจริตหน่วยงานในสังกัดสำนักนายกรัฐมนตรี,กองปราบปรามการทุจริตในภาครัฐ 5,จองสำเร็จ,2026-02-26 16:07:41
1865,2026-03-06,08:00-17:00,ห้องไต่สวน4,ไต่สวนวินิจฉัย,,1,2026-01-16 09:07:15,รัตติกาล ณ ราช,กลุ่มงานปราบปรามการทุจริตหน่วยงานในสังกัดสำนักนายกรัฐมนตรี,กองปราบปรามการทุจริตในภาครัฐ 5,จองสำเร็จ,2026-01-16 09:07:15
1866,2026-03-06,08:00-17:00,ห้องประชุม(ห้องเล็ก 31),ประชุมคณะอนุกรรมการไต่สวน,พลโท นพพร โควหกุล,1,2026-03-02 11:20:49,ชรินดา มีแป้น,กลุ่มงานปราบปรามการทุจริตหน่วยงานในสังกัดสำนักนายกรัฐมนตรี,กองปราบปรามการทุจริตในภาครัฐ 5,จองสำเร็จ,2026-03-02 11:20:49
1867,2026-03-06,08:30-12:00,Zoom Meeting Room 1,ไต่สวนวินิจฉัย,,5,2026-03-05 09:10:19,รัตติกาล ณ ราช,กลุ่มงานปราบปรามการทุจริตหน่วยงานในสังกัดสำนักนายกรัฐมนตรี,กองปราบปรามการทุจริตในภาครัฐ 5,จองสำเร็จ,2026-03-05 09:10:19
1868,2026-03-06,09:00-10:00,OneConferenceRoom 1,ประชุมคณะอนุกรรมการไต่สวนข้อเท็จจริง คำสั่ง ๓๗๐/๒๕๖๗ (ชุมพวง) ครั้งที่ ๓,พลตำรวจตรี สมควร พึ่งทรัพย์,6,2026-03-04 10:22:00,อนิสา เวกอรุณ,กลุ่มงานปราบปรามการทุจริตกระทรวงด้านเศรษฐกิจ,กองปราบปรามการทุจริตในภาครัฐ 2,จองสำเร็จ,2026-03-04 10:22:00
1869,2026-03-06,10:00-10:30,OneConferenceRoom 1,ประชุมคณะอนุกรรมการไต่สวนข้อเท็จจริง เรื่องที่ 0277/2566,พลตำรวตรีสมควร พึ่งทรัพย์,1,2026-03-04 13:08:41,ประวิทย์ ภัทรสัตยากร,กลุ่มงานปราบปรามการทุจริตกระทรวงด้านสังคม,กองปราบปรามการทุจริตในภาครัฐ 2,จองสำเร็จ,2026-03-04 13:08:41
1870,2026-03-06,10:30-11:00,OneConferenceRoom 1,ประชุมคณะอนุกรรมการไต่สวนข้อเท็จจริง เรื่องที่ 0278/2566,พลตำรวจตรี สมควร พึ่งทรัพย์,5,2026-03-02 11:03:21,ประวิทย์ ภัทรสัตยากร,กลุ่มงานปราบปรามการทุจริตกระทรวงด้านสังคม,กองปราบปรามการทุจริตในภาครัฐ 2,จองสำเร็จ,2026-03-02 11:03:21
1871,2026-03-06,11:00-12:00,OneConferenceRoom 1,ประชุมคณะอนุกรรมการไต่สวนข้อเท็จจริง เรื่องที่ 0279/2566,พลตำรวจตรีสมควร พึ่งทรัพย์,5,2026-03-02 11:04:26,ประวิทย์ ภัทรสัตยากร,กลุ่มงานปราบปรามการทุจริตกระทรวงด้านสังคม,กองปราบปรามการทุจริตในภาครัฐ 2,จองสำเร็จ,2026-03-02 11:04:26
1872,2026-03-06,12:30-17:00,ห้องไต่สวน2,สอบปากคำ,,2,2026-02-26 11:08:17,กรีฑา พิทักษ์วงศ์,กลุ่มงานปราบปรามการทุจริตในองค์กรปกครองส่วนท้องถิ่น 2,กองปราบปรามการทุจริตในภาครัฐ 4,จองสำเร็จ,2026-02-26 11:08:17
1873,2026-03-06,13:00-16:30,ห้องประชุม(กยผ),ประชุมร่วมกับมหาวิทยาลัยธรรมศาสตร์,ผอ กนป.,10,2026-03-02 06:53:41,สรพงษ์ กุ้ยบำรุง,กลุ่มความร่วมมือและพัฒนานวัตกรรมความโปร่งใสในภาครัฐ,กองการต่างประเทศ,จองสำเร็จ,2026-03-02 06:53:41
1874,2026-03-06,13:00-17:00,Zoom Meeting Room 2,คณะกรรมการพิจารณาข้อมูลข่าวสาร,,15,2026-02-27 16:43:15,จิรวดี จินดาพล,กลุ่มงานกฎหมาย,กองกฎหมาย,จองสำเร็จ,2026-02-27 16:43:15
1875,2026-03-09,08:00-17:00,ห้องไต่สวน1,สอบพยาน,ระวิพรรณ จินดาดวง,5,2026-02-11 14:30:40,ระวิพรรณ จินดาดวง,กลุ่มงานปราบปรามการทุจริตกระทรวงด้านความมั่นคง 1,กองปราบปรามการทุจริตในภาครัฐ 1,จองสำเร็จ,2026-02-11 14:30:40
1876,2026-03-09,08:00-17:00,ห้องไต่สวน3,สอบปากคำพยาน,,1,2026-02-27 11:50:56,ชรินดา มีแป้น,กลุ่มงานปราบปรามการทุจริตหน่วยงานในสังกัดสำนักนายกรัฐมนตรี,กองปราบปรามการทุจริตในภาครัฐ 5,จองสำเร็จ,2026-02-27 11:50:56
1877,2026-03-09,08:00-17:00,ห้องประชุม 1 (ห้องใหญ่),ประชุม กปท.5 ครั้งที่ 1/2569,อนงนาต,1,2026-02-12 10:47:56,จุฑามาศ เกิดหนู,ฝ่ายบริหารทั่วไปและคดี,กองปราบปรามการทุจริตในภาครัฐ 5,จองสำเร็จ,2026-02-12 10:47:56
1878,2026-03-09,08:00-16:00,ห้องประชุม(ห้องเล็ก 31),โครงการสัมมนาชี้แจงการประเมินการประกันและการปรับปรุงคุณภาพงานตรวจสอบภายในภาครัฐจากภายนอกองค์กร,-,3,2026-02-11 09:35:40,พิมพ์จุฑา ชินวงศ์สกุล,กลุ่มตรวจสอบภายใน,กลุ่มตรวจสอบภายใน,จองสำเร็จ,2026-02-11 09:35:40
1879,2026-03-09,08:30-16:30,ห้องไต่สวน2,สอบพยาน,,3,2026-03-09 08:25:11,อนาวิล เกตพันธ์,กลุ่มงานปราบปรามการทุจริตในองค์กรปกครองส่วนท้องถิ่น 1,กองปราบปรามการทุจริตในภาครัฐ 4,จองสำเร็จ,2026-03-09 08:25:11
1880,2026-03-09,08:30-17:45,ห้องไต่สวน4,ไต่สวน,,6,2026-02-26 14:04:51,ณัฏฐพล ศุรธีร์โกศล,กลุ่มงานปราบปรามการทุจริตหน่วยงานในสังกัดสำนักนายกรัฐมนตรี,กองปราบปรามการทุจริตในภาครัฐ 5,จองสำเร็จ,2026-02-26 14:04:51
1881,2026-03-09,09:30-16:30,Zoom Meeting Room 5,การประชุมกลุ่มย่อยเพื่อพิจารณาการกำหนดความรู้ความสามารถ ทักษะ และสมรรถนะที่จำเป็นสำหรับตำแหน่งฯ,,30,2026-03-02 14:41:43,วิทยา สีดา,กลุ่มพัฒนาระบบบริหาร,กลุ่มพัฒนาระบบบริหาร,จองสำเร็จ,2026-03-02 14:41:43
1882,2026-03-09,13:00-17:00,Zoom Meeting Room 1,ประชุมคณะกรรมการพิจารณาข้อมูลข่าวสารของสำนักงาน ป.ป.ท.,รองเลขาธิการคณะกรรมการ ป.ป.ท. 1,15,2026-03-02 09:14:34,จิรวดี จินดาพล,กลุ่มงานกฎหมาย,กองกฎหมาย,จองสำเร็จ,2026-03-02 09:15:05
1883,2026-03-09,13:00-17:00,ห้องประชุม 2 (ห้องเล็ก),ประชุมคณะกรรมการข้อมูลข่าวสารสำนักงาน ป.ป.ท. ครั้งที่ 2,,15,2026-02-28 16:25:56,ณัฐกิตติ์ วงศ์วิวัฒน์ชัย,กลุ่มงานกฎหมาย,กองกฎหมาย,จองสำเร็จ,2026-03-04 08:57:11
1884,2026-03-09,13:00-16:30,ห้องประชุม(กยผ),ประชุมหารือ ร่วม ผอ. สลธ.,-,6,2026-03-05 14:12:51,ปุณญวีร์ อินทรีย,กลุ่มงานช่วยอำนวยการ,สำนักงานเลขาธิการ,จองสำเร็จ,2026-03-05 14:12:51
1885,2026-03-10,08:00-17:00,ห้องไต่สวน1,สอบพยาน,ระวิพรรณ จินดาดวง,5,2026-02-11 14:32:26,ระวิพรรณ จินดาดวง,กลุ่มงานปราบปรามการทุจริตกระทรวงด้านความมั่นคง 1,กองปราบปรามการทุจริตในภาครัฐ 1,จองสำเร็จ,2026-02-11 14:32:26
1886,2026-03-10,08:00-12:00,ห้องไต่สวน2,สอบพยาน,,5,2026-02-26 11:19:48,ดวงใจ เชยชม,กลุ่มงานปราบปรามการทุจริตในองค์กรปกครองส่วนท้องถิ่น 1,กองปราบปรามการทุจริตในภาครัฐ 4,จองสำเร็จ,2026-02-26 11:19:48
1887,2026-03-10,08:00-17:00,ห้องไต่สวน3,ประชุมคณะอนุกรรมการไต่สวน,,1,2026-02-26 12:12:15,ชรินดา มีแป้น,กลุ่มงานปราบปรามการทุจริตหน่วยงานในสังกัดสำนักนายกรัฐมนตรี,กองปราบปรามการทุจริตในภาครัฐ 5,จองสำเร็จ,2026-02-26 12:12:15
1888,2026-03-10,08:30-16:00,ห้องไต่สวน4,ประชุมคณะอนุกรรมการไต่สวน,,4,2026-03-04 09:41:01,อนาวิล เกตพันธ์,กลุ่มงานปราบปรามการทุจริตในองค์กรปกครองส่วนท้องถิ่น 1,กองปราบปรามการทุจริตในภาครัฐ 4,จองสำเร็จ,2026-03-04 09:41:01
1889,2026-03-10,08:30-12:30,OneConferenceRoom 1,ประชุมคณะกรรมการ ป.ป.ท. ประจำเดือน มีนาคม 2569 ครั้งที่ 19/2569,นายอำนาจ พวงชมภู,15,2026-02-19 09:44:52,ลลิตตา พานิชผล,กลุ่มงานบริหารคดีและบริหารทั่วไป,กองบริหารคดี,จองสำเร็จ,2026-02-19 09:44:52
1890,2026-03-10,08:30-12:30,ห้องประชุมคณะกรรมการ,ประชุมคณะกรรมการ ป.ป.ท. ประจำเดือน มีนาคม 2569 ครั้งที่ 19/2569,นายอำนาจ พวงชมภู,15,2026-02-19 09:43:57,ลลิตตา พานิชผล,กลุ่มงานบริหารคดีและบริหารทั่วไป,กองบริหารคดี,จองสำเร็จ,2026-02-19 09:43:57
1891,2026-03-10,09:30-16:30,Zoom Meeting Room 5,การประชุมกลุ่มย่อยเพื่อพิจารณาการกำหนดความรู้ความสามารถ ทักษะ และสมรรถนะที่จำเป็นสำหรับตำแหน่งฯ (วันที่ 2),,50,2026-03-02 14:49:12,วิทยา สีดา,กลุ่มพัฒนาระบบบริหาร,กลุ่มพัฒนาระบบบริหาร,จองสำเร็จ,2026-03-02 14:49:12
1892,2026-03-10,12:00-17:00,ห้องประชุม 2 (ห้องเล็ก),การเข้ารับการประเมินตัวชี้วัดความซื่อตรงในภาครัฐของประเทศไทย (the Public Integrity Indicators National Workshop – Thailand),,10,2026-03-04 10:14:22,ภูธนิตย์ สุขจิตร์,ฝ่ายบริหารทั่วไป,กองการต่างประเทศ,จองสำเร็จ,2026-03-04 10:14:22
1893,2026-03-10,12:00-17:00,ห้องประชุม 1 (ห้องใหญ่),การเข้ารับการประเมินตัวชี้วัดความซื่อตรงในภาครัฐของประเทศไทย (the Public Integrity Indicators National Workshop – Thailand),,20,2026-03-04 10:15:18,ภูธนิตย์ สุขจิตร์,ฝ่ายบริหารทั่วไป,กองการต่างประเทศ,จองสำเร็จ,2026-03-04 10:15:18
1894,2026-03-10,13:00-17:00,ห้องไต่สวน2,ไต่สวน,,1,2026-03-09 09:45:30,พูนทรัพย์ เตชะเกียรติสุจิตร,กลุ่มงานปราบปรามการทุจริตกระทรวงด้านความมั่นคง 1,กองปราบปรามการทุจริตในภาครัฐ 1,จองสำเร็จ,2026-03-09 09:45:30
1895,2026-03-10,13:00-16:30,ห้องประชุม(กยผ),ประชุมสมรรถนะ,นางสาวอาภรณีย์ เสมรสุต,7,2026-03-05 07:25:29,สลักจิต ณ ลำพูน,ฝ่ายบริหารทั่วไป,กองยุทธศาสตร์และแผนงาน,จองสำเร็จ,2026-03-05 07:25:29
1896,2026-03-10,19:45-22:00,Zoom Meeting Room 2,มาตรการประหยัดพลังงาน เพื่อลดค่าสาธารณูปโภคภาย ของสำนักงาน ปปท. 2,นางสาวณฐพร สิทธิชัย,10,2026-03-10 19:32:30,เขมณัฏฐ์ บัวอยู่,กลุ่มงานบริหารคดีและบริหารทั่วไป,สำนักงานป้องกันและปราบปรามการทุจริตในภาครัฐ เขต 2,จองสำเร็จ,2026-03-10 19:32:30
1897,2026-03-11,08:00-17:00,ห้องไต่สวน1,สอบพยาน,ระวิพรรณ จินดาดวง,5,2026-02-11 14:33:39,ระวิพรรณ จินดาดวง,กลุ่มงานปราบปรามการทุจริตกระทรวงด้านความมั่นคง 1,กองปราบปรามการทุจริตในภาครัฐ 1,จองสำเร็จ,2026-02-11 14:33:39
1898,2026-03-11,08:00-12:00,ห้องไต่สวน2,สอบพยาน,จิราพรรณ ทาบุราญ,4,2026-02-23 15:03:52,จิราพรรณ ทาบุราญ,กลุ่มงานปราบปรามการทุจริตในองค์กรปกครองส่วนท้องถิ่น 2,กองปราบปรามการทุจริตในภาครัฐ 4,จองสำเร็จ,2026-02-23 15:03:52
1899,2026-03-11,08:00-16:30,ห้องไต่สวน3,ไต่สวน,,1,2026-02-26 11:25:40,อภิรักษ์ คงคาเพชร,กลุ่มงานปราบปรามการทุจริตในองค์กรปกครองส่วนท้องถิ่น 2,กองปราบปรามการทุจริตในภาครัฐ 4,จองสำเร็จ,2026-02-26 11:25:40
1900,2026-03-11,08:00-17:00,ห้องประชุม (กปท.4),สอบพยาน,,6,2026-03-09 09:19:03,ดวงใจ เชยชม,กลุ่มงานปราบปรามการทุจริตในองค์กรปกครองส่วนท้องถิ่น 1,กองปราบปรามการทุจริตในภาครัฐ 4,จองสำเร็จ,2026-03-09 09:19:03
1901,2026-03-11,08:30-12:30,OneConferenceRoom 1,ประชุมคณะกรรมการ ป.ป.ท. ประจำเดือน มีนาคม 2569 ครั้งที่ 20/2569,นายอำนาจ พวงชมภู,15,2026-02-19 09:46:36,ลลิตตา พานิชผล,กลุ่มงานบริหารคดีและบริหารทั่วไป,กองบริหารคดี,จองสำเร็จ,2026-02-19 09:46:36
1902,2026-03-11,08:30-12:30,ห้องประชุมคณะกรรมการ,ประชุมคณะกรรมการ ป.ป.ท. ประจำเดือน มีนาคม 2569 ครั้งที่ 20/2569,นายอำนาจ พวงชมภู,15,2026-02-19 09:45:38,ลลิตตา พานิชผล,กลุ่มงานบริหารคดีและบริหารทั่วไป,กองบริหารคดี,จองสำเร็จ,2026-02-19 09:45:38
1903,2026-03-11,09:00-12:00,Zoom Meeting Room 1,ประชุมคณะทำงานการจัดการความรู้ (KM) ปปท.เขต ๔,นายสวัสดิ์ นาสมฝัน,35,2026-03-05 17:35:48,ทัศนีย์ แสนลี,กลุ่มงานปราบปรามการทุจริตในภาครัฐ 3,สำนักงานป้องกันและปราบปรามการทุจริตในภาครัฐ เขต 4,จองสำเร็จ,2026-03-05 17:35:48
1904,2026-03-11,09:00-12:00,ห้องประชุม(ห้องเล็ก 31),KM ร่วมกับเขตพื้นที่ (เขต 4),นายสวัสดิ์ นาสมฝัน,1,2026-02-27 15:45:54,พิมพ์จุฑา ชินวงศ์สกุล,กลุ่มตรวจสอบภายใน,กลุ่มตรวจสอบภายใน,จองสำเร็จ,2026-02-27 15:45:54
1905,2026-03-11,09:00-16:30,ห้องประชุม(กยผ),ประชุมคณะกรรมการดำเนินงานจ้างที่ปรึกษา ครั้งที่ ๒ (ศบช.),นางสาวพัชรียา ต่อประดิษฐ์,5,2026-02-09 10:22:59,สรพงษ์ กุ้ยบำรุง,กลุ่มความร่วมมือและพัฒนานวัตกรรมความโปร่งใสในภาครัฐ,กองการต่างประเทศ,จองสำเร็จ,2026-02-09 10:22:59
1906,2026-03-11,09:00-16:30,Zoom Meeting Room 5,การประชุมกลุ่มย่อยเพื่อพิจารณาการกำหนดความรู้ความสามารถ ทักษะ และสมรรถนะที่จำเป็นสำหรับตำแหน่งฯ (วันที่ 3),,30,2026-03-02 14:50:49,วิทยา สีดา,กลุ่มพัฒนาระบบบริหาร,กลุ่มพัฒนาระบบบริหาร,จองสำเร็จ,2026-03-10 15:46:25
1907,2026-03-11,10:00-16:30,ห้องไต่สวน4,ประชุมคณะอนุกรรมการไต่สวนเพื่อวินิจฉัยชี้มูล,พ.ต.ท.เทวิล ชาญกล้า,3,2026-02-24 09:40:23,โรสนา ศักดิ์นภาพรเลิศ,กลุ่มงานปราบปรามการทุจริตหน่วยงานไม่สังกัดกระทรวง ทบวง สำนักนายกรัฐมนตรี,กองปราบปรามการทุจริตในภาครัฐ 5,จองสำเร็จ,2026-02-24 09:40:23
1908,2026-03-11,12:00-17:30,Zoom Meeting Room 9,ประชุมอนุเงินเพิ่มฯ ครั้งที่ 2/2569,,10,2026-02-24 13:50:33,อธิวัฒน์ ธัมมารัตน์นนท์,กลุ่มงานบริหารงานบุคคล,สำนักงานเลขาธิการ,จองสำเร็จ,2026-02-24 13:50:33
1909,2026-03-11,13:00-16:30,ห้องไต่สวน2,สอบผู้ร้อง,,3,2026-03-05 12:37:23,ชัยนาท น้อยสอน,กลุ่มงานปราบปรามการทุจริตหน่วยงานในสังกัดสำนักนายกรัฐมนตรี,กองปราบปรามการทุจริตในภาครัฐ 5,จองสำเร็จ,2026-03-05 12:37:23
1910,2026-03-11,13:00-17:30,ห้องประชุม 1 (ห้องใหญ่),ประชุมอนุเงินเพิ่มฯ ครั้งที่ 2/2569,,20,2026-02-24 13:49:52,อธิวัฒน์ ธัมมารัตน์นนท์,กลุ่มงานบริหารงานบุคคล,สำนักงานเลขาธิการ,จองสำเร็จ,2026-02-24 13:49:52
1911,2026-03-11,13:30-16:30,ห้องประชุม 2 (ห้องเล็ก),"ประชุมคณะกรรมการจัดทำร่างขอบเขตของงานและกำหนดราคากลาง การเช่ารถยนต์ตรวจการณ์ เครื่องยนต์ดีเซล (ปริมาตรกระบอกสูบไม่ต่ำกว่า 2,000 ซีซี หรือกำลังเครื่องยนต์สูงสุดไม่ต่ำกว่า 100 กิโลวัตต์) แบบขับเคลื่อน 2 ล้อ 25 คัน (พร้อมพนักงานขับรถ)",นายจักรภพ ขันทะวงศ์,1,2026-03-09 13:14:07,จุฑามาศ สาครเย็น,กลุ่มงานพัสดุและอาคารสถานที่,สำนักงานเลขาธิการ,จองสำเร็จ,2026-03-09 13:14:07
1912,2026-03-12,08:00-12:00,ห้องประชุม 2 (ห้องเล็ก),ประชุมคณะอนุกรรมการขับเคลื่อนงานป้องกันและเฝ้าระวังการทุุจริต ครั้งที่ 2/2569,,10,2026-01-29 09:45:50,สุริยะ พรหมแก้ว,ฝ่ายบริหารทั่วไป,กองป้องกันการทุจริตในภาครัฐ,จองสำเร็จ,2026-01-29 09:45:50
1913,2026-03-12,08:00-17:00,ห้องไต่สวน1,สอบพยาน,ระวิพรรณ จินดาดวง,5,2026-02-11 14:34:49,ระวิพรรณ จินดาดวง,กลุ่มงานปราบปรามการทุจริตกระทรวงด้านความมั่นคง 1,กองปราบปรามการทุจริตในภาครัฐ 1,จองสำเร็จ,2026-02-11 14:34:49
1914,2026-03-12,08:00-17:00,ห้องไต่สวน2,ไต่สวน,สมศักดิ์,1,2026-01-30 10:51:26,สมศักดิ์ ทองประดับ,กลุ่มงานปราบปรามการทุจริตในองค์กรปกครองส่วนท้องถิ่น 2,กองปราบปรามการทุจริตในภาครัฐ 4,จองสำเร็จ,2026-01-30 10:51:26
1915,2026-03-12,08:00-16:30,ห้องไต่สวน3,ไต่สวน,,1,2026-02-23 10:32:25,อภิรักษ์ คงคาเพชร,กลุ่มงานปราบปรามการทุจริตในองค์กรปกครองส่วนท้องถิ่น 2,กองปราบปรามการทุจริตในภาครัฐ 4,จองสำเร็จ,2026-02-23 10:32:25
1916,2026-03-12,08:00-12:00,Zoom Meeting Room 9,ประชุมคณะอนุกรรมการขับเคลื่อนงานป้องกันและเฝ้าระวังการทุุจริต ครั้งที่ 2/2569,,15,2026-01-29 09:48:50,สุริยะ พรหมแก้ว,ฝ่ายบริหารทั่วไป,กองป้องกันการทุจริตในภาครัฐ,จองสำเร็จ,2026-02-02 11:17:46
1917,2026-03-12,09:00-12:00,Zoom Meeting Room 2,มาตรการประหยัดพลังงาน เพื่อลดค่าสาธารณูปโภคภาย ของสำนักงาน ปปท. 2 (WFH),นางสาวณฐพร สิทธิชัย ผอ.ปปท.เขต 2,10,2026-03-11 16:41:30,เขมณัฏฐ์ บัวอยู่,กลุ่มงานบริหารคดีและบริหารทั่วไป,สำนักงานป้องกันและปราบปรามการทุจริตในภาครัฐ เขต 2,จองสำเร็จ,2026-03-11 16:46:55
1918,2026-03-12,09:00-10:00,OneConferenceRoom 1,ประชุมคดีไต่สวนข้อเท็จจริง คำสั่งที่ ฯ 62/2568 ลว 18 ก.พ.2568,นายสุริยา ปัญญจิตร,4,2026-03-04 13:45:15,สุกัญญา จิตรากุล,กลุ่มงานปราบปรามการทุจริตในภาครัฐ 3,สำนักงานป้องกันและปราบปรามการทุจริตในภาครัฐ เขต 4,จองสำเร็จ,2026-03-04 13:45:15
1919,2026-03-12,09:30-16:30,Zoom Meeting Room 5,การประชุมกลุ่มย่อยเพื่อพิจารณาการกำหนดความรู้ความสามารถ ทักษะ และสมรรถนะที่จำเป็นสำหรับตำแหน่งฯ (วันที่ 4),,20,2026-03-02 14:55:40,วิทยา สีดา,กลุ่มพัฒนาระบบบริหาร,กลุ่มพัฒนาระบบบริหาร,จองสำเร็จ,2026-03-02 14:55:40
1920,2026-03-12,10:45-12:00,Zoom Meeting Room 1,ประชุมแนวทางการปฏิบัตินอกสถานที่ตั้ง (Work from Home),นายจิรวัฒน์ สุภาพ,1,2026-03-12 09:40:09,ธันย์นภัทร ศรีนันทา,กลุ่มงานป้องกันการทุจริตในภาครัฐ,สำนักงานป้องกันและปราบปรามการทุจริตในภาครัฐ เขต 4,จองสำเร็จ,2026-03-12 09:40:09
1921,2026-03-12,13:00-16:30,ห้องประชุม 2 (ห้องเล็ก),ประชุมร่วมกับ OECD เพื่อเตรียมการสำหรับงาน launch IR Paris,,10,2026-03-06 15:22:56,ภูธนิตย์ สุขจิตร์,ฝ่ายบริหารทั่วไป,กองการต่างประเทศ,จองสำเร็จ,2026-03-06 15:25:13
1922,2026-03-12,13:00-16:30,ห้องไต่สวน4,ประชุมไต่สวน,พงศ์ศักดิ์,1,2026-03-11 16:24:36,พงศ์ศักดิ์ น้ำขาว,กลุ่มงานปราบปรามการทุจริตหน่วยงานไม่สังกัดกระทรวง ทบวง สำนักนายกรัฐมนตรี,กองปราบปรามการทุจริตในภาครัฐ 5,จองสำเร็จ,2026-03-11 16:24:36
1923,2026-03-12,14:00-16:30,OneConferenceRoom 2,จัดประชุมคณะอนุกรรมการไต่สวน,พ.ต.อ. กษิดิศ เพิ่มพูนวิวัฒน์,5,2026-03-06 11:01:52,ปิ่นมนัส แสงจันทร์,กลุ่มงานปราบปรามการทุจริตในภาครัฐ 2,สำนักงานป้องกันและปราบปรามการทุจริตในภาครัฐ เขต 9,จองสำเร็จ,2026-03-06 11:01:52
1924,2026-03-13,07:00-16:30,ห้องไต่สวน2,ไต่สวน,,1,2026-02-23 10:33:37,อภิรักษ์ คงคาเพชร,กลุ่มงานปราบปรามการทุจริตในองค์กรปกครองส่วนท้องถิ่น 2,กองปราบปรามการทุจริตในภาครัฐ 4,จองสำเร็จ,2026-02-23 10:33:37
1925,2026-03-13,08:00-17:00,ห้องไต่สวน1,สอบพยาน,ระวิพรรณ จินดาดวง,6,2026-02-11 14:35:46,ระวิพรรณ จินดาดวง,กลุ่มงานปราบปรามการทุจริตกระทรวงด้านความมั่นคง 1,กองปราบปรามการทุจริตในภาครัฐ 1,จองสำเร็จ,2026-02-11 14:35:46
1926,2026-03-13,08:00-17:00,ห้องไต่สวน4,ไต่สวน สอบปากคำพยาน,,1,2026-03-05 14:46:44,รัตติกาล ณ ราช,กลุ่มงานปราบปรามการทุจริตหน่วยงานในสังกัดสำนักนายกรัฐมนตรี,กองปราบปรามการทุจริตในภาครัฐ 5,จองสำเร็จ,2026-03-05 14:46:44
1927,2026-03-13,08:00-12:00,ห้องประชุม(ห้องเล็ก 31),ประชุมคณะอนุสนับสนุนฯ,,1,2026-03-02 10:41:39,ศรัทธา ศรมณี,กลุ่มงานปราบปรามการทุจริตหน่วยงานไม่สังกัดกระทรวง ทบวง สำนักนายกรัฐมนตรี,กองปราบปรามการทุจริตในภาครัฐ 5,จองสำเร็จ,2026-03-02 10:44:50
1928,2026-03-13,08:15-12:00,Zoom Meeting Room 9,กิจกรรมแลกเปลี่ยนเรียนรู้ ภายในสำนักงาน ป.ป.ท. (KM DAY) หัวข้อ : สมาชิกทวีค่าเงินออมต่อยอดการลงทุน,สลธ.,100,2026-02-16 10:10:08,ณัฏฐ์รินทร์ กรรณสูต,กลุ่มงานพัฒนาบุคลากร,สำนักงานเลขาธิการ,จองสำเร็จ,2026-02-16 10:10:08
1929,2026-03-13,08:30-12:45,ห้องไต่สวน3,สอบผู้ร้อง,,1,2026-03-09 11:48:52,นวพร ปั้นจันทร์,กลุ่มงานปราบปรามการทุจริตหน่วยงานในสังกัดสำนักนายกรัฐมนตรี,กองปราบปรามการทุจริตในภาครัฐ 5,จองสำเร็จ,2026-03-09 11:48:52
1930,2026-03-13,08:30-12:00,ห้องประชุม 1 (ห้องใหญ่),ประชุม อ.ก.พ. กระทรวง ครั้งที่ 1/2569,,15,2026-02-20 17:11:54,อธิวัฒน์ ธัมมารัตน์นนท์,กลุ่มงานบริหารงานบุคคล,สำนักงานเลขาธิการ,จองสำเร็จ,2026-02-20 17:11:54
1931,2026-03-13,09:30-16:30,ห้องประชุม 2 (ห้องเล็ก),ประชุมคณะอนุกรรมการกลั่นกรองฯ คณะที่ 2,นายพิทักษ์ คงจันทร์,9,2026-02-09 10:07:16,ฤาฤทธิ์ เริงสมุทร์,กลุ่มงานคำวินิจฉัยและมติคณะกรรมการ,กองบริหารคดี,จองสำเร็จ,2026-02-09 10:07:16
1932,2026-03-13,09:30-16:30,OneConferenceRoom 1,ประชุมคณะอนุกรรมการกลั่นกรองฯ คณะที่ 2,นายพิทักษ์ คงจันทร์,9,2026-02-09 10:07:16,ฤาฤทธิ์ เริงสมุทร์,กลุ่มงานคำวินิจฉัยและมติคณะกรรมการ,กองบริหารคดี,จองสำเร็จ,2026-02-09 10:07:16
1933,2026-03-13,13:00-17:00,Zoom Meeting Room 1,ประชุมหารือตัวชี้วัด CPI,-,10,2026-02-27 15:46:26,นิลมณี จิรอร่าม,กลุ่มพัฒนาระบบบริหาร,กลุ่มพัฒนาระบบบริหาร,จองสำเร็จ,2026-02-27 15:46:26
1934,2026-03-13,13:00-17:00,ห้องประชุม(ห้องเล็ก 31),ประชุมหารือตัวชี้วัด CPI,,1,2026-03-10 16:23:54,นิลมณี จิรอร่าม,กลุ่มพัฒนาระบบบริหาร,กลุ่มพัฒนาระบบบริหาร,จองสำเร็จ,2026-03-10 16:23:54
1935,2026-03-13,13:00-17:00,ห้องประชุม(กยผ),ประชุมหารือตัวชี้วัด CPI,-,10,2026-02-27 15:55:45,นิลมณี จิรอร่าม,กลุ่มพัฒนาระบบบริหาร,กลุ่มพัฒนาระบบบริหาร,จองสำเร็จ,2026-02-27 15:55:45
1936,2026-03-13,13:00-16:30,ห้องประชุม (กปท.4),ประชุมคณะกรรมการตรวจรับพัสดุ,,5,2026-03-09 11:34:33,นพณัช นิลสนธิ,กลุ่มความร่วมมือและพัฒนานวัตกรรมความโปร่งใสในภาครัฐ,กองการต่างประเทศ,จองสำเร็จ,2026-03-09 11:34:33
1937,2026-03-13,13:00-16:30,Zoom Meeting Room 3,หารือแนวทางการประชาสัมพันธ์ระบบการประเมินความเสี่ยงการทุจริต ในหน่วยงานภาครัฐ,ผอ.กบส.,10,2026-03-11 09:58:42,ริญญรัตน์ ฐิติสมานรัตน์,กลุ่มงานปราบปรามการทุจริตกระทรวงด้านสังคม,กองปราบปรามการทุจริตในภาครัฐ 2,จองสำเร็จ,2026-03-11 09:58:42
1938,2026-03-13,13:00-14:30,OneConferenceRoom 3,ตามคำสั่งคณะกรรมการ ป.ป.ท. ที่ ๑๘๕/๒๕๖๑ ลงวันที่ ๓๐ มีนาคม ๒๕๖๑ และ คำสั่งคณะกรรมการ ป.ป.ท. ลับ ที่ ๕๗/๒๕๖๖ ลงวันที่ ๑๐ กุมภาพันธ์ ๒๕๖๖,กฤษณ์ กระแสเวส,6,2026-03-11 13:05:30,ภัคภิณญา อุตสาย,กลุ่มงานบริหารคดีและบริหารทั่วไป,สำนักงานป้องกันและปราบปรามการทุจริตในภาครัฐ เขต 5,จองสำเร็จ,2026-03-11 13:05:30
1939,2026-03-16,08:00-17:00,ห้องไต่สวน1,ไต่สวนเบื้องต้น,,1,2026-02-19 12:50:57,กาญจณา นาวิกนันทน์,กลุ่มงานปราบปรามการทุจริตกระทรวงด้านความมั่นคง 2,กองปราบปรามการทุจริตในภาครัฐ 1,จองสำเร็จ,2026-02-19 12:50:57
1940,2026-03-16,08:00-17:00,ห้องไต่สวน2,สอบพยาน,สมศักดิ์,1,2026-03-02 10:07:20,สมศักดิ์ ทองประดับ,กลุ่มงานปราบปรามการทุจริตในองค์กรปกครองส่วนท้องถิ่น 2,กองปราบปรามการทุจริตในภาครัฐ 4,จองสำเร็จ,2026-03-02 10:07:20
1941,2026-03-16,08:30-16:30,ห้องประชุม 2 (ห้องเล็ก),ประชุมคณะอนุกรรมการกลั่นกรองฯ คณะที่ 3 ครั้งที่ 36-3/2569,นายภาส ภาสสัทธา,9,2026-02-06 12:12:26,นงค์ลักษณ์ ยั่งยืน,กลุ่มงานคำวินิจฉัยและมติคณะกรรมการ,กองบริหารคดี,จองสำเร็จ,2026-03-02 17:19:04
1942,2026-03-16,09:00-12:00,ห้องไต่สวน4,สอบพยาน,,5,2026-03-10 13:43:58,มานพ ธงชัย,กลุ่มงานปราบปรามการทุจริตในองค์กรปกครองส่วนท้องถิ่น 2,กองปราบปรามการทุจริตในภาครัฐ 4,จองสำเร็จ,2026-03-10 13:43:58
1943,2026-03-16,09:00-16:30,ห้องประชุม 1 (ห้องใหญ่),การประชุมคณะอนุกรรมการกลั่นกรองฯ คณะที่ 4,พลโท กิตติยุทธ  กิตติยุทธโยธิน,9,2026-02-09 14:02:09,ณัฐฐพิชา นาวินธรรม,กลุ่มงานคำวินิจฉัยและมติคณะกรรมการ,กองบริหารคดี,จองสำเร็จ,2026-02-09 14:02:09
1944,2026-03-16,09:00-16:30,OneConferenceRoom 1,การประชุมคณะอนุกรรมการกลั่นกรองฯ คณะที่ 4,พลโท กิตติยุทธ  กิตติยุทธโยธิน,9,2026-02-09 14:02:09,ณัฐฐพิชา นาวินธรรม,กลุ่มงานคำวินิจฉัยและมติคณะกรรมการ,กองบริหารคดี,จองสำเร็จ,2026-02-09 14:02:09
1945,2026-03-16,09:30-17:00,ห้องไต่สวน3,สอบถ้อยคำผู้ร้องเรียน,,4,2026-03-04 09:59:28,วลัยพร พ่วงเจริญ,กลุ่มงานปราบปรามการทุจริตในองค์กรปกครองส่วนท้องถิ่น 2,กองปราบปรามการทุจริตในภาครัฐ 4,จองสำเร็จ,2026-03-04 09:59:28
1946,2026-03-16,09:30-12:00,ห้องประชุม(ห้องเล็ก 31),ประชุมปิดตรวจการประเมินผลความมีประสิทธิผลของกระบวนการบริหารความเสี่ยงสำนักงาน ป.ป.ท. (การบริหารความเสี่ยงทั่วทั้งองค์กร),ผอ.กตน.,5,2026-03-11 13:30:17,พิมพ์จุฑา ชินวงศ์สกุล,กลุ่มตรวจสอบภายใน,กลุ่มตรวจสอบภายใน,จองสำเร็จ,2026-03-11 13:30:17
1947,2026-03-16,09:30-16:30,ห้องประชุม(กยผ),ประชุมคณะกรรมการตรวจรับพัสดุ,,5,2026-03-10 08:53:45,นพณัช นิลสนธิ,กลุ่มความร่วมมือและพัฒนานวัตกรรมความโปร่งใสในภาครัฐ,กองการต่างประเทศ,จองสำเร็จ,2026-03-10 08:53:45
1948,2026-03-16,09:30-12:00,Zoom Meeting Room 3,ประชุมปิดตรวจการประเมินผลความมีประสิทธิผลของกระบวนการบริหารความเสี่ยงสำนักงาน ป.ป.ท. (การบริหารความเสี่ยงทั่วทั้งองค์กร),ผอ.กตน.,5,2026-03-11 13:32:41,พิมพ์จุฑา ชินวงศ์สกุล,กลุ่มตรวจสอบภายใน,กลุ่มตรวจสอบภายใน,จองสำเร็จ,2026-03-11 13:32:41
1949,2026-03-16,13:30-17:00,ห้องไต่สวน4,ประชุมคณะกรรมการฯ,,5,2026-03-13 15:23:29,ณัฏฐ์นนท์ จารุวนาลัย,กลุ่มงานปราบปรามการทุจริตหน่วยงานไม่สังกัดกระทรวง ทบวง สำนักนายกรัฐมนตรี,กองปราบปรามการทุจริตในภาครัฐ 5,จองสำเร็จ,2026-03-13 15:23:29
1950,2026-03-17,08:00-16:30,ห้องไต่สวน2,สอบถ้อยคำ,,1,2026-03-10 15:36:21,ออมทอง นันตา,กลุ่มงานปราบปรามการทุจริตหน่วยงานในสังกัดสำนักนายกรัฐมนตรี,กองปราบปรามการทุจริตในภาครัฐ 5,จองสำเร็จ,2026-03-10 15:36:21
1951,2026-03-17,08:00-17:00,ห้องไต่สวน3,ไต่สวน สอบปากคำพยาน,,1,2026-03-12 15:28:54,รัตติกาล ณ ราช,กลุ่มงานปราบปรามการทุจริตหน่วยงานในสังกัดสำนักนายกรัฐมนตรี,กองปราบปรามการทุจริตในภาครัฐ 5,จองสำเร็จ,2026-03-12 15:28:54
1952,2026-03-17,08:30-16:30,ห้องไต่สวน4,ไต่สวนเบื้องต้น,,1,2026-02-27 10:58:21,พรรณนิภา อารยะทรงศักดิ์,กลุ่มงานปราบปรามการทุจริตหน่วยงานไม่สังกัดกระทรวง ทบวง สำนักนายกรัฐมนตรี,กองปราบปรามการทุจริตในภาครัฐ 5,จองสำเร็จ,2026-02-27 10:58:21
1953,2026-03-17,09:15-17:15,ห้องไต่สวน1,ไต่สวน,ไม่มี,1,2026-02-24 16:03:00,เมศรา หนูแก้ว,กลุ่มงานปราบปรามการทุจริตกระทรวงด้านความมั่นคง 1,กองปราบปรามการทุจริตในภาครัฐ 1,จองสำเร็จ,2026-02-24 16:03:00
1954,2026-03-17,09:30-12:00,ห้องประชุม 2 (ห้องเล็ก),ประชุมคณะกรรมการจัดจ้าง (ศฐ๙.),,5,2026-03-16 13:40:05,แพรววนิต เวียงมูล,กลุ่มความร่วมมือและพัฒนานวัตกรรมความโปร่งใสในภาครัฐ,กองการต่างประเทศ,จองสำเร็จ,2026-03-16 13:40:05
1955,2026-03-17,09:30-12:00,ห้องประชุม(กยผ),ประชุมคณะกรรมการจัดจ้างที่ปรึกษาฯ (ครั้งที่ 2),,5,2026-03-09 10:48:30,แพรววนิต เวียงมูล,กลุ่มความร่วมมือและพัฒนานวัตกรรมความโปร่งใสในภาครัฐ,กองการต่างประเทศ,จองสำเร็จ,2026-03-09 10:48:30
1956,2026-03-17,12:00-16:30,ห้องประชุมคณะกรรมการ,ประชุมคณะกรรมการ ป.ป.ท. ประจำเดือน มีนาคม 2569 ครั้งที่ 21/2569,นายอำนาจ พวงชมภู,15,2026-02-19 09:48:01,ลลิตตา พานิชผล,กลุ่มงานบริหารคดีและบริหารทั่วไป,กองบริหารคดี,จองสำเร็จ,2026-02-19 09:48:01
1957,2026-03-17,12:30-16:30,OneConferenceRoom 1,ประชุมคณะกรรมการ ป.ป.ท. ประจำเดือน มีนาคม 2569 ครั้งที่ 21/2569,,15,2026-02-19 09:49:09,ลลิตตา พานิชผล,กลุ่มงานบริหารคดีและบริหารทั่วไป,กองบริหารคดี,จองสำเร็จ,2026-02-19 09:49:40
1958,2026-03-17,13:00-16:00,ห้องประชุม 2 (ห้องเล็ก),ประชุมคณะกรรมการ CSO ครั้งที่ 1/2569,พันตำรวจโท สิริพงษ์ ศรีตุลา,8,2026-03-04 14:49:34,ตรียภรณ์ กองอ้น,กลุ่มงานป้องกันการทุจริตในภาครัฐ,สำนักงานป้องกันและปราบปรามการทุจริตในภาครัฐ เขต 5,จองสำเร็จ,2026-03-04 14:49:34
1959,2026-03-17,13:00-16:30,ห้องประชุม (กปท.4),สอบพยาน,,4,2026-03-12 16:54:29,มานพ ธงชัย,กลุ่มงานปราบปรามการทุจริตในองค์กรปกครองส่วนท้องถิ่น 2,กองปราบปรามการทุจริตในภาครัฐ 4,จองสำเร็จ,2026-03-12 16:54:29
1960,2026-03-17,13:00-16:00,Zoom Meeting Room 8,ประชุมคณะกรรมการ CSO ครั้งที่ 1/2569,พันตำรวจโท สิริพงษ์ ศรีตุลา,8,2026-03-04 14:50:43,ตรียภรณ์ กองอ้น,กลุ่มงานป้องกันการทุจริตในภาครัฐ,สำนักงานป้องกันและปราบปรามการทุจริตในภาครัฐ เขต 5,จองสำเร็จ,2026-03-04 14:50:43
1961,2026-03-18,08:00-17:15,ห้องไต่สวน1,สอบพยาน,ระวิพรรณ จินดาดวง,4,2026-02-11 14:39:50,ระวิพรรณ จินดาดวง,กลุ่มงานปราบปรามการทุจริตกระทรวงด้านความมั่นคง 1,กองปราบปรามการทุจริตในภาครัฐ 1,จองสำเร็จ,2026-02-11 14:39:50
1962,2026-03-18,08:30-12:00,OneConferenceRoom 1,ประชุมคณะกรรมการ ป.ป.ท. ประจำเดือน มีนาคม 2569 ครั้งที่ 22/2569,นายอำนาจ พวงชมภู,15,2026-02-19 09:55:47,ลลิตตา พานิชผล,กลุ่มงานบริหารคดีและบริหารทั่วไป,กองบริหารคดี,จองสำเร็จ,2026-02-19 09:55:47
1963,2026-03-18,08:30-12:30,ห้องประชุมคณะกรรมการ,ประชุมคณะกรรมการ ป.ป.ท. ประจำเดือน มีนาคม 2569 ครั้งที่ 22/2569,นายอำนาจ พวงชมภู,15,2026-02-19 09:54:10,ลลิตตา พานิชผล,กลุ่มงานบริหารคดีและบริหารทั่วไป,กองบริหารคดี,จองสำเร็จ,2026-02-19 09:54:10
1964,2026-03-18,09:00-12:00,ห้องประชุม 2 (ห้องเล็ก),ประชุมหารือ​ผอ.สลธ.,,5,2026-03-16 19:52:44,ปุณญวีร์ อินทรีย,กลุ่มงานช่วยอำนวยการ,สำนักงานเลขาธิการ,จองสำเร็จ,2026-03-16 19:52:44
1965,2026-03-18,09:00-09:30,Zoom Meeting Room 6,ประชุมหารือ​ผอ.สลธ.,,1,2026-03-18 08:51:38,พรทิพย์ อยู่สุข,ฝ่ายบริหารทั่วไป,ศูนย์เทคโนโลยีสารสนเทศและการสื่อสาร,จองสำเร็จ,2026-03-18 08:51:38
1966,2026-03-18,09:00-12:00,OneConferenceRoom 3,ขอประฃุมคณะอนุกรรมการไต่สวน ฯ เรื่องที่ 0509/66,นายสุภาพ ศิริ,3,2026-03-13 12:59:12,โฆษิต เฮงจำรัส,กลุ่มงานปราบปรามการทุจริตในภาครัฐ 1,สำนักงานป้องกันและปราบปรามการทุจริตในภาครัฐ เขต 6,จองสำเร็จ,2026-03-13 13:00:27
1967,2026-03-18,11:00-16:30,ห้องประชุม 1 (ห้องใหญ่),ประชุมร่วมกับคณะกรรมการ zeor  corruption,นายอำนาจ พวงชมพู,30,2026-03-02 09:09:14,ลลิตตา พานิชผล,กลุ่มงานบริหารคดีและบริหารทั่วไป,กองบริหารคดี,จองสำเร็จ,2026-03-16 11:51:09
1968,2026-03-18,13:00-15:30,Zoom Meeting Room 1,คณะกรรมการกลั่นกรองและคัดเลือกบุคลากร เพื่อส่งเข้ารับการฝึกอบรมกับหน่วยงานภายนอก ของสำนักงาน ป.ป.ท. ครั้งที่ 3/2569,พันตำรวจโท สิริพงษ์ ศรีตุลา,8,2026-03-11 16:06:50,ลินจง ดาวเรือง,กลุ่มงานบริหารงานบุคคล,สำนักงานเลขาธิการ,จองสำเร็จ,2026-03-11 16:06:50
1969,2026-03-18,13:00-15:30,ห้องประชุม 2 (ห้องเล็ก),คณะกรรมการกลั่นกรองและคัดเลือกบุคลากร เพื่อส่งเข้ารับการฝึกอบรมกับหน่วยงานภายนอก ของสำนักงาน ป.ป.ท. ครั้งที่ 3/2569,พันตำรวจโท สิริพงษ์ ศรีตุลา,8,2026-03-11 16:04:49,ลินจง ดาวเรือง,กลุ่มงานบริหารงานบุคคล,สำนักงานเลขาธิการ,จองสำเร็จ,2026-03-11 16:04:49
1970,2026-03-18,13:00-16:00,Zoom Meeting Room 5,การประชุมกลุ่มย่อยเพื่อพิจารณาการกำหนดความรู้ความสามารถ ทักษะ และสมรรถนะที่จำเป็นสำหรับตำแหน่งฯ (ศปท. / กพร.),,10,2026-03-17 12:24:29,วิทยา สีดา,กลุ่มพัฒนาระบบบริหาร,กลุ่มพัฒนาระบบบริหาร,จองสำเร็จ,2026-03-17 12:25:06
1971,2026-03-19,08:00-17:30,ห้องไต่สวน1,สอบพยาน,ระวิพรรณ จินดาดวง,5,2026-02-11 14:40:32,ระวิพรรณ จินดาดวง,กลุ่มงานปราบปรามการทุจริตกระทรวงด้านความมั่นคง 1,กองปราบปรามการทุจริตในภาครัฐ 1,จองสำเร็จ,2026-02-11 14:40:32
1972,2026-03-19,08:00-16:00,ห้องไต่สวน2,ไต่สวน,,1,2026-03-09 15:51:38,ณัฏฐพล ศุรธีร์โกศล,กลุ่มงานปราบปรามการทุจริตหน่วยงานในสังกัดสำนักนายกรัฐมนตรี,กองปราบปรามการทุจริตในภาครัฐ 5,จองสำเร็จ,2026-03-09 15:51:38
1973,2026-03-19,08:00-12:00,Zoom Meeting Room 9,กิจกรรมแลกเปลี่ยนเรียนรู้ ภายในสำนักงาน ป.ป.ท. (KM DAY) หัวข้อ “กินอย่างไร ห่างไกลโรค You are what you eat”,,100,2026-03-15 20:41:50,ณัฏฐ์รินทร์ กรรณสูต,กลุ่มงานพัฒนาบุคลากร,สำนักงานเลขาธิการ,จองสำเร็จ,2026-03-15 20:41:50
1974,2026-03-19,09:00-15:30,ห้องไต่สวน4,ไต่สวนเบื้องต้น,,2,2026-03-04 09:10:28,โรสนา ศักดิ์นภาพรเลิศ,กลุ่มงานปราบปรามการทุจริตหน่วยงานไม่สังกัดกระทรวง ทบวง สำนักนายกรัฐมนตรี,กองปราบปรามการทุจริตในภาครัฐ 5,จองสำเร็จ,2026-03-04 09:10:28
1975,2026-03-19,10:00-12:00,Zoom Meeting Room 1,ประชุมคณะทำงานพิจารณาแบ่งหน่วยงานภายในของสำนักงานคณะกรรมการป้องกัน  และปราบปรามการทุจริตในภาครัฐ ครั้งที่ 2/2569,เลขาธิการคณะกรรมการ ปปท,15,2026-03-10 13:14:22,อัมมรรัตน์ หุ่นทอง,กลุ่มพัฒนาระบบบริหาร,กลุ่มพัฒนาระบบบริหาร,จองสำเร็จ,2026-03-10 13:14:41
1976,2026-03-19,13:30-16:30,Zoom Meeting Room 2,การประชุม กปท.4,,5,2026-03-17 10:35:40,มานพ ธงชัย,กลุ่มงานปราบปรามการทุจริตในองค์กรปกครองส่วนท้องถิ่น 2,กองปราบปรามการทุจริตในภาครัฐ 4,จองสำเร็จ,2026-03-18 09:44:31
1977,2026-03-20,08:00-12:00,ห้องประชุม 2 (ห้องเล็ก),ประชุมคณะทำงานพิจารณาแบ่งหน่วยงานภายในของสำนักงานคณะกรรมการป้องกัน และปราบปรามการทุจริตในภาครัฐ ครั้งที่ 2/2569,รองเลขาธิการคณะกรรมการ ป.ป.ท.,1,2026-03-18 18:13:48,อัมมรรัตน์ หุ่นทอง,กลุ่มพัฒนาระบบบริหาร,กลุ่มพัฒนาระบบบริหาร,จองสำเร็จ,2026-03-19 15:14:30
1978,2026-03-20,08:00-17:00,ห้องไต่สวน1,สอบพยาน,ระวิพรรณ จินดาดวง,5,2026-02-11 15:34:57,ระวิพรรณ จินดาดวง,กลุ่มงานปราบปรามการทุจริตกระทรวงด้านความมั่นคง 1,กองปราบปรามการทุจริตในภาครัฐ 1,จองสำเร็จ,2026-02-11 15:34:57
1979,2026-03-20,08:00-16:30,ห้องประชุม 1 (ห้องใหญ่),ประชุมเร่งรัดติดตามผลการดำเนินการประจำปีงบประมาณ พ.ศ. 2569 ครั้งที่ 1/2569,พันตำรวจโท สิริพงษ์ ศรีตุลา,30,2026-02-26 11:20:01,สลักจิต ณ ลำพูน,ฝ่ายบริหารทั่วไป,กองยุทธศาสตร์และแผนงาน,จองสำเร็จ,2026-02-26 11:23:41
1980,2026-03-20,08:30-16:30,ห้องไต่สวน4,สอบพยาน,,3,2026-03-19 15:24:20,ชัยนาท น้อยสอน,กลุ่มงานปราบปรามการทุจริตหน่วยงานในสังกัดสำนักนายกรัฐมนตรี,กองปราบปรามการทุจริตในภาครัฐ 5,จองสำเร็จ,2026-03-19 15:24:20
1981,2026-03-20,08:30-17:00,ห้องประชุม(ห้องเล็ก 31),ประชุมหารือการรับประกันความชำรุดบกพร่อง ระบบ E-Learning,นางสาวปิยนุช จันทน์สุคนธ์,5,2026-03-18 15:27:59,กิติคุณ โตรักษา,กลุ่มงานวิชาการและพัฒนานวัตกรรมด้านการป้องกัน,กองป้องกันการทุจริตในภาครัฐ,จองสำเร็จ,2026-03-18 15:27:59
1982,2026-03-20,08:30-13:00,Zoom Meeting Room 3,ประชุมเร่งรัดติดตามผลการดำเนินการประจำปีงบประมาณ พ.ศ. 2569 ครั้งที่ 1/2569,พันตำรวจโท สิริพงษ์ ศรีตุลา,30,2026-02-26 11:22:55,สลักจิต ณ ลำพูน,ฝ่ายบริหารทั่วไป,กองยุทธศาสตร์และแผนงาน,จองสำเร็จ,2026-02-26 11:22:55
1983,2026-03-23,08:00-17:00,ห้องไต่สวน4,ไต่สวน,,1,2026-03-11 11:34:29,สรศักดิ์ ชัยอนันต์วรพล,กลุ่มงานปราบปรามการทุจริตหน่วยงานไม่สังกัดกระทรวง ทบวง สำนักนายกรัฐมนตรี,กองปราบปรามการทุจริตในภาครัฐ 5,จองสำเร็จ,2026-03-11 11:34:29
1984,2026-03-23,09:00-16:00,ห้องไต่สวน2,สอบพยาน,,1,2026-03-11 12:04:38,ดวงใจ เชยชม,กลุ่มงานปราบปรามการทุจริตในองค์กรปกครองส่วนท้องถิ่น 1,กองปราบปรามการทุจริตในภาครัฐ 4,จองสำเร็จ,2026-03-11 12:04:38
1985,2026-03-23,09:00-16:00,ห้องไต่สวน3,สอบพยาน,,3,2026-03-13 14:23:51,อนาวิล เกตพันธ์,กลุ่มงานปราบปรามการทุจริตในองค์กรปกครองส่วนท้องถิ่น 1,กองปราบปรามการทุจริตในภาครัฐ 4,จองสำเร็จ,2026-03-13 14:23:51
1986,2026-03-23,09:00-16:30,ห้องประชุม 1 (ห้องใหญ่),การประชุมคณะอนุกรรมการกลั่นกรองฯ คณะที่ 8,นายอดิศักดิ์ ปัตรวลี,9,2026-03-10 10:13:32,ณัฐฐพิชา นาวินธรรม,กลุ่มงานคำวินิจฉัยและมติคณะกรรมการ,กองบริหารคดี,จองสำเร็จ,2026-03-10 10:13:32
1987,2026-03-23,09:00-16:30,OneConferenceRoom 2,การประชุมคณะอนุกรรมการกลั่นกรองฯ คณะที่ 8,นายอดิศักดิ์ ปัตรวลี,9,2026-03-10 10:13:32,ณัฐฐพิชา นาวินธรรม,กลุ่มงานคำวินิจฉัยและมติคณะกรรมการ,กองบริหารคดี,จองสำเร็จ,2026-03-10 10:13:32
1988,2026-03-23,09:30-15:00,ห้องประชุม 2 (ห้องเล็ก),ประชุมคณะอนุกรรมการกลั่นกรองฯ คณะที่ 1,พลโท นพพร โควหกุล,9,2026-02-26 15:39:47,ปิยะนุช ชูเมือง,กลุ่มงานคำวินิจฉัยและมติคณะกรรมการ,กองบริหารคดี,จองสำเร็จ,2026-02-26 15:39:47
1989,2026-03-23,09:30-11:45,ห้องประชุม(ห้องเล็ก 31),ประชุมกลุ่มตรวจสอบภายใน,ผอ. กตน.,3,2026-03-20 13:59:45,กฤตพร ใจโฮ้ง,กลุ่มตรวจสอบภายใน,กลุ่มตรวจสอบภายใน,จองสำเร็จ,2026-03-20 13:59:45
1990,2026-03-23,09:30-15:30,OneConferenceRoom 1,ประชุมคณะอนุกรรมการกลั่นกรองฯ คณะที่ 1,พลโท นพพร โควหกุล,9,2026-02-26 15:41:45,ปิยะนุช ชูเมือง,กลุ่มงานคำวินิจฉัยและมติคณะกรรมการ,กองบริหารคดี,จองสำเร็จ,2026-02-26 15:41:45
1991,2026-03-23,09:30-16:30,ห้องประชุมคณะกรรมการ,ประชุมคณะอนุกรรมการกลั่นกรองฯ คณะที่ 5 ครั้งที่ 28-5/2569,นายประพาฬ อนมาน,9,2026-02-16 13:02:49,พิศาล เฝื่อชาติ,กลุ่มงานคำวินิจฉัยและมติคณะกรรมการ,กองบริหารคดี,จองสำเร็จ,2026-02-16 13:03:06
1992,2026-03-23,13:00-17:00,ห้องไต่สวน1,ประชุมคณะกรรมการฯ,,5,2026-03-20 14:07:15,ณัฏฐ์นนท์ จารุวนาลัย,กลุ่มงานปราบปรามการทุจริตหน่วยงานไม่สังกัดกระทรวง ทบวง สำนักนายกรัฐมนตรี,กองปราบปรามการทุจริตในภาครัฐ 5,จองสำเร็จ,2026-03-20 14:07:15
1993,2026-03-23,13:00-16:00,Zoom Meeting Room 9,ประชุมหารือร่วมกับ สพร.,,1,2026-03-18 14:12:32,ตรียภรณ์ กองอ้น,กลุ่มงานป้องกันการทุจริตในภาครัฐ,สำนักงานป้องกันและปราบปรามการทุจริตในภาครัฐ เขต 5,จองสำเร็จ,2026-03-18 14:12:32
1994,2026-03-23,13:30-16:30,ห้องประชุม(ห้องเล็ก 31),ประชุมสรุปการจัดกิจกรรม 1.2 ประชุมเชิงปฏิบัติการฯ,ทิพากร คำเกิด,8,2026-03-22 18:31:08,พลอยศมน เอี่ยมศิลา,กลุ่มงานส่งเสริมธรรมาภิบาลในภาครัฐ,กองป้องกันการทุจริตในภาครัฐ,จองสำเร็จ,2026-03-22 18:31:08
1995,2026-03-24,08:00-17:00,ห้องไต่สวน1,ไต่สวน,,1,2026-03-11 11:35:26,สรศักดิ์ ชัยอนันต์วรพล,กลุ่มงานปราบปรามการทุจริตหน่วยงานไม่สังกัดกระทรวง ทบวง สำนักนายกรัฐมนตรี,กองปราบปรามการทุจริตในภาครัฐ 5,จองสำเร็จ,2026-03-11 11:35:26
1996,2026-03-24,08:00-12:00,ห้องไต่สวน2,สอบปากคำผู้ร้อง,,1,2026-03-13 16:01:21,ศรัทธา ศรมณี,กลุ่มงานปราบปรามการทุจริตหน่วยงานไม่สังกัดกระทรวง ทบวง สำนักนายกรัฐมนตรี,กองปราบปรามการทุจริตในภาครัฐ 5,จองสำเร็จ,2026-03-13 16:01:21
1997,2026-03-24,08:15-16:30,ห้องไต่สวน4,ไต่สวนชี้มูล,,3,2026-03-05 08:54:50,มะลิไล แก้วมาดีงาม,กลุ่มงานปราบปรามการทุจริตหน่วยงานไม่สังกัดกระทรวง ทบวง สำนักนายกรัฐมนตรี,กองปราบปรามการทุจริตในภาครัฐ 5,จองสำเร็จ,2026-03-05 08:54:50
1998,2026-03-24,08:30-12:00,OneConferenceRoom 1,ประชุมคณะกรรมการ ป.ป.ท. ประจำเดือน มีนาคม 2569 ครั้งที่ 23/2569,นายอำนาจ พวงชมภู,15,2026-02-19 10:32:03,ลลิตตา พานิชผล,กลุ่มงานบริหารคดีและบริหารทั่วไป,กองบริหารคดี,จองสำเร็จ,2026-02-19 10:32:03
1999,2026-03-24,08:30-12:00,ห้องประชุมคณะกรรมการ,ประชุมคณะกรรมการ ป.ป.ท. ประจำเดือน มีนาคม 2569 ครั้งที่ 23/2569,,15,2026-02-19 10:16:06,ลลิตตา พานิชผล,กลุ่มงานบริหารคดีและบริหารทั่วไป,กองบริหารคดี,จองสำเร็จ,2026-02-19 10:16:06
2000,2026-03-24,09:00-13:30,ห้องไต่สวน3,เเจ้งข้อกล่าวหา,,4,2026-03-11 09:02:55,ชัยนาท น้อยสอน,กลุ่มงานปราบปรามการทุจริตหน่วยงานในสังกัดสำนักนายกรัฐมนตรี,กองปราบปรามการทุจริตในภาครัฐ 5,จองสำเร็จ,2026-03-11 09:02:55
2001,2026-03-24,09:00-12:00,ห้องประชุม(กยผ),ประชุมร่วมกับ สพร.,ผอ.กนป.,1,2026-03-17 08:31:05,สรพงษ์ กุ้ยบำรุง,กลุ่มความร่วมมือและพัฒนานวัตกรรมความโปร่งใสในภาครัฐ,กองการต่างประเทศ,จองสำเร็จ,2026-03-17 08:31:05
2002,2026-03-24,12:00-16:30,Zoom Meeting Room 1,ประชุมคณะอนุกรรมการประเมินผลการขับเคลื่อนแผนปฏิบัติราชการรายปี (พ.ศ. 2568) สำนักงาน ป.ป.ท. ครั้งที่ 2 / 2569,วิเชียร จันทรโณทัย,15,2026-03-11 16:16:19,จิราวัฒน์ ตู้ไม้ป่า,กลุ่มงานติดตามและประเมินผล,กองยุทธศาสตร์และแผนงาน,จองสำเร็จ,2026-03-11 16:16:19
2003,2026-03-24,12:00-16:30,ห้องประชุม 1 (ห้องใหญ่),ประชุมคณะอนุกรรมการประเมินผลการขับเคลื่อนแผนปฏิบัติราชการรายปี (พ.ศ. 2568) สำนักงาน ป.ป.ท. ครั้งที่ 2 / 2569,นายวิเชียร  จันทรโณทัย,15,2026-03-11 16:14:14,จิราวัฒน์ ตู้ไม้ป่า,กลุ่มงานติดตามและประเมินผล,กองยุทธศาสตร์และแผนงาน,จองสำเร็จ,2026-03-11 16:16:47
2004,2026-03-24,12:30-16:30,ห้องประชุม 2 (ห้องเล็ก),คณะอนุกรรมการพิจารณากลั่นกรองการเปิดเผยข้อมูลข่าวสาร,,15,2026-03-10 10:53:02,อานนท์ ชนประชา,กลุ่มงานความเห็นแย้ง,กองกฎหมาย,จองสำเร็จ,2026-03-10 10:53:02
2005,2026-03-24,12:30-16:30,Zoom Meeting Room 3,คณะอนุกรรมการพิจารณากลั่นกรองการเปิดเผยข้อมูลข่าวสาร,,14,2026-03-19 15:40:56,อานนท์ ชนประชา,กลุ่มงานความเห็นแย้ง,กองกฎหมาย,จองสำเร็จ,2026-03-19 15:40:56
2006,2026-03-24,13:00-16:30,ห้องไต่สวน2,สอบพยาน,,4,2026-03-19 10:58:48,มานพ ธงชัย,กลุ่มงานปราบปรามการทุจริตในองค์กรปกครองส่วนท้องถิ่น 2,กองปราบปรามการทุจริตในภาครัฐ 4,จองสำเร็จ,2026-03-19 10:58:48
2007,2026-03-24,13:00-17:00,Zoom Meeting Room 2,ประชุมอนุกรรมการรณรงค์ส่งเสริมประชาสัมพันธ์ภารกิจด้านการป้องกันการทุจริต  ครั้งที่ 1/2569,นายอภินันท์ จันทรังษี,40,2026-03-18 19:57:37,พลอยศมน เอี่ยมศิลา,กลุ่มงานส่งเสริมธรรมาภิบาลในภาครัฐ,กองป้องกันการทุจริตในภาครัฐ,จองสำเร็จ,2026-03-18 19:57:37
2008,2026-03-25,08:00-17:00,ห้องไต่สวน2,สอบถ้อยคำผู้ร้องเรียน,,1,2026-03-12 11:43:12,เพชรรพี จรัสเจษฎา,กลุ่มงานปราบปรามการทุจริตหน่วยงานในสังกัดสำนักนายกรัฐมนตรี,กองปราบปรามการทุจริตในภาครัฐ 5,จองสำเร็จ,2026-03-12 11:43:12
2009,2026-03-25,08:00-17:00,ห้องไต่สวน4,ไต่สวน,,1,2026-03-11 11:36:02,สรศักดิ์ ชัยอนันต์วรพล,กลุ่มงานปราบปรามการทุจริตหน่วยงานไม่สังกัดกระทรวง ทบวง สำนักนายกรัฐมนตรี,กองปราบปรามการทุจริตในภาครัฐ 5,จองสำเร็จ,2026-03-11 11:36:02
2010,2026-03-25,08:00-17:00,ห้องประชุม 1 (ห้องใหญ่),ประชุม สปท. ป.ป.ท. ครั้งที่ 3/2569,ประธาน สปท. ป.ป.ท.,1,2026-02-25 14:02:05,ญาณัชชา นนทจันทร์,กลุ่มงานเครือข่ายภาคประชาสังคมป้องกันการทุจริต,กองป้องกันการทุจริตในภาครัฐ,จองสำเร็จ,2026-02-25 14:02:05
2011,2026-03-25,08:30-17:00,ห้องไต่สวน1,สอบผู้ร้อง และพยาน คดีไต่สวนเบื้องต้น,,4,2026-03-11 13:05:57,สุพงษ์ธนา อธิเดชไพบูลย์,กลุ่มงานปราบปรามการทุจริตในภาครัฐ 3,สำนักงานป้องกันและปราบปรามการทุจริตในภาครัฐ เขต 1,จองสำเร็จ,2026-03-11 13:05:57
2012,2026-03-25,08:30-17:00,Zoom Meeting Room 7,ประชุม สปท. ป.ป.ท. ครั้งที่ 3/2569,ประธาน สปท.ป.ป.ท.,6,2026-02-25 14:04:43,ญาณัชชา นนทจันทร์,กลุ่มงานเครือข่ายภาคประชาสังคมป้องกันการทุจริต,กองป้องกันการทุจริตในภาครัฐ,จองสำเร็จ,2026-02-25 14:04:43
2013,2026-03-25,08:30-12:00,OneConferenceRoom 1,ประชุมคณะกรรมการ ป.ป.ท. ประจำเดือน มีนาคม 2569 ครั้งที่ 24/2569,นายอำนาจ พวงชมภู,15,2026-02-19 10:32:43,ลลิตตา พานิชผล,กลุ่มงานบริหารคดีและบริหารทั่วไป,กองบริหารคดี,จองสำเร็จ,2026-02-19 10:32:43
2014,2026-03-25,08:30-12:00,ห้องประชุมคณะกรรมการ,ประชุมคณะกรรมการ ป.ป.ท. ประจำเดือน มีนาคม 2569 ครั้งที่ 24/2569,นายอำนาจ พวงชมภู,15,2026-02-19 10:27:51,ลลิตตา พานิชผล,กลุ่มงานบริหารคดีและบริหารทั่วไป,กองบริหารคดี,จองสำเร็จ,2026-02-19 10:27:51
2015,2026-03-25,09:00-16:30,ห้องประชุม 2 (ห้องเล็ก),ประชุมคณะอนุกรรมการกลั่นกรองฯ คณะที่ 7,นายพิพัฒน์ วงศาโรจน์,8,2026-02-19 14:48:31,ศิริวิมล พิมพ์โคตร,กลุ่มงานกิจการคณะกรรมการ,กองบริหารคดี,จองสำเร็จ,2026-02-19 14:48:31
2016,2026-03-25,09:00-16:30,ห้องไต่สวน3,สอบพยาน,,1,2026-03-13 14:24:37,อนาวิล เกตพันธ์,กลุ่มงานปราบปรามการทุจริตในองค์กรปกครองส่วนท้องถิ่น 1,กองปราบปรามการทุจริตในภาครัฐ 4,จองสำเร็จ,2026-03-13 14:24:37
2017,2026-03-25,09:00-12:00,ห้องประชุม(กยผ),หารือ OSS,,6,2026-03-24 16:53:32,นพณัช นิลสนธิ,กลุ่มความร่วมมือและพัฒนานวัตกรรมความโปร่งใสในภาครัฐ,กองการต่างประเทศ,จองสำเร็จ,2026-03-24 16:53:32
2018,2026-03-25,09:15-12:00,ห้องประชุม(ห้องเล็ก 31),ประชุมระบบความเสี่ยง กับ DGA,,10,2026-03-23 12:57:45,กฤษฏ์ ธวัชชัยวิสุทธิ์,กลุ่มงานปราบปรามการทุจริตหน่วยงานไม่สังกัดกระทรวง ทบวง สำนักนายกรัฐมนตรี,กองปราบปรามการทุจริตในภาครัฐ 5,จองสำเร็จ,2026-03-23 12:57:45
2019,2026-03-25,09:30-11:00,Zoom Meeting Room 1,ประชุมคณะทำงานป้องปรามเรื่องอาวุธปืน กปท.1,นายวีระยุทธ หงษ์ด่านกลาง,15,2026-03-19 07:27:01,วรรณฉวี ชื้นจะบก,กลุ่มงานปราบปรามการทุจริตกระทรวงด้านความมั่นคง 2,กองปราบปรามการทุจริตในภาครัฐ 1,จองสำเร็จ,2026-03-19 07:27:01
2020,2026-03-25,09:30-12:00,Zoom Meeting Room 2,หารือ OSS,,6,2026-03-24 16:29:38,กิตวิภา สุวรรณรัตน์,กลุ่มงานพัฒนาบุคลากร,สำนักงานเลขาธิการ,จองสำเร็จ,2026-03-24 16:29:38
2021,2026-03-25,11:00-14:00,ห้องประชุม (กปท.4),ประชุมการบูรณาการมาตรการป้องปรามเชิงรุกเกี่ยวกับการจดทะเบียนสมรสระหว่างคนไทยกับคนต่างด้าว,นายวีระยุทธ หงษ์ด่านกลาง,15,2026-03-20 11:44:18,พิกุล โกสินทร์,ฝ่ายบริหารทั่วไปและคดี,กองปราบปรามการทุจริตในภาครัฐ 1,จองสำเร็จ,2026-03-20 11:44:18
2022,2026-03-25,13:00-15:00,Zoom Meeting Room 2,การประชุมเพื่อชี้แจงการดำเนินงานสำนวนคดีจากระบบ Feedbac,นางสาวณฐพร สิทธิชัย ผอ.ปปท.เขต 2,10,2026-03-25 09:29:59,เขมณัฏฐ์ บัวอยู่,กลุ่มงานบริหารคดีและบริหารทั่วไป,สำนักงานป้องกันและปราบปรามการทุจริตในภาครัฐ เขต 2,จองสำเร็จ,2026-03-25 09:29:59
2023,2026-03-26,08:00-16:30,ห้องไต่สวน1,สอบผู้ร้องเรียน,,3,2026-03-19 10:21:00,พิพัฒน์ เพียราชโยธา,กลุ่มงานปราบปรามการทุจริตหน่วยงานในสังกัดสำนักนายกรัฐมนตรี,กองปราบปรามการทุจริตในภาครัฐ 5,จองสำเร็จ,2026-03-19 10:21:00
2024,2026-03-26,08:00-17:00,ห้องไต่สวน4,ไต่สวน,,1,2026-03-11 11:36:29,สรศักดิ์ ชัยอนันต์วรพล,กลุ่มงานปราบปรามการทุจริตหน่วยงานไม่สังกัดกระทรวง ทบวง สำนักนายกรัฐมนตรี,กองปราบปรามการทุจริตในภาครัฐ 5,จองสำเร็จ,2026-03-11 11:36:29
2025,2026-03-26,08:30-16:30,ห้องไต่สวน2,สอบพยาน,,3,2026-03-11 11:13:39,อนาวิล เกตพันธ์,กลุ่มงานปราบปรามการทุจริตในองค์กรปกครองส่วนท้องถิ่น 1,กองปราบปรามการทุจริตในภาครัฐ 4,จองสำเร็จ,2026-03-11 11:13:39
2026,2026-03-26,08:30-16:30,ห้องไต่สวน3,สอบปากคำ,,3,2026-03-12 09:17:58,กรีฑา พิทักษ์วงศ์,กลุ่มงานปราบปรามการทุจริตในองค์กรปกครองส่วนท้องถิ่น 2,กองปราบปรามการทุจริตในภาครัฐ 4,จองสำเร็จ,2026-03-12 09:17:58
2027,2026-03-26,09:00-12:00,Zoom Meeting Room 1,คณะกรรมการร่าง TOR กนป.,,8,2026-03-24 09:10:11,นพณัช นิลสนธิ,กลุ่มความร่วมมือและพัฒนานวัตกรรมความโปร่งใสในภาครัฐ,กองการต่างประเทศ,จองสำเร็จ,2026-03-24 09:10:11
2028,2026-03-26,09:00-12:00,ห้องประชุม 2 (ห้องเล็ก),คณะกรรมการร่าง TOR กนป.,,5,2026-03-24 09:08:46,นพณัช นิลสนธิ,กลุ่มความร่วมมือและพัฒนานวัตกรรมความโปร่งใสในภาครัฐ,กองการต่างประเทศ,จองสำเร็จ,2026-03-24 09:08:46
2029,2026-03-27,08:00-12:45,ห้องไต่สวน1,สอบปากคำพยาน,,4,2026-03-12 13:03:13,สัณหภณ พงษ์ประเสริฐ,กลุ่มงานปราบปรามการทุจริตกระทรวงด้านความมั่นคง 2,กองปราบปรามการทุจริตในภาครัฐ 1,จองสำเร็จ,2026-03-12 13:03:13
2030,2026-03-27,08:00-17:00,ห้องไต่สวน2,สอบพยานคดีไต่สวน,,3,2026-03-06 15:44:05,ปิยพนธ์ เปรมโยธิน,กลุ่มงานอำนวยการด้านคุ้มครองพยาน,กองอำนวยการต่อต้านการทุจริต,จองสำเร็จ,2026-03-06 15:44:05
2031,2026-03-27,08:00-17:00,ห้องไต่สวน3,สอบพยาน,ระวิพรรณ จินดาวง,3,2026-03-17 17:13:53,ระวิพรรณ จินดาดวง,กลุ่มงานปราบปรามการทุจริตกระทรวงด้านความมั่นคง 1,กองปราบปรามการทุจริตในภาครัฐ 1,จองสำเร็จ,2026-03-17 17:13:53
2032,2026-03-27,08:00-17:00,ห้องไต่สวน4,สอบผู้ร้องเรียน,,4,2026-03-23 11:41:18,พิพัฒน์ เพียราชโยธา,กลุ่มงานปราบปรามการทุจริตหน่วยงานในสังกัดสำนักนายกรัฐมนตรี,กองปราบปรามการทุจริตในภาครัฐ 5,จองสำเร็จ,2026-03-23 11:41:18
2033,2026-03-27,08:15-12:00,Zoom Meeting Room 1,กิจกรรมแลกเปลี่ยนเรียนรู้ ภายในสำนักงาน ป.ป.ท. (KM DAY) หัวข้อ : ระเบียบสำนักงานคณะกรรมการป้องกันและปราบปรามการทุจริตในภาครัฐ ว่าด้วยข้อมูลข่าวสารของราชการ พ.ศ. 2569,สลธ.,100,2026-02-17 13:11:48,ณัฏฐ์รินทร์ กรรณสูต,กลุ่มงานพัฒนาบุคลากร,สำนักงานเลขาธิการ,จองสำเร็จ,2026-02-17 13:11:48
2034,2026-03-27,08:30-16:30,ห้องประชุมคณะกรรมการ,ประชุมคณะอนุกรรมการกลั่นกรองฯ คณะที่ 6 ครั้งที่ 1-1/2569,พลตำรวจตรี นพรัตน์  รินทพล,9,2026-03-13 16:54:59,นงค์ลักษณ์ ยั่งยืน,กลุ่มงานคำวินิจฉัยและมติคณะกรรมการ,กองบริหารคดี,จองสำเร็จ,2026-03-19 14:46:11
2035,2026-03-27,13:00-17:00,ห้องประชุม 2 (ห้องเล็ก),ประชุมสรุปงานประชุมเชิงปฏิบัติการฯกิจกรม 1.2,นายเอกชัย เกษมสุขธวัช,20,2026-03-26 15:50:53,พลอยศมน เอี่ยมศิลา,กลุ่มงานส่งเสริมธรรมาภิบาลในภาครัฐ,กองป้องกันการทุจริตในภาครัฐ,จองสำเร็จ,2026-03-26 15:50:53
2036,2026-03-27,14:00-16:30,Zoom Meeting Room 9,ประชุม เตรียมความพร้อมการจัดงานวันที่ 31/3/ (กลุ่มงานธรรมาภิบาลฯ),เอกชัยฯ,20,2026-03-26 16:29:35,ปิยพัชร์ ชาญชัยพิบูลนนท์,ฝ่ายบริหารทั่วไป,กองป้องกันการทุจริตในภาครัฐ,จองสำเร็จ,2026-03-26 16:29:35
2037,2026-03-30,08:00-17:00,ห้องไต่สวน2,ไต่สวน แจ้งข้อกล่าวหา,,4,2026-03-18 11:30:26,จักรกฤษณ์ ประจันพล,กลุ่มงานอำนวยการด้านคุ้มครองพยาน,กองอำนวยการต่อต้านการทุจริต,จองสำเร็จ,2026-03-18 11:30:26
2038,2026-03-30,08:00-18:00,ห้องไต่สวน3,ไต่สวน,,1,2026-03-27 11:38:09,อภิรักษ์ คงคาเพชร,กลุ่มงานปราบปรามการทุจริตในองค์กรปกครองส่วนท้องถิ่น 2,กองปราบปรามการทุจริตในภาครัฐ 4,จองสำเร็จ,2026-03-27 11:38:09
2039,2026-03-30,08:00-17:00,ห้องไต่สวน4,ประชุมคณะกรรมการฯ,,4,2026-03-26 14:06:02,ณัฏฐ์นนท์ จารุวนาลัย,กลุ่มงานปราบปรามการทุจริตหน่วยงานไม่สังกัดกระทรวง ทบวง สำนักนายกรัฐมนตรี,กองปราบปรามการทุจริตในภาครัฐ 5,จองสำเร็จ,2026-03-26 14:06:02
2040,2026-03-30,09:00-17:00,ห้องไต่สวน1,ไต่สวน,,1,2026-03-09 09:43:54,พูนทรัพย์ เตชะเกียรติสุจิตร,กลุ่มงานปราบปรามการทุจริตกระทรวงด้านความมั่นคง 1,กองปราบปรามการทุจริตในภาครัฐ 1,จองสำเร็จ,2026-03-09 09:43:54
2041,2026-03-30,09:30-11:00,Zoom Meeting Room 1,ประชุมคณะกรรมการประเมินบุคคลฯ,รองเลขาธิการคณะกรรมการ ป.ป.ท. (พ.ต.ท.สิริพงษ์ ศรีตุลา),1,2026-03-25 17:10:24,พัชร์ณิษา ภูมิพิริยะไชย,กลุ่มงานบริหารงานบุคคล,สำนักงานเลขาธิการ,จองสำเร็จ,2026-03-25 17:10:24
2042,2026-03-30,09:30-10:30,OneConferenceRoom 1,110791/2562,นายสุภาพ  ศิริ,1,2026-03-23 16:57:59,กมลทิพย์ โล่ห์เลขา,กลุ่มงานปราบปรามการทุจริตในภาครัฐ 2,สำนักงานป้องกันและปราบปรามการทุจริตในภาครัฐ เขต 6,จองสำเร็จ,2026-03-23 16:57:59
2043,2026-03-30,10:00-12:00,ห้องประชุม(ห้องเล็ก 31),ประชุมระบบ PACC E-Learning,,10,2026-03-23 16:43:32,ปิยนุช จันทน์สุคนธ์,กลุ่มงานวิชาการและพัฒนานวัตกรรมด้านการป้องกัน,กองป้องกันการทุจริตในภาครัฐ,จองสำเร็จ,2026-03-23 16:43:32
2044,2026-03-30,12:00-16:30,Zoom Meeting Room 1,การประชุมบริหารงบประมาณประจำปีงบประมาณ พ.ศ. 2569 ครั้งที่ 2/2569,พันตำรวจโท สิริพงษ์ ศรีตุลา,15,2026-03-16 11:34:21,สลักจิต ณ ลำพูน,ฝ่ายบริหารทั่วไป,กองยุทธศาสตร์และแผนงาน,จองสำเร็จ,2026-03-16 11:34:21
2045,2026-03-30,12:00-16:30,ห้องประชุม 2 (ห้องเล็ก),การประชุมบริหารงบประมาณประจำปีงบประมาณ พ.ศ. 2569 ครั้งที่ 2/2569,พันตำรวจโท สิริพงษ์ ศรีตุลา,15,2026-03-16 11:32:01,สลักจิต ณ ลำพูน,ฝ่ายบริหารทั่วไป,กองยุทธศาสตร์และแผนงาน,จองสำเร็จ,2026-03-16 11:32:01
2046,2026-03-30,12:30-16:00,Zoom Meeting Room 9,ขอเชิญประชุมคณะทำงานการบริหารงบประมาณรายจ่าย ประจำปีงบประมาณ พ.ศ. 2569 ครั้งที่ 2/2569,รองเลขาธิการคณะกรรมการ ป.ป.ท.,1,2026-03-27 15:49:43,รัชดาภรณ์ เทพพุทธา,กลุ่มงานแผนงานและงบประมาณ,กองยุทธศาสตร์และแผนงาน,จองสำเร็จ,2026-03-27 15:49:43
2047,2026-03-30,13:00-16:30,ห้องประชุม(ห้องเล็ก 31),สอบปากคำ (ทวุฒิ),,10,2026-03-26 13:51:05,ไตรรัตน์ ศรีสุพรรณ,กองปราบปรามการทุจริตในภาครัฐ 2,กองปราบปรามการทุจริตในภาครัฐ 2,จองสำเร็จ,2026-03-26 13:51:05
2048,2026-03-30,13:00-17:00,ห้องประชุม (กปท.4),สอบถ้อยคำผู้ร้องเรียน,,1,2026-03-30 10:06:05,วลัยพร พ่วงเจริญ,กลุ่มงานปราบปรามการทุจริตในองค์กรปกครองส่วนท้องถิ่น 2,กองปราบปรามการทุจริตในภาครัฐ 4,จองสำเร็จ,2026-03-30 10:06:05
2049,2026-03-30,13:00-17:00,Zoom Meeting Room 8,ประชุมคณะกรรมการผลักดันฯ จังหวัดกระบี่,ผู้ว่าราชการจังหวัดกระบี่,10,2026-03-23 11:00:17,วัลภา บุศนุกูล,กลุ่มงานป้องกันการทุจริตในภาครัฐ,สำนักงานป้องกันและปราบปรามการทุจริตในภาครัฐ เขต 8,จองสำเร็จ,2026-03-23 11:00:17
2050,2026-03-31,08:00-18:00,ห้องไต่สวน1,ไต่สวน,,1,2026-03-27 11:39:30,อภิรักษ์ คงคาเพชร,กลุ่มงานปราบปรามการทุจริตในองค์กรปกครองส่วนท้องถิ่น 2,กองปราบปรามการทุจริตในภาครัฐ 4,จองสำเร็จ,2026-03-27 11:39:30
2051,2026-03-31,08:00-17:00,ห้องประชุม 1 (ห้องใหญ่),ต้อนรับคณะศึกษาดูงาน จากประเทศบังคลาเทศ,เลขาธิการคณะกรรมการ ป.ป.ท.,45,2026-03-05 14:39:02,ลินจง ดาวเรือง,กลุ่มงานบริหารงานบุคคล,สำนักงานเลขาธิการ,จองสำเร็จ,2026-03-05 14:39:02
2052,2026-03-31,08:00-13:00,Zoom Meeting Room 2,การประชุมคณะผลักดันกรรมการผลักดันการดำเนินงานตามแผนแม่บทภายใต้ยุทธศาสตร์ชาติประเด็นการต่อต้านการทุจริตและประพฤติมิชอบจังหวัดภูเก็ต ครั้งที่ 2 ประจำปีงบประมาณ พ.ศ. 2569,นายธรรมนูญ คงรัตน์,10,2026-03-23 10:52:34,วชิรวิทย์ ทองฤกษ์,กลุ่มงานป้องกันการทุจริตในภาครัฐ,สำนักงานป้องกันและปราบปรามการทุจริตในภาครัฐ เขต 8,จองสำเร็จ,2026-03-23 10:52:34
2053,2026-03-31,08:30-13:00,ห้องไต่สวน2,สอบผู้ร้อง,,1,2026-03-27 14:07:12,นวพร ปั้นจันทร์,กลุ่มงานปราบปรามการทุจริตหน่วยงานในสังกัดสำนักนายกรัฐมนตรี,กองปราบปรามการทุจริตในภาครัฐ 5,จองสำเร็จ,2026-03-27 14:07:12
2054,2026-03-31,09:00-12:00,Zoom Meeting Room 1,ประชุมคณะอนุกรรมการพิจารณาและให้คำปรึกษาด้านกฎหมาย,,18,2026-03-20 13:58:06,ณัฐกิตติ์ วงศ์วิวัฒน์ชัย,กลุ่มงานกฎหมาย,กองกฎหมาย,จองสำเร็จ,2026-03-20 13:58:06
2055,2026-03-31,09:00-12:00,ห้องประชุม 2 (ห้องเล็ก),ประชุมคณะอนุกรรมการพิจารณาและให้คำปรึกษาด้านกฎหมาย,,18,2026-03-20 13:56:34,ณัฐกิตติ์ วงศ์วิวัฒน์ชัย,กลุ่มงานกฎหมาย,กองกฎหมาย,จองสำเร็จ,2026-03-20 13:56:34
2056,2026-03-31,09:00-16:30,ห้องไต่สวน4,ไต่สวน,,4,2026-03-10 14:29:42,วิชาญ พิเนตรเสถียร,กลุ่มงานปราบปรามการทุจริตหน่วยงานไม่สังกัดกระทรวง ทบวง สำนักนายกรัฐมนตรี,กองปราบปรามการทุจริตในภาครัฐ 5,จองสำเร็จ,2026-03-10 14:29:42
2057,2026-03-31,12:00-16:30,OneConferenceRoom 1,ประชุมคณะกรรมการ ป.ป.ท. ประจำเดือน มีนาคม 2569 ครั้งที่ 25/2569,นายอำนาจ พวงชมภู,15,2026-02-19 10:38:54,ลลิตตา พานิชผล,กลุ่มงานบริหารคดีและบริหารทั่วไป,กองบริหารคดี,จองสำเร็จ,2026-03-23 16:59:57
2058,2026-03-31,12:00-16:30,ห้องประชุมคณะกรรมการ,ประชุมคณะกรรมการ ป.ป.ท. ประจำเดือน มีนาคม 2569 ครั้งที่ 25/2569,นายอำนาจ พวงชมภู,15,2026-02-19 10:33:38,ลลิตตา พานิชผล,กลุ่มงานบริหารคดีและบริหารทั่วไป,กองบริหารคดี,จองสำเร็จ,2026-03-23 17:00:18
2059,2026-04-01,08:00-12:00,Zoom Meeting Room 1,ประชุมความเสี่ยง,,30,2026-03-20 13:11:44,เสาวณีย์ แจ้งอักษร,กลุ่มงานป้องกันและปราบปรามการทุจริตและประพฤติมิชอบ,ศูนย์ปฏิบัติการต่อต้านการทุจริต,จองสำเร็จ,2026-03-20 13:11:44
2060,2026-04-01,08:00-17:00,ห้องไต่สวน2,ไต่สวน,สมศักดิ์,1,2026-03-18 10:04:45,สมศักดิ์ ทองประดับ,กลุ่มงานปราบปรามการทุจริตในองค์กรปกครองส่วนท้องถิ่น 2,กองปราบปรามการทุจริตในภาครัฐ 4,จองสำเร็จ,2026-03-18 10:04:45
2061,2026-04-01,08:00-17:00,ห้องไต่สวน3,สอบถ้อยคำพยาน,,1,2026-03-09 14:20:32,ชรินดา มีแป้น,กลุ่มงานปราบปรามการทุจริตหน่วยงานในสังกัดสำนักนายกรัฐมนตรี,กองปราบปรามการทุจริตในภาครัฐ 5,จองสำเร็จ,2026-03-09 14:20:32
2062,2026-04-01,08:30-16:30,ห้องไต่สวน4,ไต่สวนเบื้องต้น,,3,2026-03-20 13:39:41,พรรณนิภา อารยะทรงศักดิ์,กลุ่มงานปราบปรามการทุจริตหน่วยงานไม่สังกัดกระทรวง ทบวง สำนักนายกรัฐมนตรี,กองปราบปรามการทุจริตในภาครัฐ 5,จองสำเร็จ,2026-03-20 13:39:41
2063,2026-04-01,08:30-12:30,Zoom Meeting Room 6,ประชุมควบคุมภายใน ปปท.เขต 4,นายสวัสดิ์ นาสมฝัน,30,2026-03-31 15:54:59,ธันย์นภัทร ศรีนันทา,กลุ่มงานป้องกันการทุจริตในภาครัฐ,สำนักงานป้องกันและปราบปรามการทุจริตในภาครัฐ เขต 4,จองสำเร็จ,2026-03-31 15:55:55
2064,2026-04-01,08:30-12:00,OneConferenceRoom 1,ประชุมคณะกรรมการ ป.ป.ท. ประจำเดือน เมษายน 2569 ครั้งที่ 26/2569,,20,2026-03-23 16:59:26,ลลิตตา พานิชผล,กลุ่มงานบริหารคดีและบริหารทั่วไป,กองบริหารคดี,จองสำเร็จ,2026-03-23 16:59:26
2065,2026-04-01,08:30-13:00,ห้องประชุมคณะกรรมการ,ประชุมคณะกรรมการ ป.ป.ท. ประจำเดือน เมษายน 2569 ครั้งที่ 26/2569,,15,2026-03-23 16:58:45,ลลิตตา พานิชผล,กลุ่มงานบริหารคดีและบริหารทั่วไป,กองบริหารคดี,จองสำเร็จ,2026-03-23 16:58:45
2066,2026-04-01,09:00-12:00,ห้องประชุม 2 (ห้องเล็ก),กปท.1 ประชุมหารือร่วมกับกรมการปกครอง,นายวีระยุทธ หงษ์ด่านกลาง,15,2026-03-31 10:59:19,พิกุล โกสินทร์,ฝ่ายบริหารทั่วไปและคดี,กองปราบปรามการทุจริตในภาครัฐ 1,จองสำเร็จ,2026-03-31 10:59:19
2067,2026-04-01,09:00-12:00,ห้องไต่สวน1,สอบพยาน,,4,2026-03-24 13:51:18,นวีนา วัฒนประดิษฐ์,กลุ่มงานปราบปรามการทุจริตในองค์กรปกครองส่วนท้องถิ่น 1,กองปราบปรามการทุจริตในภาครัฐ 4,จองสำเร็จ,2026-03-24 13:51:18
2068,2026-04-01,09:00-12:00,ห้องประชุม 1 (ห้องใหญ่),ประชุมความเสี่ยง,,30,2026-03-20 12:37:38,เสาวณีย์ แจ้งอักษร,กลุ่มงานป้องกันและปราบปรามการทุจริตและประพฤติมิชอบ,ศูนย์ปฏิบัติการต่อต้านการทุจริต,จองสำเร็จ,2026-03-20 12:37:38
2069,2026-04-01,09:00-12:00,ห้องประชุม(ห้องเล็ก 31),การประชุมหารือแนวทางการผลิตสื่อประชาสัมพันธ์,,5,2026-03-27 16:46:48,ปิยนุช จันทน์สุคนธ์,กลุ่มงานวิชาการและพัฒนานวัตกรรมด้านการป้องกัน,กองป้องกันการทุจริตในภาครัฐ,จองสำเร็จ,2026-03-27 16:46:48
2070,2026-04-01,09:00-12:00,Zoom Meeting Room 2,การประชุมร่วมกับกรมการปกครอง การบูรณาการมาตรการป้องปรามเชิงรุกเกี่ยวกับการจดทะเบียนสมรสระหว่างคนไทยกับคนต่างด้าว,นายวีระยุทธ หงษ์ด่านกลาง,14,2026-03-31 14:44:11,พิกุล โกสินทร์,ฝ่ายบริหารทั่วไปและคดี,กองปราบปรามการทุจริตในภาครัฐ 1,จองสำเร็จ,2026-03-31 14:44:11
2071,2026-04-01,12:30-18:00,Zoom Meeting Room 9,ประชุมอนุเงินเพิ่มฯ ครั้งที่ 3/2569,,10,2026-03-23 13:11:59,อธิวัฒน์ ธัมมารัตน์นนท์,กลุ่มงานบริหารงานบุคคล,สำนักงานเลขาธิการ,จองสำเร็จ,2026-03-23 13:11:59
2072,2026-04-01,13:00-17:00,ห้องไต่สวน1,ไต่สวน,,1,2026-03-27 22:33:24,พูนทรัพย์ เตชะเกียรติสุจิตร,กลุ่มงานปราบปรามการทุจริตกระทรวงด้านความมั่นคง 1,กองปราบปรามการทุจริตในภาครัฐ 1,จองสำเร็จ,2026-03-27 22:33:24
2073,2026-04-01,13:00-18:00,ห้องประชุม 1 (ห้องใหญ่),ประชุมอนุเงินเพิ่มฯ ครั้งที่ 3/2569,,20,2026-03-23 13:11:18,อธิวัฒน์ ธัมมารัตน์นนท์,กลุ่มงานบริหารงานบุคคล,สำนักงานเลขาธิการ,จองสำเร็จ,2026-03-23 13:11:18
2074,2026-04-01,13:00-16:00,Zoom Meeting Room 5,การประชุมรับสมัครเครือข่ายต้นแบบในการป้องกันและเฝ้าระวังการทุจริต ปี 2569,นายกเทศมนตรี,10,2026-03-25 17:49:28,สุทาภา โพธิ์เก่า,กลุ่มงานป้องกันการทุจริตในภาครัฐ,สำนักงานป้องกันและปราบปรามการทุจริตในภาครัฐ เขต 7,จองสำเร็จ,2026-03-25 17:49:28
2075,2026-04-02,08:00-17:00,ห้องไต่สวน2,ไต่สวนพยาน,,1,2026-03-18 21:54:35,ปภรดา เขียวประดิษฐ,กลุ่มงานปราบปรามการทุจริตในองค์กรปกครองส่วนท้องถิ่น 1,กองปราบปรามการทุจริตในภาครัฐ 4,จองสำเร็จ,2026-03-18 21:54:35
2076,2026-04-02,08:00-17:00,ห้องไต่สวน3,สอบถ้อยคำพยาน,,1,2026-03-09 14:21:15,ชรินดา มีแป้น,กลุ่มงานปราบปรามการทุจริตหน่วยงานในสังกัดสำนักนายกรัฐมนตรี,กองปราบปรามการทุจริตในภาครัฐ 5,จองสำเร็จ,2026-03-09 14:21:15
2077,2026-04-02,08:00-16:00,ห้องไต่สวน4,ไต่สวน,,5,2026-03-10 13:45:49,มะลิไล แก้วมาดีงาม,กลุ่มงานปราบปรามการทุจริตหน่วยงานไม่สังกัดกระทรวง ทบวง สำนักนายกรัฐมนตรี,กองปราบปรามการทุจริตในภาครัฐ 5,จองสำเร็จ,2026-03-10 13:45:49
2078,2026-04-02,08:00-16:30,ห้องประชุม (กปท.4),ประชุมคดีไต่สวน,-,1,2026-03-23 16:37:53,สุนิสา รักษา,กลุ่มงานปราบปรามการทุจริตในองค์กรปกครองส่วนท้องถิ่น 1,กองปราบปรามการทุจริตในภาครัฐ 4,จองสำเร็จ,2026-03-23 16:37:53
2079,2026-04-02,08:30-16:30,ห้องไต่สวน1,ไต่สวน,,3,2026-03-19 09:13:27,วิชาญ พิเนตรเสถียร,กลุ่มงานปราบปรามการทุจริตหน่วยงานไม่สังกัดกระทรวง ทบวง สำนักนายกรัฐมนตรี,กองปราบปรามการทุจริตในภาครัฐ 5,จองสำเร็จ,2026-03-19 09:13:27
2080,2026-04-02,09:00-13:00,ห้องประชุม(ห้องเล็ก 31),สอบผู้ร้อง,,1,2026-03-27 14:06:03,นวพร ปั้นจันทร์,กลุ่มงานปราบปรามการทุจริตหน่วยงานในสังกัดสำนักนายกรัฐมนตรี,กองปราบปรามการทุจริตในภาครัฐ 5,จองสำเร็จ,2026-03-27 14:06:03
2081,2026-04-02,12:30-16:30,Zoom Meeting Room 1,การฝึกอบรมและเสริมทักษะ “Integrity & English Lab for Global Readiness”,,1,2026-03-27 09:30:48,ภูธนิตย์ สุขจิตร์,ฝ่ายบริหารทั่วไป,กองการต่างประเทศ,จองสำเร็จ,2026-03-27 09:30:48
2082,2026-04-02,13:00-17:00,ห้องประชุม 2 (ห้องเล็ก),ประชมหารือ ร่วม ผอ. สลธ.,ผอ. สลธ.,1,2026-04-01 16:48:23,ปุณญวีร์ อินทรีย,กลุ่มงานช่วยอำนวยการ,สำนักงานเลขาธิการ,จองสำเร็จ,2026-04-01 16:48:23
2083,2026-04-02,13:00-17:00,ห้องประชุม(ห้องเล็ก 31),ประชุมคณะอนุกรรมการไต่สวน,,1,2026-03-26 22:49:53,พูนทรัพย์ เตชะเกียรติสุจิตร,กลุ่มงานปราบปรามการทุจริตกระทรวงด้านความมั่นคง 1,กองปราบปรามการทุจริตในภาครัฐ 1,จองสำเร็จ,2026-03-26 22:49:53
2084,2026-04-02,13:30-17:00,OneConferenceRoom 1,ประชุมคณะอนุกรรมการไต่สวน,,3,2026-04-02 13:13:59,พูนทรัพย์ เตชะเกียรติสุจิตร,กลุ่มงานปราบปรามการทุจริตกระทรวงด้านความมั่นคง 1,กองปราบปรามการทุจริตในภาครัฐ 1,จองสำเร็จ,2026-04-02 13:14:30
2085,2026-04-03,08:00-17:00,ห้องไต่สวน2,สอบปากคำ,,4,2026-03-25 10:09:28,ปิยพนธ์ เปรมโยธิน,กลุ่มงานอำนวยการด้านคุ้มครองพยาน,กองอำนวยการต่อต้านการทุจริต,จองสำเร็จ,2026-03-25 10:09:28
2086,2026-04-03,08:00-17:00,ห้องไต่สวน3,สอบถ้อยคำผู้ร้องเรียน,,1,2026-03-20 08:45:59,ชรินดา มีแป้น,กลุ่มงานปราบปรามการทุจริตหน่วยงานในสังกัดสำนักนายกรัฐมนตรี,กองปราบปรามการทุจริตในภาครัฐ 5,จองสำเร็จ,2026-03-20 08:45:59
2087,2026-04-03,08:00-16:00,ห้องไต่สวน4,ประชุมคณะอนุกรรมการไต่สวน,,5,2026-03-10 13:46:28,มะลิไล แก้วมาดีงาม,กลุ่มงานปราบปรามการทุจริตหน่วยงานไม่สังกัดกระทรวง ทบวง สำนักนายกรัฐมนตรี,กองปราบปรามการทุจริตในภาครัฐ 5,จองสำเร็จ,2026-03-10 13:46:28
2088,2026-04-03,08:30-12:00,ห้องประชุม 1 (ห้องใหญ่),ประชุมคณะกรรมการ Ecmis,,30,2026-04-01 12:07:00,ลลิตตา พานิชผล,กลุ่มงานบริหารคดีและบริหารทั่วไป,กองบริหารคดี,จองสำเร็จ,2026-04-01 12:07:00
2089,2026-04-03,09:00-17:00,ห้องไต่สวน1,ไต่สวน,,4,2026-03-24 16:22:35,พูนทรัพย์ เตชะเกียรติสุจิตร,กลุ่มงานปราบปรามการทุจริตกระทรวงด้านความมั่นคง 1,กองปราบปรามการทุจริตในภาครัฐ 1,จองสำเร็จ,2026-03-24 16:22:35
2090,2026-04-03,09:30-16:30,OneConferenceRoom 1,ประชุมคณะอนุกรรมการกลั่นกรองฯ คณะที่ 2,"นายพิทักษ์ คงจันทร์			ประธานอนุกรรมการ",9,2026-03-15 14:02:09,ฤาฤทธิ์ เริงสมุทร์,กลุ่มงานคำวินิจฉัยและมติคณะกรรมการ,กองบริหารคดี,จองสำเร็จ,2026-03-15 14:02:09
2091,2026-04-03,09:30-16:30,ห้องประชุมคณะกรรมการ,ประชุมคณะอนุกรรมการกลั่นกรองฯ คณะที่ 2,"นายพิทักษ์ คงจันทร์			ประธานอนุกรรมการ",9,2026-03-15 14:02:09,ฤาฤทธิ์ เริงสมุทร์,กลุ่มงานคำวินิจฉัยและมติคณะกรรมการ,กองบริหารคดี,จองสำเร็จ,2026-03-15 14:02:09
2092,2026-04-03,10:00-16:00,Zoom Meeting Room 1,ประชุมคณะกรรมการตรวจรับงานจ้างที่ปรึกษาฯ กิจกรรมการจัดตั้งศูนย์ประสานงานเพื่ออำนวยความสะดวกการให้บริการภาครัฐในเขต EEC งานงวดที่ 2,นางสาวปัทมา ประสิทธิวงษ์,5,2026-04-01 14:47:04,วันนา วิลุนระพันธ์,กลุ่มความร่วมมือและพัฒนานวัตกรรมความโปร่งใสในภาครัฐ,กองการต่างประเทศ,จองสำเร็จ,2026-04-01 14:47:04
2093,2026-04-03,10:00-13:00,ห้องประชุม(กยผ),การประชุมหารือร่วมกับสำนักงาน ป.ย.ป.,นางสาวกิตวิภา สุวรรณรัตน์,9,2026-04-02 09:24:49,กิริยา พิชยวัฒน์,กลุ่มความร่วมมือและพัฒนานวัตกรรมความโปร่งใสในภาครัฐ,กองการต่างประเทศ,จองสำเร็จ,2026-04-02 09:24:49
2094,2026-04-03,10:00-13:00,Zoom Meeting Room 2,การประชุมหารือร่วมกับสำนักงาน ป.ย.ป.,นางสาวกิตวิภา สุวรรณรัตน์,9,2026-04-02 09:35:23,กิริยา พิชยวัฒน์,กลุ่มความร่วมมือและพัฒนานวัตกรรมความโปร่งใสในภาครัฐ,กองการต่างประเทศ,จองสำเร็จ,2026-04-02 09:35:23
2095,2026-04-03,10:00-16:00,Zoom Meeting Room 10,ประชุมคณะกรรมการตรวจรับ,,7,2026-04-02 16:45:40,นาถยา รักหนู,กลุ่มงานป้องกันการทุจริตในภาครัฐ,สำนักงานป้องกันและปราบปรามการทุจริตในภาครัฐ เขต 2,จองสำเร็จ,2026-04-02 17:11:16
2096,2026-04-03,12:00-16:30,ห้องประชุม 1 (ห้องใหญ่),ประชุม,รอง  2,10,2026-04-02 16:19:04,พัชร์ณิษา ภูมิพิริยะไชย,กลุ่มงานบริหารงานบุคคล,สำนักงานเลขาธิการ,จองสำเร็จ,2026-04-02 16:19:04
2097,2026-04-07,08:30-16:30,ห้องไต่สวน1,สอบพยาน,-,3,2026-03-10 10:19:57,สุพงษ์ธนา อธิเดชไพบูลย์,กลุ่มงานปราบปรามการทุจริตในภาครัฐ 3,สำนักงานป้องกันและปราบปรามการทุจริตในภาครัฐ เขต 1,จองสำเร็จ,2026-03-10 10:20:17
2098,2026-04-07,08:30-16:30,ห้องไต่สวน2,สอบพยานคดีไต่สวน,,1,2026-03-26 14:38:32,ดารณี ปฐมโยธิน,กลุ่มงานปราบปรามการทุจริตกระทรวงด้านความมั่นคง 2,กองปราบปรามการทุจริตในภาครัฐ 1,จองสำเร็จ,2026-03-26 14:38:32
2099,2026-04-07,08:30-16:30,ห้องไต่สวน4,ไต่สวนเบื้องต้น,,3,2026-03-20 13:44:44,พรรณนิภา อารยะทรงศักดิ์,กลุ่มงานปราบปรามการทุจริตหน่วยงานไม่สังกัดกระทรวง ทบวง สำนักนายกรัฐมนตรี,กองปราบปรามการทุจริตในภาครัฐ 5,จองสำเร็จ,2026-03-20 13:44:44
2100,2026-04-07,08:30-16:30,ห้องประชุม(ห้องเล็ก 31),พบนักกีฬาทีมชาติ,ผอ.กปท. 2,7,2026-04-07 07:48:15,ทวุฒิ หลวงแก้ว,กลุ่มงานปราบปรามการทุจริตกระทรวงด้านเศรษฐกิจ,กองปราบปรามการทุจริตในภาครัฐ 2,จองสำเร็จ,2026-04-07 07:48:43
2101,2026-04-07,09:15-12:00,Zoom Meeting Room 10,ประชุมเตรียมความพร้อมงาน OECD,ลธ.ป.ป.ท.,6,2026-04-07 09:01:14,ปัทมา ประสิทธิวงษ์,กลุ่มงานป้องกันการทุจริตในภาครัฐ,สำนักงานป้องกันและปราบปรามการทุจริตในภาครัฐ เขต 2,จองสำเร็จ,2026-04-07 09:01:14
2102,2026-04-07,09:30-12:00,Zoom Meeting Room 6,ประชุมคณะกรรมการตรวจรับระบบการเงินและงบประมาณ,นายนักสิทธิ์ อึ่งสกุล,1,2026-04-03 13:14:44,อรทัย เพชรสันทัด,กลุ่มงานบริหารเทคโนโลยีและพัฒนาระบบ,ศูนย์เทคโนโลยีสารสนเทศและการสื่อสาร,จองสำเร็จ,2026-04-03 13:14:44
2103,2026-04-07,10:00-11:00,Zoom Meeting Room 4,ประชุมตรวจรับ การเช่าใช้งานระบบสื่อสารทางไกลผ่านจอภาพที่ใช้เทคโนโลยีแบบ Web Conference ปีงบประมาณ พ.ศ. 2569 งวดที่ 6,,3,2026-04-03 15:51:55,ตรียภรณ์ กองอ้น,กลุ่มงานป้องกันการทุจริตในภาครัฐ,สำนักงานป้องกันและปราบปรามการทุจริตในภาครัฐ เขต 5,จองสำเร็จ,2026-04-03 15:51:55
2104,2026-04-07,10:00-12:00,Zoom Meeting Room 5,ประชุุมกลุ่มงานคำวินิจฉัยฯ และกลุ่มงานกิจการฯ เพื่อกำหนด JD,ผอ.กลุ่มงานคำวินิจฉัยฯ และ ผอ.กลุ่มงานกิจการฯ,16,2026-04-07 09:25:48,ปิยะนุช ชูเมือง,กลุ่มงานคำวินิจฉัยและมติคณะกรรมการ,กองบริหารคดี,จองสำเร็จ,2026-04-07 09:25:48
2105,2026-04-07,11:00-12:00,Zoom Meeting Room 4,ประชุมตรวจรับ เช่าใช้งานระบบสื่อสารทางไกลผ่านจอภาพที่ใช้เทคโนโลยีแบบ Web Conference สำหรับรองรับการประชุมชั้นความลับ ประจำปีงบประมาณ พ.ศ. 2569 งวดที่ 6,,3,2026-04-03 15:54:07,ตรียภรณ์ กองอ้น,กลุ่มงานป้องกันการทุจริตในภาครัฐ,สำนักงานป้องกันและปราบปรามการทุจริตในภาครัฐ เขต 5,จองสำเร็จ,2026-04-03 15:54:07
2106,2026-04-07,12:00-16:00,OneConferenceRoom 1,ประชุมคณะกรรมการ ป.ป.ท. ประจำเดือน เมษายน 2569 ครั้งที่ 27/2569,,15,2026-03-23 17:03:46,ลลิตตา พานิชผล,กลุ่มงานบริหารคดีและบริหารทั่วไป,กองบริหารคดี,จองสำเร็จ,2026-03-23 17:03:46
2107,2026-04-07,12:00-16:00,ห้องประชุมคณะกรรมการ,ประชุมคณะกรรมการ ป.ป.ท. ประจำเดือน เมษายน 2569 ครั้งที่ 27/2569,,15,2026-03-23 17:02:39,ลลิตตา พานิชผล,กลุ่มงานบริหารคดีและบริหารทั่วไป,กองบริหารคดี,จองสำเร็จ,2026-03-23 17:02:39
2108,2026-04-07,13:15-16:00,Zoom Meeting Room 1,ประชุมกอง,,10,2026-03-30 11:44:18,แพรววนิต เวียงมูล,กลุ่มความร่วมมือและพัฒนานวัตกรรมความโปร่งใสในภาครัฐ,กองการต่างประเทศ,จองสำเร็จ,2026-03-30 11:44:18
2109,2026-04-07,13:15-16:00,ห้องประชุม(กยผ),ประชุมกอง,,10,2026-03-30 11:43:38,แพรววนิต เวียงมูล,กลุ่มความร่วมมือและพัฒนานวัตกรรมความโปร่งใสในภาครัฐ,กองการต่างประเทศ,จองสำเร็จ,2026-03-30 11:43:38
2110,2026-04-07,13:15-16:00,Zoom Meeting Room 7,ประชุมกอง,,10,2026-04-07 09:39:29,พัชรียา ต่อประดิษฐ์,กลุ่มงานประสานการป้องกันและปราบปรามการทุจริตระหว่างประเทศ,กองการต่างประเทศ,จองสำเร็จ,2026-04-07 09:39:29
2111,2026-04-07,14:00-15:00,Zoom Meeting Room 4,งานเช่าอินเตอร์เน็ตความเร็วสูง ประจำปีงบประมาณ พ.ศ. 2569 งวดที่ 6 เ,,3,2026-04-03 16:09:49,ตรียภรณ์ กองอ้น,กลุ่มงานป้องกันการทุจริตในภาครัฐ,สำนักงานป้องกันและปราบปรามการทุจริตในภาครัฐ เขต 5,จองสำเร็จ,2026-04-03 16:09:49
2112,2026-04-08,08:00-12:00,Zoom Meeting Room 1,การประชุมขับเคลื่อน ITA,,50,2026-04-01 16:28:37,เสาวณีย์ แจ้งอักษร,กลุ่มงานป้องกันและปราบปรามการทุจริตและประพฤติมิชอบ,ศูนย์ปฏิบัติการต่อต้านการทุจริต,จองสำเร็จ,2026-04-01 16:28:37
2113,2026-04-08,08:00-12:00,ห้องประชุม 2 (ห้องเล็ก),ประชุมหารือความร่วมมือกับหอการค้าไทย,,1,2026-04-02 14:26:26,สุริยะ พรหมแก้ว,ฝ่ายบริหารทั่วไป,กองป้องกันการทุจริตในภาครัฐ,จองสำเร็จ,2026-04-02 14:26:26
2114,2026-04-08,08:00-17:00,ห้องไต่สวน2,ไต่สวน สอบปากคำพยาน,,1,2026-03-18 11:11:18,รัตติกาล ณ ราช,กลุ่มงานปราบปรามการทุจริตหน่วยงานในสังกัดสำนักนายกรัฐมนตรี,กองปราบปรามการทุจริตในภาครัฐ 5,จองสำเร็จ,2026-03-18 11:11:18
2115,2026-04-08,08:00-17:00,ห้องไต่สวน3,ไต่สวน,พตอ.ประหยัด เงางาม,1,2026-03-26 13:27:48,สรศักดิ์ ชัยอนันต์วรพล,กลุ่มงานปราบปรามการทุจริตหน่วยงานไม่สังกัดกระทรวง ทบวง สำนักนายกรัฐมนตรี,กองปราบปรามการทุจริตในภาครัฐ 5,จองสำเร็จ,2026-03-26 13:27:48
2116,2026-04-08,08:00-12:00,ห้องประชุม 1 (ห้องใหญ่),การประชุมขับเคลื่อน ITA,,30,2026-04-01 16:25:54,เสาวณีย์ แจ้งอักษร,กลุ่มงานป้องกันและปราบปรามการทุจริตและประพฤติมิชอบ,ศูนย์ปฏิบัติการต่อต้านการทุจริต,จองสำเร็จ,2026-04-01 16:25:54
2117,2026-04-08,08:30-16:30,ห้องไต่สวน1,สอบพยาน,,5,2026-04-07 14:23:59,มานพ ธงชัย,กลุ่มงานปราบปรามการทุจริตในองค์กรปกครองส่วนท้องถิ่น 2,กองปราบปรามการทุจริตในภาครัฐ 4,จองสำเร็จ,2026-04-07 14:23:59
2118,2026-04-08,08:30-16:30,ห้องไต่สวน4,ไต่สวน,,3,2026-03-05 08:55:42,มะลิไล แก้วมาดีงาม,กลุ่มงานปราบปรามการทุจริตหน่วยงานไม่สังกัดกระทรวง ทบวง สำนักนายกรัฐมนตรี,กองปราบปรามการทุจริตในภาครัฐ 5,จองสำเร็จ,2026-03-05 08:55:42
2119,2026-04-08,08:30-12:00,ห้องประชุม (กปท.4),สอบพยาน,,6,2026-03-26 15:47:18,มานพ ธงชัย,กลุ่มงานปราบปรามการทุจริตในองค์กรปกครองส่วนท้องถิ่น 2,กองปราบปรามการทุจริตในภาครัฐ 4,จองสำเร็จ,2026-03-26 15:47:18
2120,2026-04-08,08:30-12:30,OneConferenceRoom 1,ประชุมคณะกรรมการ ป.ป.ท. ประจำเดือน เมษายน 2569 ครั้งที่ 28/68,,19,2026-03-23 17:07:49,ลลิตตา พานิชผล,กลุ่มงานบริหารคดีและบริหารทั่วไป,กองบริหารคดี,จองสำเร็จ,2026-03-23 17:07:49
2121,2026-04-08,08:30-12:30,ห้องประชุมคณะกรรมการ,ประชุมคณะกรรมการ ป.ป.ท. ประจำเดือน เมษายน 2569 ครั้งที่ 28/2569,,15,2026-03-23 17:04:59,ลลิตตา พานิชผล,กลุ่มงานบริหารคดีและบริหารทั่วไป,กองบริหารคดี,จองสำเร็จ,2026-03-23 17:04:59
2122,2026-04-08,09:00-16:00,ห้องประชุม(ห้องเล็ก 31),การประเมินความเสี่ยงการทุจริต,,7,2026-04-01 14:39:25,ใหม่ วงศ์สร้างทรัพย์,กลุ่มงานปราบปรามการทุจริตกระทรวงด้านเศรษฐกิจ,กองปราบปรามการทุจริตในภาครัฐ 2,จองสำเร็จ,2026-04-01 14:39:57
2123,2026-04-08,12:45-16:30,Zoom Meeting Room 10,ประชุมระบบการประเมินความเสี่ยง,ผอ.กบส.,10,2026-04-07 14:41:25,ริญญรัตน์ ฐิติสมานรัตน์,กลุ่มงานปราบปรามการทุจริตกระทรวงด้านสังคม,กองปราบปรามการทุจริตในภาครัฐ 2,จองสำเร็จ,2026-04-07 14:42:31
2124,2026-04-08,13:00-17:00,ห้องประชุม 2 (ห้องเล็ก),ประชุมคณะทำงานดำเนินโครงการเฝ้าระวัง ป้องกัน ตรวจสอบ และติดตามการจัดสอบแข่งขันเพื่อบรรจุบุคคลเป็นข้าราชการหรือพนักงานส่วนท้องถิ่น,นายเอกชัย เกษมสุขธวัช รองเลขาธิการ ป.ป.ท. หัวหน้าคณะทำงาน,10,2026-04-01 17:54:56,ศิริพักร์ แก้วจันทร์,กลุ่มงานปราบปรามการทุจริตในองค์กรปกครองส่วนท้องถิ่น 2,กองปราบปรามการทุจริตในภาครัฐ 4,จองสำเร็จ,2026-04-01 17:54:56
2125,2026-04-08,13:00-17:00,ห้องประชุม (กปท.4),ประชุมคดี,,5,2026-03-26 16:34:31,ดวงใจ เชยชม,กลุ่มงานปราบปรามการทุจริตในองค์กรปกครองส่วนท้องถิ่น 1,กองปราบปรามการทุจริตในภาครัฐ 4,จองสำเร็จ,2026-03-26 16:34:31
2126,2026-04-08,13:00-17:00,Zoom Meeting Room 2,ประชุมคณะทำงานดำเนินโครงการเฝ้าระวัง ป้องกัน ตรวจสอบ และติดตามการจัดสอบแข่งขันเพื่อบรรจุบุคคลเป็นข้าราชการหรือพนักงานส่วนท้องถิ่น,นายเอกชัย เกษมสุขธวัช รองเลขาธิการ ป.ป.ท. หัวหน้าคณะทำงาน,20,2026-04-01 17:57:25,ศิริพักร์ แก้วจันทร์,กลุ่มงานปราบปรามการทุจริตในองค์กรปกครองส่วนท้องถิ่น 2,กองปราบปรามการทุจริตในภาครัฐ 4,จองสำเร็จ,2026-04-01 17:57:25
2127,2026-04-08,14:00-16:00,ห้องประชุม(กยผ),คณะกรรมการตรวจรับพัสดุ ศบช.,,5,2026-04-03 14:54:03,นพณัช นิลสนธิ,กลุ่มความร่วมมือและพัฒนานวัตกรรมความโปร่งใสในภาครัฐ,กองการต่างประเทศ,จองสำเร็จ,2026-04-03 14:54:03
2128,2026-04-09,08:00-17:00,ห้องไต่สวน3,สอบปากคำผู้ร้องเรียน,,1,2026-03-30 16:22:35,ชรินดา มีแป้น,กลุ่มงานปราบปรามการทุจริตหน่วยงานในสังกัดสำนักนายกรัฐมนตรี,กองปราบปรามการทุจริตในภาครัฐ 5,จองสำเร็จ,2026-03-30 16:22:35
2129,2026-04-09,08:30-16:00,ห้องไต่สวน4,ประชุมคณะอนุกรรมการไต่สวน,,3,2026-03-27 11:39:55,มะลิไล แก้วมาดีงาม,กลุ่มงานปราบปรามการทุจริตหน่วยงานไม่สังกัดกระทรวง ทบวง สำนักนายกรัฐมนตรี,กองปราบปรามการทุจริตในภาครัฐ 5,จองสำเร็จ,2026-03-27 11:39:55
2130,2026-04-09,09:00-12:00,ห้องประชุม 2 (ห้องเล็ก),ประชุมโครงการส่งเสริมการพัฒนาศักยภาพเครือข่าย ศปท. เชิงรุกฯ ร่วมกับกระทรวงการอุดมศึกษาฯ และหน่วยงานในสังกัด,,4,2026-03-27 14:08:58,ศุภนิดา มาพบ,-,กองกำกับและขับเคลื่อนการดำเนินงานนโยบายภาครัฐ,จองสำเร็จ,2026-03-27 14:08:58
2131,2026-04-09,09:00-17:00,ห้องประชุม 1 (ห้องใหญ่),"การประชุมการใช้ ระบบ E-office เรื่องทั่วไป, เรื่องทั่วไป (ลับ) และเรื่องสำนวนคดี ของสำนักงาน ป.ป.ท.",เลขาธิการฯ ปปท.,60,2026-03-27 16:37:27,ชนาเมธ สกุลสุขศิริ,กลุ่มงานสารบรรณ,สำนักงานเลขาธิการ,จองสำเร็จ,2026-03-27 16:37:27
2132,2026-04-09,09:00-12:00,Zoom Meeting Room 7,ประชุมหารือเรื่องการโอนย้ายข้อมูลสารบรรณอิเล็กทรอนิกส์ไปยังระบบ e-Office,,100,2026-04-02 15:35:56,ธนภัทร์ ไชยพิตร,ศูนย์เทคโนโลยีสารสนเทศและการสื่อสาร,ศูนย์เทคโนโลยีสารสนเทศและการสื่อสาร,จองสำเร็จ,2026-04-02 15:35:56
2133,2026-04-09,13:00-15:30,Zoom Meeting Room 1,การประชุมคณะกรรมการประเมินผลงานเพื่อเลื่อนข้าราชการพลเรือนสามัญขึ้นแต่งตั้งให้ดำรงตำแหน่งนักจัดการงานทั่วไป ระดับชำนาญการ,,10,2026-04-02 09:39:33,วชิระ บุญประสงค์,กลุ่มงานบริหารงานบุคคล,สำนักงานเลขาธิการ,จองสำเร็จ,2026-04-02 09:39:33
2134,2026-04-09,13:00-15:30,Zoom Meeting Room 4,การประชุมคณะกรรมการประเมินผลงานเพื่อเลื่อนข้าราชการพลเรือนสามัญขึ้นแต่งตั้งให้ดำรงตำแหน่งนักจัดการงานทั่วไป ระดับชำนาญการ,,5,2026-04-09 08:50:18,วชิระ บุญประสงค์,กลุ่มงานบริหารงานบุคคล,สำนักงานเลขาธิการ,จองสำเร็จ,2026-04-09 08:50:18
2135,2026-04-09,14:00-16:00,Zoom Meeting Room 5,ประชุม (พงษ์พันธ์),พ.ต.ท.สิริพงษ์ ศรีตุลา,10,2026-04-09 13:45:29,ไตรรัตน์ ศรีสุพรรณ,กองปราบปรามการทุจริตในภาครัฐ 2,กองปราบปรามการทุจริตในภาครัฐ 2,จองสำเร็จ,2026-04-09 13:45:29
2136,2026-04-09,14:00-16:00,OneConferenceRoom 2,ประชุมคณะอนุกรรมการไต่สวน เรื่องที่ 0275/2566,นางสาวอรณิช สุขบาล,5,2026-04-01 12:32:49,ประวิทย์ ภัทรสัตยากร,กลุ่มงานปราบปรามการทุจริตกระทรวงด้านสังคม,กองปราบปรามการทุจริตในภาครัฐ 2,จองสำเร็จ,2026-04-01 12:32:49
2137,2026-04-10,08:00-12:00,Zoom Meeting Room 1,คณะอนุกรรมการพิจารณากลั่นกรองการเปิดเผยข้อมูลข่าวสาร,,13,2026-04-02 09:51:35,อานนท์ ชนประชา,กลุ่มงานความเห็นแย้ง,กองกฎหมาย,จองสำเร็จ,2026-04-02 09:51:35
2138,2026-04-10,08:00-12:00,ห้องประชุมคณะกรรมการ,คณะอนุกรรมการพิจารณากลั่นกรองการเปิดเผยข้อมูลข่าวสาร,,13,2026-04-02 09:50:59,อานนท์ ชนประชา,กลุ่มงานความเห็นแย้ง,กองกฎหมาย,จองสำเร็จ,2026-04-02 09:50:59
2139,2026-04-10,08:30-16:30,ห้องไต่สวน2,สอบพยาน,,3,2026-03-12 13:37:07,อนาวิล เกตพันธ์,กลุ่มงานปราบปรามการทุจริตในองค์กรปกครองส่วนท้องถิ่น 1,กองปราบปรามการทุจริตในภาครัฐ 4,จองสำเร็จ,2026-03-12 13:37:07
2140,2026-04-10,08:30-16:00,ห้องไต่สวน4,ไต่สวน,,3,2026-04-03 14:32:01,มะลิไล แก้วมาดีงาม,กลุ่มงานปราบปรามการทุจริตหน่วยงานไม่สังกัดกระทรวง ทบวง สำนักนายกรัฐมนตรี,กองปราบปรามการทุจริตในภาครัฐ 5,จองสำเร็จ,2026-04-03 14:32:01
2141,2026-04-10,08:30-12:00,Zoom Meeting Room 4,คณะอนุกรรมการพิจารณากลั่นกรองการเปิดเผยข้อมูลข่าวสาร,,16,2026-04-07 15:15:51,อานนท์ ชนประชา,กลุ่มงานความเห็นแย้ง,กองกฎหมาย,จองสำเร็จ,2026-04-07 15:15:51
2142,2026-04-10,09:00-16:30,ห้องประชุม 2 (ห้องเล็ก),การประชุมคณะอนุกรรมการกลั่นกรองฯ คณะที่ 4,พลโท กิตติยุทธ  กิตติยุทธโยธิน,9,2026-03-16 13:55:25,ณัฐฐพิชา นาวินธรรม,กลุ่มงานคำวินิจฉัยและมติคณะกรรมการ,กองบริหารคดี,จองสำเร็จ,2026-03-16 13:55:25
2143,2026-04-10,09:00-16:30,OneConferenceRoom 1,การประชุมคณะอนุกรรมการกลั่นกรองฯ คณะที่ 4,พลโท กิตติยุทธ  กิตติยุทธโยธิน,9,2026-03-16 13:55:25,ณัฐฐพิชา นาวินธรรม,กลุ่มงานคำวินิจฉัยและมติคณะกรรมการ,กองบริหารคดี,จองสำเร็จ,2026-03-16 13:55:25
2144,2026-04-10,09:30-16:30,ห้องประชุม(ห้องเล็ก 31),ประชุมคณะกรรมการจัดจ้าง พิจารณาคัดเลือกผู้ชนะ cpi),นางสาววรัญญา ชวศุภกุล,5,2026-03-18 10:25:16,แพรววนิต เวียงมูล,กลุ่มความร่วมมือและพัฒนานวัตกรรมความโปร่งใสในภาครัฐ,กองการต่างประเทศ,จองสำเร็จ,2026-03-18 10:25:16
2145,2026-04-10,09:30-12:00,Zoom Meeting Room 6,หารือเรื่อง การลงข้อมูล ITA ในระบบบัญชีข้อมูลกลางภาครัฐ (Government Data Catalog : GD Catalog),รองเอกชัย,8,2026-04-08 09:33:52,พลอยศมน เอี่ยมศิลา,กลุ่มงานส่งเสริมธรรมาภิบาลในภาครัฐ,กองป้องกันการทุจริตในภาครัฐ,จองสำเร็จ,2026-04-08 09:33:52
2146,2026-04-10,10:00-12:00,ห้องประชุม 1 (ห้องใหญ่),หารือเรื่อง การลงข้อมูล ITA ในระบบบัญชีข้อมูลกลางภาครัฐ (Government Data Catalog : GD Catalog),รองเอกชัย,8,2026-04-08 09:32:28,พลอยศมน เอี่ยมศิลา,กลุ่มงานส่งเสริมธรรมาภิบาลในภาครัฐ,กองป้องกันการทุจริตในภาครัฐ,จองสำเร็จ,2026-04-08 09:32:28
2147,2026-04-10,13:00-16:30,ห้องไต่สวน1,สอบพยาน,,5,2026-04-03 15:18:30,มานพ ธงชัย,กลุ่มงานปราบปรามการทุจริตในองค์กรปกครองส่วนท้องถิ่น 2,กองปราบปรามการทุจริตในภาครัฐ 4,จองสำเร็จ,2026-04-03 15:18:30
2148,2026-04-10,13:00-17:00,ห้องประชุม (กปท.4),สัมภาษณ์หน่วยงานเพื่อประกอบการจัดทำข้อเสนอมาตรการป้องกันการทุจริต กรณี การจัดจ้างแรงงานอันเป็นเท็จ,นางสาวอัญญ์รัตน์ กัมปนานนท์,5,2026-04-01 14:13:23,กิติคุณ โตรักษา,กลุ่มงานวิชาการและพัฒนานวัตกรรมด้านการป้องกัน,กองป้องกันการทุจริตในภาครัฐ,จองสำเร็จ,2026-04-01 14:13:23
2149,2026-04-10,13:00-17:00,Zoom Meeting Room 3,สัมภาษณ์หน่วยงานเพื่อประกอบการจัดทำข้อเสนอมาตรการป้องกันการทุจริต กรณี การจัดจ้างแรงงานอันเป็นเท็จ,อัญญ์รัตน์ กัมปนานนท์,5,2026-04-01 14:14:34,กิติคุณ โตรักษา,กลุ่มงานวิชาการและพัฒนานวัตกรรมด้านการป้องกัน,กองป้องกันการทุจริตในภาครัฐ,จองสำเร็จ,2026-04-01 14:16:23
2150,2026-04-16,09:00-17:00,ห้องไต่สวน1,ไต่สวน,,1,2026-04-03 09:08:25,พูนทรัพย์ เตชะเกียรติสุจิตร,กลุ่มงานปราบปรามการทุจริตกระทรวงด้านความมั่นคง 1,กองปราบปรามการทุจริตในภาครัฐ 1,จองสำเร็จ,2026-04-03 09:08:25
2151,2026-04-16,09:00-17:00,ห้องไต่สวน2,สอบปากคำพยาน,,1,2026-04-09 11:34:48,ดารณี ปฐมโยธิน,กลุ่มงานปราบปรามการทุจริตกระทรวงด้านความมั่นคง 2,กองปราบปรามการทุจริตในภาครัฐ 1,จองสำเร็จ,2026-04-09 11:34:48
2152,2026-04-17,08:30-12:45,ห้องไต่สวน3,ประชุมคณะอนุกรรมการไต่สวน,พลเรือตรี ณรงค์เดช สภานุชาต,3,2026-04-10 08:14:00,จักรภพ ขันทะวงศ์,กลุ่มงานปราบปรามการทุจริตหน่วยงานไม่สังกัดกระทรวง ทบวง สำนักนายกรัฐมนตรี,กองปราบปรามการทุจริตในภาครัฐ 5,จองสำเร็จ,2026-04-10 08:14:00
2153,2026-04-17,09:00-17:00,ห้องไต่สวน1,ไต่สวน,,1,2026-04-03 09:08:51,พูนทรัพย์ เตชะเกียรติสุจิตร,กลุ่มงานปราบปรามการทุจริตกระทรวงด้านความมั่นคง 1,กองปราบปรามการทุจริตในภาครัฐ 1,จองสำเร็จ,2026-04-03 09:08:51
2154,2026-04-17,09:00-17:00,ห้องไต่สวน4,ไต่สวน,,1,2026-04-09 11:52:35,ณัฏฐพล ศุรธีร์โกศล,กลุ่มงานปราบปรามการทุจริตหน่วยงานในสังกัดสำนักนายกรัฐมนตรี,กองปราบปรามการทุจริตในภาครัฐ 5,จองสำเร็จ,2026-04-09 11:52:35
2155,2026-04-17,13:00-16:30,ห้องประชุม 1 (ห้องใหญ่),ประชุมพิจารณาคณะกรรมการกลั่นกรองการขอพระราชทานเครื่องราชอิสริยาภรณ์,เลขาธิการคณะกรรมการ ป.ป.ท.,8,2026-04-08 09:57:48,ตะวัน ราชไลกิจ,กลุ่มงานบริหารงานบุคคล,สำนักงานเลขาธิการ,จองสำเร็จ,2026-04-08 09:57:48
2156,2026-04-20,08:00-17:00,ห้องไต่สวน2,สอบผู้ร้อง,,1,2026-04-08 15:38:23,ศรัทธา ศรมณี,กลุ่มงานปราบปรามการทุจริตหน่วยงานไม่สังกัดกระทรวง ทบวง สำนักนายกรัฐมนตรี,กองปราบปรามการทุจริตในภาครัฐ 5,จองสำเร็จ,2026-04-08 15:38:23
2157,2026-04-20,08:00-17:00,ห้องไต่สวน3,ประชุมคณะอนุกรรมการไต่สวน,,1,2026-04-02 14:21:43,ชรินดา มีแป้น,กลุ่มงานปราบปรามการทุจริตหน่วยงานในสังกัดสำนักนายกรัฐมนตรี,กองปราบปรามการทุจริตในภาครัฐ 5,จองสำเร็จ,2026-04-02 14:21:43
2158,2026-04-20,08:00-17:00,ห้องไต่สวน4,ไต่สวน,พ.ต.อ.ประหยัด เงางาม,4,2026-04-01 11:41:01,สรศักดิ์ ชัยอนันต์วรพล,กลุ่มงานปราบปรามการทุจริตหน่วยงานไม่สังกัดกระทรวง ทบวง สำนักนายกรัฐมนตรี,กองปราบปรามการทุจริตในภาครัฐ 5,จองสำเร็จ,2026-04-01 11:41:01
2159,2026-04-20,08:30-16:30,ห้องไต่สวน1,ไต่สวนเบื้องต้น,,3,2026-03-31 11:02:02,วสวัตติ์ ปัญญาจิรภาส,กลุ่มงานปราบปรามการทุจริตกระทรวงด้านความมั่นคง 1,กองปราบปรามการทุจริตในภาครัฐ 1,จองสำเร็จ,2026-03-31 11:02:02
2160,2026-04-20,09:00-16:00,ห้องประชุม 1 (ห้องใหญ่),ประชุมคณะอนุกรรมการกลั่นกรองฯ คณะที่ 7,นายพิพัฒน์ วงศาโรจน์,9,2026-03-25 15:31:18,ศิริวิมล พิมพ์โคตร,กลุ่มงานกิจการคณะกรรมการ,กองบริหารคดี,จองสำเร็จ,2026-03-25 15:31:18
2161,2026-04-20,09:00-12:00,ห้องประชุม(ห้องเล็ก 31),ประชุม กปก.,,17,2026-04-20 08:48:50,สุริยะ พรหมแก้ว,ฝ่ายบริหารทั่วไป,กองป้องกันการทุจริตในภาครัฐ,จองสำเร็จ,2026-04-20 08:48:50
2162,2026-04-20,09:30-15:30,ห้องประชุม 2 (ห้องเล็ก),ประชุมคณะอนุกรรมการกลั่นกรองฯ คณะที่ 1,พลโท นพพร โควหกุล ประธานอนุกรรมการ,9,2026-03-23 16:52:58,ปิยะนุช ชูเมือง,กลุ่มงานคำวินิจฉัยและมติคณะกรรมการ,กองบริหารคดี,จองสำเร็จ,2026-03-23 16:52:58
2163,2026-04-20,09:30-15:30,OneConferenceRoom 1,ประชุมคณะอนุกรรมการกลั่นกรองฯ คณะที่ 1,พลโท นพพร โควหกุล,9,2026-03-23 16:54:39,ปิยะนุช ชูเมือง,กลุ่มงานคำวินิจฉัยและมติคณะกรรมการ,กองบริหารคดี,จองสำเร็จ,2026-03-23 16:54:39
2164,2026-04-20,09:30-16:30,ห้องประชุมคณะกรรมการ,ประชุมคณะอนุกรรมการกลั่นกรองฯ คณะที่ 5 ครั้งที่ 2-2/2569,นายประพาฬ อนมาน,9,2026-03-23 13:00:54,พิศาล เฝื่อชาติ,กลุ่มงานคำวินิจฉัยและมติคณะกรรมการ,กองบริหารคดี,จองสำเร็จ,2026-03-23 13:00:54
2165,2026-04-20,10:00-12:00,OneConferenceRoom 2,ประชุมไต่สวนข้อเท็จจริง เรื่องที่ 0280/2566,พลตำรวจตรีสมควร พึ่งทรัพย์,5,2026-04-06 23:28:15,ประวิทย์ ภัทรสัตยากร,กลุ่มงานปราบปรามการทุจริตกระทรวงด้านสังคม,กองปราบปรามการทุจริตในภาครัฐ 2,จองสำเร็จ,2026-04-06 23:28:15
2166,2026-04-20,12:30-16:30,Zoom Meeting Room 6,หารือแนวทางการขับเคลื่อนร่วมกับ สำนักงาน ก.พ.ร.,นายภูมิวิศาล  เกษมศุข,40,2026-04-17 09:57:52,ประภัศษร ครองงาม,กลุ่มงานติดตามและประเมินผล,กองยุทธศาสตร์และแผนงาน,จองสำเร็จ,2026-04-17 09:57:52
2167,2026-04-20,13:00-16:30,ห้องประชุม(ห้องเล็ก 31),ประชุมกองฯ,ผอ.กปก.,18,2026-04-16 16:39:51,ปิยพัชร์ ชาญชัยพิบูลนนท์,ฝ่ายบริหารทั่วไป,กองป้องกันการทุจริตในภาครัฐ,จองสำเร็จ,2026-04-16 16:39:51
2168,2026-04-21,08:00-14:00,Zoom Meeting Room 1,ประชุมสลธ.,นางสาวณฐพร สิทธิชัย,1,2026-04-20 13:20:51,ภูมิกร ก้อนแก้ว,กลุ่มงานช่วยอำนวยการ,สำนักงานเลขาธิการ,จองสำเร็จ,2026-04-20 13:20:51
2169,2026-04-21,08:00-16:30,ห้องไต่สวน2,สอบคดี 107/2567,นางสาวนรินยุพา นำนาผล,5,2026-03-27 10:57:31,จิราพรรณ ทาบุราญ,กลุ่มงานปราบปรามการทุจริตในองค์กรปกครองส่วนท้องถิ่น 2,กองปราบปรามการทุจริตในภาครัฐ 4,จองสำเร็จ,2026-03-27 10:57:31
2170,2026-04-21,08:00-16:30,ห้องไต่สวน3,สอบพยานคดี 107/2567,น.ส.วรินยุพา นำนาผล,5,2026-03-27 11:04:38,จิราพรรณ ทาบุราญ,กลุ่มงานปราบปรามการทุจริตในองค์กรปกครองส่วนท้องถิ่น 2,กองปราบปรามการทุจริตในภาครัฐ 4,จองสำเร็จ,2026-03-27 11:04:38
2171,2026-04-21,08:00-13:00,ห้องประชุม 1 (ห้องใหญ่),ประชุม สลธ.,นางสาวณฐพร สิทธิชัย รักษาการ ผอ.สลธ.,1,2026-04-17 10:07:12,ภูมิกร ก้อนแก้ว,กลุ่มงานช่วยอำนวยการ,สำนักงานเลขาธิการ,จองสำเร็จ,2026-04-17 10:07:12
2172,2026-04-21,08:30-16:00,ห้องไต่สวน1,สอบพยาน,,1,2026-04-08 09:58:30,นวพร ปั้นจันทร์,กลุ่มงานปราบปรามการทุจริตหน่วยงานในสังกัดสำนักนายกรัฐมนตรี,กองปราบปรามการทุจริตในภาครัฐ 5,จองสำเร็จ,2026-04-08 09:58:30
2173,2026-04-21,08:30-16:30,ห้องไต่สวน4,ไต่สวนเบื้องต้น 1556/2568,,4,2026-03-31 11:04:05,วสวัตติ์ ปัญญาจิรภาส,กลุ่มงานปราบปรามการทุจริตกระทรวงด้านความมั่นคง 1,กองปราบปรามการทุจริตในภาครัฐ 1,จองสำเร็จ,2026-03-31 11:04:05
2174,2026-04-21,08:30-12:00,OneConferenceRoom 1,ประชุมคณะกรรมการ ป.ป.ท. ประจำเดือน เมษายน 2569 ครั้งที่ 29/2569,,19,2026-03-23 17:10:19,ลลิตตา พานิชผล,กลุ่มงานบริหารคดีและบริหารทั่วไป,กองบริหารคดี,จองสำเร็จ,2026-03-23 17:10:19
2175,2026-04-21,08:30-13:00,ห้องประชุมคณะกรรมการ,ประชุมคณะกรรมการ ป.ป.ท. ประจำเดือน เมษายน 2569 ครั้งที่ 29/2569,,19,2026-03-23 17:08:55,ลลิตตา พานิชผล,กลุ่มงานบริหารคดีและบริหารทั่วไป,กองบริหารคดี,จองสำเร็จ,2026-03-23 17:08:55
2176,2026-04-21,09:30-16:30,ห้องประชุม 2 (ห้องเล็ก),ประชุมคณะกรรมการจัดจ้าง ครั้งที่ 2 (กนป.),นางสาววรัญญา,5,2026-03-30 15:26:05,แพรววนิต เวียงมูล,กลุ่มความร่วมมือและพัฒนานวัตกรรมความโปร่งใสในภาครัฐ,กองการต่างประเทศ,จองสำเร็จ,2026-03-30 15:26:05
2177,2026-04-21,09:30-12:00,ห้องประชุม (กปท.4),ประชุมกอง กปท.4,,24,2026-04-20 13:12:45,ศิริขวัญ บุญปลูก,ฝ่ายบริหารทั่วไปและคดี,กองปราบปรามการทุจริตในภาครัฐ 4,จองสำเร็จ,2026-04-20 13:12:45
2178,2026-04-21,13:00-16:30,ห้องประชุม 1 (ห้องใหญ่),ประชุม สลธ.,เลขาธิการคณะกรรมการ ป.ป.ท.,50,2026-04-21 12:33:58,ดรุณี ฐานชารี,กลุ่มงานพัฒนาบุคลากร,สำนักงานเลขาธิการ,จองสำเร็จ,2026-04-21 12:33:58
2179,2026-04-21,13:00-15:30,ห้องประชุม (กปท.4),สอบพยาน,,4,2026-04-20 14:05:09,อนาวิล เกตพันธ์,กลุ่มงานปราบปรามการทุจริตในองค์กรปกครองส่วนท้องถิ่น 1,กองปราบปรามการทุจริตในภาครัฐ 4,จองสำเร็จ,2026-04-20 14:05:09
2180,2026-04-21,14:00-16:30,Zoom Meeting Room 4,ประชุมคณะกรรมการควบคุมภายใน ปปท.เขต 4,,25,2026-04-21 10:12:37,ธันย์นภัทร ศรีนันทา,กลุ่มงานป้องกันการทุจริตในภาครัฐ,สำนักงานป้องกันและปราบปรามการทุจริตในภาครัฐ เขต 4,จองสำเร็จ,2026-04-21 10:14:18
2181,2026-04-21,17:00-20:30,Zoom Meeting Room 1,ประชุมผู้บริหาร,ลธ. ปปท.,1,2026-04-21 15:39:46,เจษฎา จิตณรงค์,กลุ่มงานช่วยอำนวยการ,สำนักงานเลขาธิการ,จองสำเร็จ,2026-04-21 15:39:46
2182,2026-04-21,17:00-20:30,ห้องประชุม 1 (ห้องใหญ่),ประชุมผู้บริหาร,ลธ. ปปท.,50,2026-04-21 15:36:30,เจษฎา จิตณรงค์,กลุ่มงานช่วยอำนวยการ,สำนักงานเลขาธิการ,จองสำเร็จ,2026-04-21 15:36:30
2183,2026-04-22,08:00-14:00,Zoom Meeting Room 1,ประชุมผู้บริหารสำนักงานคณะกรรมการ ป.ป.ท. ครั้งที่ 2/2569,นายภูมิวิศาล เกษมศุข,1,2026-04-20 13:22:26,ภูมิกร ก้อนแก้ว,กลุ่มงานช่วยอำนวยการ,สำนักงานเลขาธิการ,จองสำเร็จ,2026-04-20 13:22:26
2184,2026-04-22,08:00-16:30,ห้องไต่สวน2,สอบพยานคดี 107/2567,น.ส.วรินยุพา นำนาผล,5,2026-03-27 11:07:03,จิราพรรณ ทาบุราญ,กลุ่มงานปราบปรามการทุจริตในองค์กรปกครองส่วนท้องถิ่น 2,กองปราบปรามการทุจริตในภาครัฐ 4,จองสำเร็จ,2026-03-27 11:07:03
2185,2026-04-22,08:00-16:30,ห้องไต่สวน3,สอบพยานคดี 107/2567,น.ส.วรินยุพา นำนาผล,5,2026-03-27 11:08:20,จิราพรรณ ทาบุราญ,กลุ่มงานปราบปรามการทุจริตในองค์กรปกครองส่วนท้องถิ่น 2,กองปราบปรามการทุจริตในภาครัฐ 4,จองสำเร็จ,2026-03-27 11:08:20
2186,2026-04-22,08:00-11:30,ห้องประชุม(ห้องเล็ก 31),ประชุมคณะอนุกรรมการไต่สวน,,1,2026-04-08 16:14:36,ชรินดา มีแป้น,กลุ่มงานปราบปรามการทุจริตหน่วยงานในสังกัดสำนักนายกรัฐมนตรี,กองปราบปรามการทุจริตในภาครัฐ 5,จองสำเร็จ,2026-04-08 16:14:36
2187,2026-04-22,08:00-12:00,ห้องประชุม (กปท.4),ประชุมไต่สวน,,1,2026-04-11 15:58:20,เพชรรพี จรัสเจษฎา,กลุ่มงานปราบปรามการทุจริตหน่วยงานในสังกัดสำนักนายกรัฐมนตรี,กองปราบปรามการทุจริตในภาครัฐ 5,จองสำเร็จ,2026-04-11 15:58:20
2188,2026-04-22,08:30-16:30,ห้องไต่สวน4,ไต่สวนเบื้องต้น 1556/2568,,4,2026-03-31 11:04:33,วสวัตติ์ ปัญญาจิรภาส,กลุ่มงานปราบปรามการทุจริตกระทรวงด้านความมั่นคง 1,กองปราบปรามการทุจริตในภาครัฐ 1,จองสำเร็จ,2026-03-31 11:04:33
2189,2026-04-22,08:30-12:30,OneConferenceRoom 1,ประชุมคณะกรรมการ ป.ป.ท. ประจำเดือน เมษายน 2569 ครั้งที่ 30/2569,,19,2026-03-23 17:12:45,ลลิตตา พานิชผล,กลุ่มงานบริหารคดีและบริหารทั่วไป,กองบริหารคดี,จองสำเร็จ,2026-03-23 17:12:45
2190,2026-04-22,08:30-13:00,OneConferenceRoom 3,ประชุมคณะอนุกรรมการไต่สวนข้อเท็จจริง สำนวนคดีเลขที่ 418/2569 ครั้งที่ 1-1/2569,พันตำรวจโท สมชัย ประชาเสริมศาสตร์,4,2026-04-10 15:39:42,นริศรา หรุ่นสูงเนิน,กลุ่มงานปราบปรามการทุจริตกระทรวงด้านสังคม,กองปราบปรามการทุจริตในภาครัฐ 2,จองสำเร็จ,2026-04-10 15:41:08
2191,2026-04-22,08:30-12:00,ห้องประชุมคณะกรรมการ,ประชุมคณะกรรมการ ป.ป.ท. ประจำเดือน เมษายน 2569 ครั้งที่ 30/2569,,19,2026-03-23 17:14:33,ลลิตตา พานิชผล,กลุ่มงานบริหารคดีและบริหารทั่วไป,กองบริหารคดี,จองสำเร็จ,2026-03-23 17:14:33
2192,2026-04-22,09:00-17:00,ห้องไต่สวน1,ไต่สวน,,1,2026-03-24 14:32:30,พูนทรัพย์ เตชะเกียรติสุจิตร,กลุ่มงานปราบปรามการทุจริตกระทรวงด้านความมั่นคง 1,กองปราบปรามการทุจริตในภาครัฐ 1,จองสำเร็จ,2026-03-24 14:32:30
2193,2026-04-22,09:00-13:00,ห้องประชุม 1 (ห้องใหญ่),ประชุมผู้บริหารสำนักงานคณะกรรมการ ป.ป.ท. ครั้งที่ 2/2569,นายภูมิวิศาล เกษมศุข,40,2026-04-20 08:51:49,ภูมิกร ก้อนแก้ว,กลุ่มงานช่วยอำนวยการ,สำนักงานเลขาธิการ,จองสำเร็จ,2026-04-20 08:51:49
2194,2026-04-22,09:30-12:00,ห้องประชุม 2 (ห้องเล็ก),ประชุมคณะกรรมการจัดจ้าง (ศบช.) ครั้งที่ 2,นางสาวพัชรียา ต่อประดิษฐ์,5,2026-04-09 15:23:00,แพรววนิต เวียงมูล,กลุ่มความร่วมมือและพัฒนานวัตกรรมความโปร่งใสในภาครัฐ,กองการต่างประเทศ,จองสำเร็จ,2026-04-09 15:23:00
2195,2026-04-22,13:00-16:30,ห้องประชุม 2 (ห้องเล็ก),ประชุมฯ,,5,2026-04-20 13:34:47,สุริยะ พรหมแก้ว,ฝ่ายบริหารทั่วไป,กองป้องกันการทุจริตในภาครัฐ,จองสำเร็จ,2026-04-20 13:35:16
2196,2026-04-22,13:00-16:30,ห้องประชุม 1 (ห้องใหญ่),ประชุมคณะกรรมการกำหนดมาตรฐานความรู้ความสามารถ ทักษะ และสมรรถนะที่จำเป็นสำหรับข้าราชการสำนักงาน ป.ป.ท.ครั้งที่ 1,,35,2026-04-20 08:29:35,วิทยา สีดา,กลุ่มพัฒนาระบบบริหาร,กลุ่มพัฒนาระบบบริหาร,จองสำเร็จ,2026-04-20 08:29:35
2197,2026-04-22,13:00-16:30,ห้องประชุม(ห้องเล็ก 31),ประชุมคณะทำงานฯ,,1,2026-04-03 13:35:04,สิวลี นันทนพิบูล,กลุ่มงานปราบปรามการทุจริตในรัฐวิสาหกิจ 2,กองปราบปรามการทุจริตในภาครัฐ 3,จองสำเร็จ,2026-04-03 13:35:04
2198,2026-04-22,13:00-16:00,ห้องประชุม (กปท.4),ประชุมกอง กปท.5,ผอ.กปท.5,25,2026-04-16 15:51:46,ศิริขวัญ บุญปลูก,ฝ่ายบริหารทั่วไปและคดี,กองปราบปรามการทุจริตในภาครัฐ 4,จองสำเร็จ,2026-04-16 15:51:46
2199,2026-04-22,13:00-16:30,Zoom Meeting Room 6,ประชุมคณะกรรมการกำหนดมาตรฐานความรู้ความสามารถ ทักษะ และสมรรถนะที่จำเป็นสำหรับข้าราชการสำนักงาน ป.ป.ท.ครั้งที่ 1,,30,2026-04-20 08:33:52,วิทยา สีดา,กลุ่มพัฒนาระบบบริหาร,กลุ่มพัฒนาระบบบริหาร,จองสำเร็จ,2026-04-20 08:33:52
2200,2026-04-22,13:00-16:30,OneConferenceRoom 3,ประชุมคณะอนุกรรมการไต่สวนข้อเท็จจริง สำนวนคดีเลขที่ 0267/2566 ครั้งที่ 1-1/2569,พันตำรวจโท สมชัย ประชาเสริมศาสตร์,4,2026-04-22 11:27:42,นริศรา หรุ่นสูงเนิน,กลุ่มงานปราบปรามการทุจริตกระทรวงด้านสังคม,กองปราบปรามการทุจริตในภาครัฐ 2,จองสำเร็จ,2026-04-22 11:27:42
2201,2026-04-22,13:15-16:30,Zoom Meeting Room 4,ประชุมคณะทำงานฯ,,15,2026-04-03 13:37:42,สิวลี นันทนพิบูล,กลุ่มงานปราบปรามการทุจริตในรัฐวิสาหกิจ 2,กองปราบปรามการทุจริตในภาครัฐ 3,จองสำเร็จ,2026-04-03 13:37:42
2202,2026-04-22,13:30-16:30,Zoom Meeting Room 7,ประชุมฯ,,10,2026-04-20 13:36:42,สุริยะ พรหมแก้ว,ฝ่ายบริหารทั่วไป,กองป้องกันการทุจริตในภาครัฐ,จองสำเร็จ,2026-04-20 13:36:42
2203,2026-04-22,14:00-17:00,Zoom Meeting Room 5,หารือ การลงข้อมูล ITA ในระบบบัญชีข้อมูลกลางภาครัฐ (Government Data Catalog : GD Catalog),รองเอกชัย,6,2026-04-07 15:51:11,พลอยศมน เอี่ยมศิลา,กลุ่มงานส่งเสริมธรรมาภิบาลในภาครัฐ,กองป้องกันการทุจริตในภาครัฐ,จองสำเร็จ,2026-04-07 15:51:11
2204,2026-04-22,14:00-16:00,OneConferenceRoom 2,ไต่สวน 169/2568,นายระวี แววศรี,6,2026-04-17 09:21:36,ชยพล เงยวิจิตร,กลุ่มงานปราบปรามการทุจริตในภาครัฐ 1,สำนักงานป้องกันและปราบปรามการทุจริตในภาครัฐ เขต 3,จองสำเร็จ,2026-04-17 09:21:36
2205,2026-04-23,08:00-16:30,ห้องไต่สวน2,สอบพยานคดี 107/2567,น.ส.วรินยุพา นำนาผล,5,2026-03-27 11:10:40,จิราพรรณ ทาบุราญ,กลุ่มงานปราบปรามการทุจริตในองค์กรปกครองส่วนท้องถิ่น 2,กองปราบปรามการทุจริตในภาครัฐ 4,จองสำเร็จ,2026-03-27 11:10:40
2206,2026-04-23,08:00-16:30,ห้องไต่สวน3,สอบพยานคดี 107/2567,น.ส.วรินยุพา นำนาผล,5,2026-03-27 11:12:15,จิราพรรณ ทาบุราญ,กลุ่มงานปราบปรามการทุจริตในองค์กรปกครองส่วนท้องถิ่น 2,กองปราบปรามการทุจริตในภาครัฐ 4,จองสำเร็จ,2026-03-27 11:12:15
2207,2026-04-23,08:00-17:00,ห้องไต่สวน4,ไต่สวน สอบปากคำพยาน,,3,2026-03-17 16:30:13,รัตติกาล ณ ราช,กลุ่มงานปราบปรามการทุจริตหน่วยงานในสังกัดสำนักนายกรัฐมนตรี,กองปราบปรามการทุจริตในภาครัฐ 5,จองสำเร็จ,2026-03-17 16:30:13
2208,2026-04-23,08:00-12:00,Zoom Meeting Room 9,ประชุมคณะอนุกรรมการขับเคลื่อนงานป้องกันและเฝ้าระวังการทุุจริต ครั้งที่ 3/2569,,13,2026-04-01 11:40:06,สุริยะ พรหมแก้ว,ฝ่ายบริหารทั่วไป,กองป้องกันการทุจริตในภาครัฐ,จองสำเร็จ,2026-04-01 11:40:06
2209,2026-04-23,08:30-12:00,ห้องประชุม 2 (ห้องเล็ก),ประชุมชี้แจงรายละเอียดข้อเสนอโครงการฯ แผนงานบูรณาการต่อต้านการทุจริต,อัญชิสา,4,2026-04-22 10:24:28,สลักจิต ณ ลำพูน,ฝ่ายบริหารทั่วไป,กองยุทธศาสตร์และแผนงาน,จองสำเร็จ,2026-04-22 10:24:28
2210,2026-04-23,08:30-16:30,ห้องไต่สวน1,สอบปากคำผู้ร้อง,,3,2026-04-20 11:04:22,กฤษฏ์ ธวัชชัยวิสุทธิ์,กลุ่มงานปราบปรามการทุจริตหน่วยงานไม่สังกัดกระทรวง ทบวง สำนักนายกรัฐมนตรี,กองปราบปรามการทุจริตในภาครัฐ 5,จองสำเร็จ,2026-04-20 11:05:27
2211,2026-04-23,09:00-12:00,ห้องประชุม(ห้องเล็ก 31),ประชุมร่วมกับสพร.,,1,2026-04-16 16:43:17,ปิยพัชร์ ชาญชัยพิบูลนนท์,ฝ่ายบริหารทั่วไป,กองป้องกันการทุจริตในภาครัฐ,จองสำเร็จ,2026-04-16 16:45:32
2212,2026-04-23,13:00-14:00,Zoom Meeting Room 1,ประชุมคณะกรรมการทำลายหนังสือ,นายศุภกฤษ แก้วรัตน์,1,2026-04-21 19:12:24,มนัสวัลย์ ก้อนทอง,กลุ่มงานปราบปรามการทุจริตในรัฐวิสาหกิจ 1,กองปราบปรามการทุจริตในภาครัฐ 3,จองสำเร็จ,2026-04-21 19:12:24
2213,2026-04-23,13:30-16:30,Zoom Meeting Room 4,การประชุมเพื่อเร่งรัด กำกับติดตามผลการดำเนินงานด้านคดี ในห้วงระยะเวลา ไตรมาส 3,พตท. สิริพงษ์ฯ,100,2026-04-16 13:19:37,พิสิษฐ์ แก้วเกตุ,ศูนย์รับเรื่องร้องเรียน,กองบริหารคดี,จองสำเร็จ,2026-04-16 13:19:37
2214,2026-04-23,15:00-16:30,ห้องประชุม 2 (ห้องเล็ก),การประชุมเพื่อหารือการขับเคลื่อนงานในการพัฒนาระบบราชการตาม พรบ. อำนวย,รองเลขาธิการ 2,1,2026-04-23 14:20:42,ใหม่ วงศ์สร้างทรัพย์,กลุ่มงานปราบปรามการทุจริตกระทรวงด้านเศรษฐกิจ,กองปราบปรามการทุจริตในภาครัฐ 2,จองสำเร็จ,2026-04-23 14:20:42
2215,2026-04-23,16:30-18:00,ห้องประชุม 2 (ห้องเล็ก),การประชุมเพื่อหารือการขับเคลื่อนงานในการพัฒนาระบบราชการตาม พรบ. อำนวย,รองเลขาธิการ2,1,2026-04-21 15:31:07,ใหม่ วงศ์สร้างทรัพย์,กลุ่มงานปราบปรามการทุจริตกระทรวงด้านเศรษฐกิจ,กองปราบปรามการทุจริตในภาครัฐ 2,จองสำเร็จ,2026-04-21 15:31:07
2216,2026-04-23,17:00-19:00,Zoom Meeting Room 10,การประชุมเพื่อหารือการขับเคลื่อนงานในการพัฒนาระบบราชการตาม พรบ. อำนวย,รองเลขาธิการคณะกรรมการ ป.ป.ท. (พ.ต.ท.สิริพงษ์  ศรีตุลา),10,2026-04-20 15:19:56,ปัทมา ประสิทธิวงษ์,กลุ่มงานป้องกันการทุจริตในภาครัฐ,สำนักงานป้องกันและปราบปรามการทุจริตในภาครัฐ เขต 2,จองสำเร็จ,2026-04-20 15:19:56
2217,2026-04-24,07:30-15:00,Zoom Meeting Room 1,การประชุมเพื่อรับมอบนโยบายจากรัฐมนตรีประจำสำนักนายกรัฐมนตรีวง (นายภาราดรฯ),นายภราดร ปริศนานันทกุล เป็นรัฐมนตรีประจำสำนักนายกรัฐมนตรี,1,2026-04-21 14:51:32,ภูมิกร ก้อนแก้ว,กลุ่มงานช่วยอำนวยการ,สำนักงานเลขาธิการ,จองสำเร็จ,2026-04-21 14:51:32
2218,2026-04-24,07:30-14:00,ห้องประชุม 1 (ห้องใหญ่),การประชุมเพื่อรับมอบนโยบายจากรัฐมนตรีประจำสำนักนายกรัฐมนตรีวง (นายภาราดรฯ),เลขาธิการ ปปท.,80,2026-04-20 18:57:29,อรทัย เพชรสันทัด,กลุ่มงานบริหารเทคโนโลยีและพัฒนาระบบ,ศูนย์เทคโนโลยีสารสนเทศและการสื่อสาร,จองสำเร็จ,2026-04-20 19:03:36
2219,2026-04-24,08:00-17:00,ห้องประชุม 2 (ห้องเล็ก),ติดตามความก้าวหน้า แผนงานบูรณาการฯ รอบ 6 เดือน,ผอ.กยผ.,15,2026-03-31 13:08:57,วาสนา จัตุพร,กลุ่มงานนโยบายและยุทธศาสตร์,กองยุทธศาสตร์และแผนงาน,จองสำเร็จ,2026-03-31 13:08:57
2220,2026-04-24,08:00-18:30,ห้องไต่สวน1,ไต่สวนข้อเท็จจริง,,1,2026-03-10 14:46:43,อภิรักษ์ คงคาเพชร,กลุ่มงานปราบปรามการทุจริตในองค์กรปกครองส่วนท้องถิ่น 2,กองปราบปรามการทุจริตในภาครัฐ 4,จองสำเร็จ,2026-03-10 14:46:43
2221,2026-04-24,08:00-16:30,ห้องไต่สวน2,สอบพยานคดี 107/2567,น.ส.วรินยุพา นำนาผล,5,2026-03-27 11:14:42,จิราพรรณ ทาบุราญ,กลุ่มงานปราบปรามการทุจริตในองค์กรปกครองส่วนท้องถิ่น 2,กองปราบปรามการทุจริตในภาครัฐ 4,จองสำเร็จ,2026-03-27 11:14:42
2222,2026-04-24,08:00-16:30,ห้องไต่สวน3,สอบพยานคดี 107/2567,น.ส.วรินยุพา นำนาผล,5,2026-03-27 11:15:50,จิราพรรณ ทาบุราญ,กลุ่มงานปราบปรามการทุจริตในองค์กรปกครองส่วนท้องถิ่น 2,กองปราบปรามการทุจริตในภาครัฐ 4,จองสำเร็จ,2026-03-27 11:15:50
2223,2026-04-24,08:30-16:30,ห้องไต่สวน4,ไต่สวน,,3,2026-04-03 14:34:58,มะลิไล แก้วมาดีงาม,กลุ่มงานปราบปรามการทุจริตหน่วยงานไม่สังกัดกระทรวง ทบวง สำนักนายกรัฐมนตรี,กองปราบปรามการทุจริตในภาครัฐ 5,จองสำเร็จ,2026-04-03 14:34:58
2224,2026-04-24,08:30-16:00,ห้องประชุม(ห้องเล็ก 31),ประชุมสปท,,15,2026-04-17 10:29:49,ปิยพัชร์ ชาญชัยพิบูลนนท์,ฝ่ายบริหารทั่วไป,กองป้องกันการทุจริตในภาครัฐ,จองสำเร็จ,2026-04-17 10:30:15
2225,2026-04-24,08:30-17:00,Zoom Meeting Room 5,กิจกรรมเสริมสร้างองค์ความรู้ (km) และการรับสมัครเครือข่ายต้นแบบในการป้องกันและเฝ้าระวังการทุจริต” ประจำปี งบประมาณ พ.ศ. ๒๕๖๙,นายธรรมนูญ คงรัตน์,20,2026-04-20 10:07:36,วชิรวิทย์ ทองฤกษ์,กลุ่มงานป้องกันการทุจริตในภาครัฐ,สำนักงานป้องกันและปราบปรามการทุจริตในภาครัฐ เขต 8,จองสำเร็จ,2026-04-20 11:23:00
2226,2026-04-24,08:30-16:00,Zoom Meeting Room 8,ประชุม สปท. ป.ป.ท. ครั้งที่ 4/2569,รองเลขาธิการคณะกรรมการ ป.ป.ท. (นายเอกชัย เกษมสุขธวัช),10,2026-03-25 20:46:56,เกศรารัตติ์ บุนนท์,กลุ่มงานเครือข่ายภาคประชาสังคมป้องกันการทุจริต,กองป้องกันการทุจริตในภาครัฐ,จองสำเร็จ,2026-04-17 10:48:17
2227,2026-04-24,10:00-12:00,OneConferenceRoom 1,ประชุมคณะอนุกรรมการไต่สวนข้อเท็จจริง,นายทวี จันทรเสนา,5,2026-04-20 11:20:26,ณัฐฐิดา สัตยารัฐ,กลุ่มงานปราบปรามการทุจริตในภาครัฐ 2,สำนักงานป้องกันและปราบปรามการทุจริตในภาครัฐ เขต 4,จองสำเร็จ,2026-04-20 11:24:35
2228,2026-04-24,12:00-17:00,ห้องประชุม (กปท.4),สอบถ้อยคำ,,1,2026-04-17 16:15:22,ออมทอง นันตา,กลุ่มงานปราบปรามการทุจริตหน่วยงานในสังกัดสำนักนายกรัฐมนตรี,กองปราบปรามการทุจริตในภาครัฐ 5,จองสำเร็จ,2026-04-17 16:15:22
2229,2026-04-24,13:45-16:00,OneConferenceRoom 2,ไต่สวน 169/2568,นายระวี แววศรี,6,2026-04-22 14:56:17,ชยพล เงยวิจิตร,กลุ่มงานปราบปรามการทุจริตในภาครัฐ 1,สำนักงานป้องกันและปราบปรามการทุจริตในภาครัฐ เขต 3,จองสำเร็จ,2026-04-22 14:56:17
2230,2026-04-24,14:00-16:30,ห้องประชุม 1 (ห้องใหญ่),ประชุม สปท. ป.ป.ท. ครั้งที่ 4/2569,รองเลขาธิการคณะกรรมการ ป.ป.ท. (นายเอกชัย เกษมสุขธวัช),20,2026-03-25 20:46:56,เกศรารัตติ์ บุนนท์,กลุ่มงานเครือข่ายภาคประชาสังคมป้องกันการทุจริต,กองป้องกันการทุจริตในภาครัฐ,จองสำเร็จ,2026-04-17 10:48:17
2231,2026-04-27,08:00-16:30,ห้องไต่สวน2,สอบพยานคดี 107/2567,น.ส.วรินยุพา นำนาผล,5,2026-03-27 11:18:21,จิราพรรณ ทาบุราญ,กลุ่มงานปราบปรามการทุจริตในองค์กรปกครองส่วนท้องถิ่น 2,กองปราบปรามการทุจริตในภาครัฐ 4,จองสำเร็จ,2026-03-27 11:18:21
2232,2026-04-27,08:00-16:30,ห้องไต่สวน3,สอบพยานคดี 107/2567,น.ส.วรินยุพา นำนาผล,5,2026-03-27 11:19:28,จิราพรรณ ทาบุราญ,กลุ่มงานปราบปรามการทุจริตในองค์กรปกครองส่วนท้องถิ่น 2,กองปราบปรามการทุจริตในภาครัฐ 4,จองสำเร็จ,2026-03-27 11:19:28
2233,2026-04-27,08:00-17:00,ห้องประชุม (กปท.4),สอบพยานไต่สวน 0125/2568,,1,2026-04-24 15:10:28,วสวัตติ์ ปัญญาจิรภาส,กลุ่มงานปราบปรามการทุจริตกระทรวงด้านความมั่นคง 1,กองปราบปรามการทุจริตในภาครัฐ 1,จองสำเร็จ,2026-04-24 15:10:28
2234,2026-04-27,08:30-16:30,ห้องไต่สวน1,สอบผู้ร้อง,,4,2026-04-07 09:34:36,นิดา พินิจวิกรานต์,กลุ่มงานปราบปรามการทุจริตกระทรวงด้านความมั่นคง 1,กองปราบปรามการทุจริตในภาครัฐ 1,จองสำเร็จ,2026-04-07 09:34:36
2235,2026-04-27,08:30-16:00,ห้องไต่สวน4,ไต่สวน,,4,2026-04-22 15:22:21,วิชาญ พิเนตรเสถียร,กลุ่มงานปราบปรามการทุจริตหน่วยงานไม่สังกัดกระทรวง ทบวง สำนักนายกรัฐมนตรี,กองปราบปรามการทุจริตในภาครัฐ 5,จองสำเร็จ,2026-04-22 15:22:21
2236,2026-04-27,09:30-12:00,ห้องประชุม(ห้องเล็ก 31),ประชุม กนป.,,5,2026-04-27 08:05:57,แพรววนิต เวียงมูล,กลุ่มความร่วมมือและพัฒนานวัตกรรมความโปร่งใสในภาครัฐ,กองการต่างประเทศ,จองสำเร็จ,2026-04-27 08:05:57
2237,2026-04-28,08:30-12:00,ห้องไต่สวน2,สอบพยาน,จิราพรรณ ทาบุราญ,4,2026-04-07 13:12:24,จิราพรรณ ทาบุราญ,กลุ่มงานปราบปรามการทุจริตในองค์กรปกครองส่วนท้องถิ่น 2,กองปราบปรามการทุจริตในภาครัฐ 4,จองสำเร็จ,2026-04-07 13:12:24
2238,2026-04-28,08:30-16:00,ห้องประชุม (กปท.4),ไต่สวนข้อเท็จจริง,,1,2026-04-10 15:01:16,อภิรักษ์ คงคาเพชร,กลุ่มงานปราบปรามการทุจริตในองค์กรปกครองส่วนท้องถิ่น 2,กองปราบปรามการทุจริตในภาครัฐ 4,จองสำเร็จ,2026-04-10 15:01:16
2239,2026-04-28,08:30-12:30,OneConferenceRoom 1,ประชุมคณะกรรมการ ป.ป.ท. ประจำเดือน เมษายน 2569 ครั้งที่ 31/2569,,20,2026-03-23 17:16:06,ลลิตตา พานิชผล,กลุ่มงานบริหารคดีและบริหารทั่วไป,กองบริหารคดี,จองสำเร็จ,2026-03-23 17:16:06
2240,2026-04-28,08:30-12:00,ห้องประชุมคณะกรรมการ,ประชุมคณะกรรมการ ป.ป.ท. ประจำเดือน เมษายน 2569 ครั้งที่ 31/2569,,19,2026-03-23 17:15:23,ลลิตตา พานิชผล,กลุ่มงานบริหารคดีและบริหารทั่วไป,กองบริหารคดี,จองสำเร็จ,2026-03-23 17:15:23
2241,2026-04-28,09:00-16:30,ห้องประชุม 2 (ห้องเล็ก),ประชุมร่วมกับ ม.ธรรมศาสตร์,ท่านคณะกรรมการ ป.ป.ท. (ท่านจิระ),10,2026-03-30 13:47:41,สรพงษ์ กุ้ยบำรุง,กลุ่มความร่วมมือและพัฒนานวัตกรรมความโปร่งใสในภาครัฐ,กองการต่างประเทศ,จองสำเร็จ,2026-03-30 13:47:41
2242,2026-04-28,09:00-14:00,ห้องไต่สวน1,สอบผู้ร้อง,,4,2026-04-09 12:25:19,ชัยนาท น้อยสอน,กลุ่มงานปราบปรามการทุจริตหน่วยงานในสังกัดสำนักนายกรัฐมนตรี,กองปราบปรามการทุจริตในภาครัฐ 5,จองสำเร็จ,2026-04-09 12:25:19
2243,2026-04-28,09:00-17:00,ห้องไต่สวน3,ไต่สวน,,1,2026-04-10 09:23:23,พูนทรัพย์ เตชะเกียรติสุจิตร,กลุ่มงานปราบปรามการทุจริตกระทรวงด้านความมั่นคง 1,กองปราบปรามการทุจริตในภาครัฐ 1,จองสำเร็จ,2026-04-10 09:23:23
2244,2026-04-28,09:00-12:00,Zoom Meeting Room 4,ประชุมร่วมกับ มหาวิทยาลัยธรรมศาสตร์,รองเลขาธิการคณะกรรมการ ป.ป.ท. (พันตำรวจโท สิริพงษ์ ศรีตุลา),1,2026-04-18 18:57:15,สรพงษ์ กุ้ยบำรุง,กลุ่มความร่วมมือและพัฒนานวัตกรรมความโปร่งใสในภาครัฐ,กองการต่างประเทศ,จองสำเร็จ,2026-04-18 18:57:15
2245,2026-04-28,09:30-16:30,ห้องไต่สวน4,ไต่สวนเบื้องต้น,,3,2026-04-08 11:18:13,พรรณนิภา อารยะทรงศักดิ์,กลุ่มงานปราบปรามการทุจริตหน่วยงานไม่สังกัดกระทรวง ทบวง สำนักนายกรัฐมนตรี,กองปราบปรามการทุจริตในภาครัฐ 5,จองสำเร็จ,2026-04-08 11:18:13
2246,2026-04-28,10:00-12:30,ห้องประชุม(ห้องเล็ก 31),ประชุม กปท.1,นายสุภาพ ศิริ,15,2026-04-24 10:00:40,พิกุล โกสินทร์,ฝ่ายบริหารทั่วไปและคดี,กองปราบปรามการทุจริตในภาครัฐ 1,จองสำเร็จ,2026-04-24 10:00:40
2247,2026-04-28,12:00-18:00,ห้องไต่สวน2,สอบผู้ร้อง,,3,2026-04-20 08:44:40,ศรัทธา ศรมณี,กลุ่มงานปราบปรามการทุจริตหน่วยงานไม่สังกัดกระทรวง ทบวง สำนักนายกรัฐมนตรี,กองปราบปรามการทุจริตในภาครัฐ 5,จองสำเร็จ,2026-04-20 08:44:40
2248,2026-04-29,08:00-17:00,ห้องไต่สวน4,ไต่สวน สอบปากคำพยาน,,1,2026-03-19 10:33:33,รัตติกาล ณ ราช,กลุ่มงานปราบปรามการทุจริตหน่วยงานในสังกัดสำนักนายกรัฐมนตรี,กองปราบปรามการทุจริตในภาครัฐ 5,จองสำเร็จ,2026-03-19 10:33:33
2249,2026-04-29,08:30-16:30,ห้องประชุม 2 (ห้องเล็ก),ประชุมคณะอนุกรรมการกลั่นกรองฯ คณะที่ 6 ครั้งที่ 2-2/2569,พลตำรวจตรี นพรัตน์ รินทพล,9,2026-03-27 13:26:11,นงค์ลักษณ์ ยั่งยืน,กลุ่มงานคำวินิจฉัยและมติคณะกรรมการ,กองบริหารคดี,จองสำเร็จ,2026-03-27 13:26:11
2250,2026-04-29,08:30-16:30,ห้องไต่สวน1,สอบผู้ร้อง,,4,2026-04-03 10:36:41,นิดา พินิจวิกรานต์,กลุ่มงานปราบปรามการทุจริตกระทรวงด้านความมั่นคง 1,กองปราบปรามการทุจริตในภาครัฐ 1,จองสำเร็จ,2026-04-03 10:36:41
2251,2026-04-29,08:30-16:30,ห้องไต่สวน2,ไต่สวน,,4,2026-04-03 14:36:10,มะลิไล แก้วมาดีงาม,กลุ่มงานปราบปรามการทุจริตหน่วยงานไม่สังกัดกระทรวง ทบวง สำนักนายกรัฐมนตรี,กองปราบปรามการทุจริตในภาครัฐ 5,จองสำเร็จ,2026-04-03 14:36:10
2252,2026-04-29,08:30-16:30,ห้องไต่สวน3,แจ้งข้อกล่าวหา,,5,2026-04-01 12:15:22,มะลิไล แก้วมาดีงาม,กลุ่มงานปราบปรามการทุจริตหน่วยงานไม่สังกัดกระทรวง ทบวง สำนักนายกรัฐมนตรี,กองปราบปรามการทุจริตในภาครัฐ 5,จองสำเร็จ,2026-04-01 12:15:22
2253,2026-04-29,08:30-12:00,Zoom Meeting Room 4,การประชุมคณะกรรมการประเมินผลงานเพื่อเลื่อนข้าราชการพลเรือนสามัญขึ้นแต่งตั้งให้ดำรงตำแหน่งนักสืบสวนสอบสวน ระดับชำนาญการ,พันตำรวจเอก กษิดิศ  เพิ่มพูนวิวัฒน์,8,2026-04-16 08:53:08,วชิระ บุญประสงค์,กลุ่มงานบริหารงานบุคคล,สำนักงานเลขาธิการ,จองสำเร็จ,2026-04-24 11:32:21
2254,2026-04-29,08:30-12:30,OneConferenceRoom 1,ประชุมคณะกรรมการ ป.ป.ท. ประจำเดือน เมษายน 2569 ครั้งที่ 32/2569,,20,2026-03-23 17:17:34,ลลิตตา พานิชผล,กลุ่มงานบริหารคดีและบริหารทั่วไป,กองบริหารคดี,จองสำเร็จ,2026-03-23 17:17:34
2255,2026-04-29,08:30-12:30,ห้องประชุมคณะกรรมการ,ประชุมคณะกรรมการ ป.ป.ท. ประจำเดือน เมษายน 2569 ครั้งที่ 32/2569,,20,2026-03-23 17:16:42,ลลิตตา พานิชผล,กลุ่มงานบริหารคดีและบริหารทั่วไป,กองบริหารคดี,จองสำเร็จ,2026-03-23 17:16:42
2256,2026-04-29,09:00-12:00,ห้องประชุม (กปท.4),ประชุมหารือความคืบหน้าการดำเนินงานร่วมกับ DGA,นางสาวกิตวิภา สุวรรณรัตน์,6,2026-04-17 14:30:53,กิริยา พิชยวัฒน์,กลุ่มความร่วมมือและพัฒนานวัตกรรมความโปร่งใสในภาครัฐ,กองการต่างประเทศ,จองสำเร็จ,2026-04-17 14:30:53
2257,2026-04-29,09:30-12:00,ห้องประชุม(ห้องเล็ก 31),สอบพยานไต่สวน,,5,2026-04-07 16:11:01,รัชนีวรรณ พาพันธุ์เรือง,กลุ่มงานปราบปรามการทุจริตในภาครัฐ 2,สำนักงานป้องกันและปราบปรามการทุจริตในภาครัฐ เขต 1,จองสำเร็จ,2026-04-07 16:11:39
2258,2026-04-29,10:00-12:00,Zoom Meeting Room 1,ประชุมสำนักงาน ปปท.เขต 1,นายสมศักดิ์  มหรรณพ (รักษาราชการแทน ผอ.ปปท.เขต 1),25,2026-04-24 11:21:43,สุรีพร แก้วพะเนาว์,กลุ่มงานบริหารคดีและบริหารทั่วไป,สำนักงานป้องกันและปราบปรามการทุจริตในภาครัฐ เขต 1,จองสำเร็จ,2026-04-24 11:25:03
2259,2026-04-29,13:00-16:30,ห้องประชุม(ห้องเล็ก 31),ประชุมเกี่ยวกับงานวินัย,,5,2026-04-24 15:46:47,เกษมสันต์ มณีวรรณ,กลุ่มงานวินัย,สำนักงานเลขาธิการ,จองสำเร็จ,2026-04-24 15:46:47
2260,2026-04-29,15:00-16:00,Zoom Meeting Room 6,ประชุมคณะกรรมการทำลายหนังสือ,นายศุภกฤษ แก้วรัตน์,1,2026-04-25 11:42:06,มนัสวัลย์ ก้อนทอง,กลุ่มงานปราบปรามการทุจริตในรัฐวิสาหกิจ 1,กองปราบปรามการทุจริตในภาครัฐ 3,จองสำเร็จ,2026-04-25 11:42:06
2261,2026-04-30,08:30-16:30,ห้องประชุมคณะกรรมการ,ประชุมคณะอนุกรรมการกลั่นกรองฯ คณะที่ 3 ครั้งที่ 1-1/2569,นายภาส ภาสสัทธา,9,2026-03-16 11:53:22,นงค์ลักษณ์ ยั่งยืน,กลุ่มงานคำวินิจฉัยและมติคณะกรรมการ,กองบริหารคดี,จองสำเร็จ,2026-03-19 14:45:45
2262,2026-04-30,08:45-16:00,ห้องประชุม(ห้องเล็ก 31),แจ้งข้อกล่าวหา,,4,2026-04-24 14:59:56,มะลิไล แก้วมาดีงาม,กลุ่มงานปราบปรามการทุจริตหน่วยงานไม่สังกัดกระทรวง ทบวง สำนักนายกรัฐมนตรี,กองปราบปรามการทุจริตในภาครัฐ 5,จองสำเร็จ,2026-04-24 14:59:56
2263,2026-04-30,09:00-12:00,Zoom Meeting Room 1,การประชุมเพื่อเร่งรัด กำกับติดตามผลการดำเนินงานด้านคดี ในห้วงระยะเวลา ไตรมาส 3,รองฯ เอกชัย,70,2026-04-27 13:56:39,พิสิษฐ์ แก้วเกตุ,ศูนย์รับเรื่องร้องเรียน,กองบริหารคดี,จองสำเร็จ,2026-04-27 13:56:39
2264,2026-04-30,09:00-16:30,ห้องประชุม 2 (ห้องเล็ก),การประชุมคณะอนุกรรมการกลั่นกรองฯ คณะที่ 8,นายอดิศักดิ์ ปัตรวลี,9,2026-03-24 17:09:31,ณัฐฐพิชา นาวินธรรม,กลุ่มงานคำวินิจฉัยและมติคณะกรรมการ,กองบริหารคดี,จองสำเร็จ,2026-03-24 17:09:31
2265,2026-04-30,09:00-16:30,ห้องไต่สวน1,ไต่สวน,,1,2026-04-10 09:27:49,พูนทรัพย์ เตชะเกียรติสุจิตร,กลุ่มงานปราบปรามการทุจริตกระทรวงด้านความมั่นคง 1,กองปราบปรามการทุจริตในภาครัฐ 1,จองสำเร็จ,2026-04-10 09:27:49
2266,2026-04-30,09:00-14:00,ห้องไต่สวน4,เเจ้งข้อกล่าวหา,,4,2026-04-08 10:03:54,ชัยนาท น้อยสอน,กลุ่มงานปราบปรามการทุจริตหน่วยงานในสังกัดสำนักนายกรัฐมนตรี,กองปราบปรามการทุจริตในภาครัฐ 5,จองสำเร็จ,2026-04-08 10:03:54
2267,2026-04-30,09:00-12:00,ห้องประชุม (กปท.4),สอบผู้ร้อง,,1,2026-04-21 14:23:31,สหราช เกษอินทร์,กลุ่มงานปราบปรามการทุจริตในองค์กรปกครองส่วนท้องถิ่น 1,กองปราบปรามการทุจริตในภาครัฐ 4,จองสำเร็จ,2026-04-21 14:23:31
2268,2026-04-30,09:00-16:30,OneConferenceRoom 1,การประชุมคณะอนุกรรมการกลั่นกรองฯ คณะที่ 8,นายอดิศักดิ์ ปัตรวลี,9,2026-03-24 17:09:31,ณัฐฐพิชา นาวินธรรม,กลุ่มงานคำวินิจฉัยและมติคณะกรรมการ,กองบริหารคดี,จองสำเร็จ,2026-03-24 17:09:31
2269,2026-04-30,09:30-16:00,ห้องไต่สวน2,ไต่สวน,ตระกูล,4,2026-04-09 15:59:06,ตระกูล บุญทัน,กลุ่มงานปราบปรามการทุจริตหน่วยงานในสังกัดสำนักนายกรัฐมนตรี,กองปราบปรามการทุจริตในภาครัฐ 5,จองสำเร็จ,2026-04-09 15:59:06
2270,2026-04-30,09:30-16:30,ห้องไต่สวน3,ไต่สวนเบื้องต้น,,3,2026-04-08 11:23:52,พรรณนิภา อารยะทรงศักดิ์,กลุ่มงานปราบปรามการทุจริตหน่วยงานไม่สังกัดกระทรวง ทบวง สำนักนายกรัฐมนตรี,กองปราบปรามการทุจริตในภาครัฐ 5,จองสำเร็จ,2026-04-08 11:23:52
2271,2026-04-30,10:00-14:00,Zoom Meeting Room 2,ประชุมคณะอนุกรรมการไต่สวนฯ สำนวนคดีที่ 1318/2568 ครั้งที่ 1,พ.ต.ท.ภวิษณ์พร วณิชย์นรานนท์,4,2026-04-29 09:24:25,โสฬส เมฆอาภา,กลุ่มงานปราบปรามการทุจริตในภาครัฐ 1,สำนักงานป้องกันและปราบปรามการทุจริตในภาครัฐ เขต 2,จองสำเร็จ,2026-04-29 09:24:25
2272,2026-04-30,13:00-17:00,Zoom Meeting Room 1,ประชุมเตรียมการชี้แจง ITA,,20,2026-04-29 17:59:27,กนกพร บุตรรักษ์,กลุ่มงานส่งเสริมธรรมาภิบาลในภาครัฐ,กองป้องกันการทุจริตในภาครัฐ,จองสำเร็จ,2026-04-29 17:59:27
2273,2026-04-30,13:00-15:00,ห้องประชุม 1 (ห้องใหญ่),คณะกรรมการกลั่นกรองการประเมินผลการปฏิบัติราชการของข้าราชการพลเรือนสามัญ รอบการประเมินที่ 1 ประจำปีงบประมาณ พ.ศ. 2569,พ.ต.ท. สิริพงษ์ ศรีตุลา,9,2026-04-20 14:11:45,อัญธิญาน์ พลเดชเลิศวัชร์,กลุ่มงานบริหารงานบุคคล,สำนักงานเลขาธิการ,จองสำเร็จ,2026-04-20 14:11:45
2274,2026-04-30,13:00-16:30,ห้องประชุม (กปท.4),ประชุมคณะอนุกรรมการฯ,,3,2026-04-27 12:56:45,ณัฏฐ์นนท์ จารุวนาลัย,กลุ่มงานปราบปรามการทุจริตหน่วยงานไม่สังกัดกระทรวง ทบวง สำนักนายกรัฐมนตรี,กองปราบปรามการทุจริตในภาครัฐ 5,จองสำเร็จ,2026-04-27 12:56:45
2275,2026-04-30,13:00-17:00,Zoom Meeting Room 7,ประชุมคณะกรรมการบริหารความเสี่ยงและความมั่นคงปลอดภัยทางดิจิทัล ครั้งที่ 2/2569,พันตำรวจโทสิริพงษ์  ศรีตุลา,20,2026-04-17 10:27:27,มรุต อาภาอดุล,กลุ่มงานคอมพิวเตอร์และการสื่อสาร,ศูนย์เทคโนโลยีสารสนเทศและการสื่อสาร,จองสำเร็จ,2026-04-30 09:07:10
2276,2026-04-30,13:00-16:00,OneConferenceRoom 2,ประชุมคณะอนุกรรมการไต่สวนฯ สำนวนคดีที่ 1318/2568 ครั้งที่ 1,พ.ต.ท.ภวิษณ์พร วณิชย์นรานนท์,4,2026-04-30 10:27:58,โสฬส เมฆอาภา,กลุ่มงานปราบปรามการทุจริตในภาครัฐ 1,สำนักงานป้องกันและปราบปรามการทุจริตในภาครัฐ เขต 2,จองสำเร็จ,2026-04-30 10:27:58
2277,2026-04-30,14:00-16:30,ห้องไต่สวน4,ประชุมไต่สวน,พลโทนพพร โควหกุล,3,2026-04-24 13:46:55,ศิรินทร์ทิพย์ โพธิมาศ,กลุ่มงานปราบปรามการทุจริตหน่วยงานไม่สังกัดกระทรวง ทบวง สำนักนายกรัฐมนตรี,กองปราบปรามการทุจริตในภาครัฐ 5,จองสำเร็จ,2026-04-24 13:46:55
2278,2026-05-01,08:00-16:30,Zoom Meeting Room 1,"กิจกรรมสร้างองค์ความรู้ (km) การบรรยาย  นโยบาย""No gift policy""  การสร้างธรรมจรรยา และกิจกรรมการมีส่วนร่วมของภาคเอกชนและภาคประชาชนในการมีส่วนร่วมเครือข่ายต้นแบบในการป้องกันและเฝ้าระวังการทุจริต” ประจำปี งบประมาณ พ.ศ. ๒๕๖๙",นายธรรมนูญ คงรัตน์,1,2026-04-20 16:45:15,วชิรวิทย์ ทองฤกษ์,กลุ่มงานป้องกันการทุจริตในภาครัฐ,สำนักงานป้องกันและปราบปรามการทุจริตในภาครัฐ เขต 8,จองสำเร็จ,2026-04-20 16:45:15
2279,2026-05-01,08:00-12:30,ห้องไต่สวน1,สอบสวน,,5,2026-04-10 10:37:08,สัณหภณ พงษ์ประเสริฐ,กลุ่มงานปราบปรามการทุจริตกระทรวงด้านความมั่นคง 2,กองปราบปรามการทุจริตในภาครัฐ 1,จองสำเร็จ,2026-04-10 10:37:21
2280,2026-05-01,08:00-17:00,ห้องไต่สวน2,ไต่สวน,สมศักดิ์,1,2026-04-22 11:13:25,สมศักดิ์ ทองประดับ,กลุ่มงานปราบปรามการทุจริตในองค์กรปกครองส่วนท้องถิ่น 2,กองปราบปรามการทุจริตในภาครัฐ 4,จองสำเร็จ,2026-04-22 11:13:25
2281,2026-05-01,08:00-12:00,ห้องไต่สวน3,สอบถ้อยคำผู้ร้องเรียน,,1,2026-04-24 11:50:19,เพชรรพี จรัสเจษฎา,กลุ่มงานปราบปรามการทุจริตหน่วยงานในสังกัดสำนักนายกรัฐมนตรี,กองปราบปรามการทุจริตในภาครัฐ 5,จองสำเร็จ,2026-04-24 11:50:19
2282,2026-05-01,09:00-12:00,Zoom Meeting Room 2,การประชุมเพื่อเร่งรัด กำกับติดตามผลการดำเนินงานด้านคดี ในห้วงระยะเวลา ไตรมาส 3,รองฯ เอกชัย,70,2026-04-27 13:59:02,พิสิษฐ์ แก้วเกตุ,ศูนย์รับเรื่องร้องเรียน,กองบริหารคดี,จองสำเร็จ,2026-04-27 13:59:02
2283,2026-05-01,09:00-12:00,OneConferenceRoom 1,ประชุมคณะอนุกรรมการสนับสนุนเลขาธิการคณะกรรมการ ป.ป.ท.ฯ คณะที่ 2 ครั้งที่ 63-5/2569,พ.ต.ท.ชัยวิณ เสมาทอง,13,2026-04-02 15:23:26,กฤติยาวดี ณ ถลาง,กลุ่มงานกิจการคณะกรรมการ,กองบริหารคดี,จองสำเร็จ,2026-04-02 15:23:26
2284,2026-05-01,09:00-12:00,ห้องประชุมคณะกรรมการ,ประชุมคณะอนุกรรมการสนับสนุนเลขาธิการคณะกรรมการ ป.ป.ท.ฯ คณะที่ 2 ครั้งที่ 63-5/2569,พ.ต.ท.ชัยวิณ เสมาทอง,13,2026-04-02 15:23:26,กฤติยาวดี ณ ถลาง,กลุ่มงานกิจการคณะกรรมการ,กองบริหารคดี,จองสำเร็จ,2026-04-02 15:23:26
2285,2026-05-01,10:00-12:00,ห้องประชุม 1 (ห้องใหญ่),ประชุมคณะกรรมการพัฒนาคุณภาพการบริหารจัดการภาครัฐ 4.0 (PMQA 4.0) และคณะทำงานพัฒนาคุณภาพการบริหารจัดการภาครัฐ 4.0 (PMQA 4.0) ของสำนักงาน ป.ป.ท. ประจำปีงบประมาณ พ.ศ. 2569,พันตำรวจโท สิริพงษ์ ศรีตุลา,32,2026-04-24 17:25:57,ศักดิ์ดา สารจันทร์,กลุ่มพัฒนาระบบบริหาร,กลุ่มพัฒนาระบบบริหาร,จองสำเร็จ,2026-04-24 17:25:57
2286,2026-05-01,10:00-17:00,Zoom Meeting Room 3,ประชุมคณะกรรมการกำกับดูแลข้อมูลและพัฒนาข้อมูลขนาดใหญ่ (Big Data) ของสำนักงาน ป.ป.ท.  ครั้งที่ 1/2569,,100,2026-04-23 13:26:47,ธนภัทร์ ไชยพิตร,ศูนย์เทคโนโลยีสารสนเทศและการสื่อสาร,ศูนย์เทคโนโลยีสารสนเทศและการสื่อสาร,จองสำเร็จ,2026-04-30 08:59:06
2287,2026-05-01,11:00-12:00,Zoom Meeting Room 4,ตรวจรับการเช่าใช้งานระบบสื่อสารทางไกลผ่านจอภาพที่ใช้เทคโนโลยีแบบ Web Conference ปีงบประมาณ พ.ศ. 2569 งวดที่ 7,,3,2026-04-30 12:55:47,ตรียภรณ์ กองอ้น,กลุ่มงานป้องกันการทุจริตในภาครัฐ,สำนักงานป้องกันและปราบปรามการทุจริตในภาครัฐ เขต 5,จองสำเร็จ,2026-04-30 12:55:47
2288,2026-05-01,12:00-16:30,ห้องไต่สวน4,ไต่สวน,พ.ต.อ.ประหยัด เงางาม,1,2026-04-28 10:20:12,สรศักดิ์ ชัยอนันต์วรพล,กลุ่มงานปราบปรามการทุจริตหน่วยงานไม่สังกัดกระทรวง ทบวง สำนักนายกรัฐมนตรี,กองปราบปรามการทุจริตในภาครัฐ 5,จองสำเร็จ,2026-04-28 10:20:12
2289,2026-05-01,13:00-16:30,ห้องประชุม(ห้องเล็ก 31),ประชุมคณะอนุกรรมการไต่สวน,,7,2026-04-29 09:57:11,สาริศ บรรเทิง,กลุ่มงานปราบปรามการทุจริตในรัฐวิสาหกิจ 2,กองปราบปรามการทุจริตในภาครัฐ 3,จองสำเร็จ,2026-04-29 09:58:39
2290,2026-05-05,08:00-16:30,ห้องไต่สวน2,สอบปากคำพยาน,,3,2026-04-21 10:50:07,กรีฑา พิทักษ์วงศ์,กลุ่มงานปราบปรามการทุจริตในองค์กรปกครองส่วนท้องถิ่น 2,กองปราบปรามการทุจริตในภาครัฐ 4,จองสำเร็จ,2026-04-21 10:50:07
2291,2026-05-05,08:00-16:30,ห้องไต่สวน3,สอบปากคำ,,3,2026-05-05 07:47:18,กรีฑา พิทักษ์วงศ์,กลุ่มงานปราบปรามการทุจริตในองค์กรปกครองส่วนท้องถิ่น 2,กองปราบปรามการทุจริตในภาครัฐ 4,จองสำเร็จ,2026-05-05 07:47:18
2292,2026-05-05,08:30-16:30,ห้องประชุม 2 (ห้องเล็ก),ประชุมสื่อประชาสัมพันธ์,ผอ.ก.วิชาการฯ,5,2026-05-01 11:45:04,สุริยะ พรหมแก้ว,ฝ่ายบริหารทั่วไป,กองป้องกันการทุจริตในภาครัฐ,จองสำเร็จ,2026-05-01 11:45:04
2293,2026-05-05,08:30-16:30,ห้องประชุม(ห้องเล็ก 31),หารือพิจารณา ita,,1,2026-04-30 15:34:46,พัทธนันท์ ประสิทธิวงษ์,กลุ่มงานจริยธรรม,ศูนย์ปฏิบัติการต่อต้านการทุจริต,จองสำเร็จ,2026-04-30 15:34:46
2294,2026-05-05,09:00-16:30,Zoom Meeting Room 9,ประชุมสื่อประชาสัมพันธ์,ผอ.ก.วิชาการฯ,5,2026-05-01 11:46:52,สุริยะ พรหมแก้ว,ฝ่ายบริหารทั่วไป,กองป้องกันการทุจริตในภาครัฐ,จองสำเร็จ,2026-05-01 11:46:52
2295,2026-05-05,10:00-12:00,ห้องประชุม (กปท.4),ประชุม กปท.1 (ครั้งที่ 1/2569),นายสุภาพ ศริ,13,2026-04-27 09:02:16,พิกุล โกสินทร์,ฝ่ายบริหารทั่วไปและคดี,กองปราบปรามการทุจริตในภาครัฐ 1,จองสำเร็จ,2026-04-27 09:02:16
2296,2026-05-05,13:00-16:30,ห้องประชุม 1 (ห้องใหญ่),ประชุม อ.ก.พ. สำนักงาน ป.ป.ท.,เลขาธิการคณะกรรมการ ป.ป.ท.,10,2026-04-20 10:05:05,ญาดา คชาชาติ,กลุ่มงานบริหารงานบุคคล,สำนักงานเลขาธิการ,จองสำเร็จ,2026-04-20 10:05:05
2297,2026-05-05,13:00-16:00,Zoom Meeting Room 2,ประชุมภายในสำนักงาน ปปท. เขต 3 ประจำเดือนพฤษภาคม 2569,,30,2026-05-01 17:18:36,แก้วกาญจน์ ป้อมอุ่นเรือน,กลุ่มงานบริหารคดีและบริหารทั่วไป,สำนักงานป้องกันและปราบปรามการทุจริตในภาครัฐ เขต 3,จองสำเร็จ,2026-05-05 09:36:14
2298,2026-05-06,08:00-17:00,ห้องไต่สวน1,ไต่สวน,,4,2026-03-30 16:10:53,เชษฐินันท์ นนทแก้ว,กลุ่มงานปราบปรามการทุจริตกระทรวงด้านความมั่นคง 2,กองปราบปรามการทุจริตในภาครัฐ 1,จองสำเร็จ,2026-03-30 16:10:53
2299,2026-05-06,08:30-16:30,ห้องไต่สวน4,ไต่สวน,,4,2026-04-22 09:08:09,วิชาญ พิเนตรเสถียร,กลุ่มงานปราบปรามการทุจริตหน่วยงานไม่สังกัดกระทรวง ทบวง สำนักนายกรัฐมนตรี,กองปราบปรามการทุจริตในภาครัฐ 5,จองสำเร็จ,2026-04-22 09:08:09
2300,2026-05-06,08:30-13:00,ห้องประชุม(ห้องเล็ก 31),สอบพยาน,,3,2026-04-27 14:05:22,พิพัฒน์ เพียราชโยธา,กลุ่มงานปราบปรามการทุจริตหน่วยงานในสังกัดสำนักนายกรัฐมนตรี,กองปราบปรามการทุจริตในภาครัฐ 5,จองสำเร็จ,2026-04-27 14:05:22
2301,2026-05-06,08:30-12:45,OneConferenceRoom 1,ประชุมคณะกรรมการ ป.ป.ท. ประจำเดือน พฤษภาคม 2569 ครั้งที่ 33/2569,,20,2026-04-29 18:35:34,ลลิตตา พานิชผล,กลุ่มงานบริหารคดีและบริหารทั่วไป,กองบริหารคดี,จองสำเร็จ,2026-04-29 18:35:34
2302,2026-05-06,08:30-12:00,ห้องประชุมคณะกรรมการ,ประชุมคณะกรรมการ ป.ป.ท. ประจำเดือน พฤษภาคม 2569 ครั้งที่ 33/2569,,20,2026-04-29 18:34:48,ลลิตตา พานิชผล,กลุ่มงานบริหารคดีและบริหารทั่วไป,กองบริหารคดี,จองสำเร็จ,2026-04-29 18:34:48
2303,2026-05-06,09:00-16:00,ห้องประชุม 2 (ห้องเล็ก),ประชุมเพื่อเสริมสร้างความเข้าใจในการลงข้อมูลในระบบ GD Catalog ในการประเมิน ITA,รองฯ เอกชัย,10,2026-04-23 09:34:13,ธนบูลย์ ลลิตสุธีจำเริญ,กลุ่มงานส่งเสริมธรรมาภิบาลในภาครัฐ,กองป้องกันการทุจริตในภาครัฐ,จองสำเร็จ,2026-04-23 09:36:27
2304,2026-05-06,09:00-16:30,ห้องไต่สวน2,สอบพยาน 0771/2569,จิราพรรณ ทาบุราญ,3,2026-04-16 11:06:03,จิราพรรณ ทาบุราญ,กลุ่มงานปราบปรามการทุจริตในองค์กรปกครองส่วนท้องถิ่น 2,กองปราบปรามการทุจริตในภาครัฐ 4,จองสำเร็จ,2026-04-16 11:06:03
2305,2026-05-06,09:00-16:30,ห้องไต่สวน3,สอบพยาน,,4,2026-04-22 16:30:57,นวีนา วัฒนประดิษฐ์,กลุ่มงานปราบปรามการทุจริตในองค์กรปกครองส่วนท้องถิ่น 1,กองปราบปรามการทุจริตในภาครัฐ 4,จองสำเร็จ,2026-04-22 16:30:57
2306,2026-05-06,09:00-16:00,ห้องประชุม (กปท.4),สอบพยาน,,3,2026-04-27 10:40:22,อนาวิล เกตพันธ์,กลุ่มงานปราบปรามการทุจริตในองค์กรปกครองส่วนท้องถิ่น 1,กองปราบปรามการทุจริตในภาครัฐ 4,จองสำเร็จ,2026-04-27 10:40:22
2307,2026-05-06,09:30-12:00,ห้องประชุม 1 (ห้องใหญ่),เชิญประชุมคณะทำงานพัฒนาบุคลากรด้วยวิธีการสอนงานและการเป็นพี่เลี้ยง (Coaching & Mentoring) ของสำนักงาน ป.ป.ท.,พ.ต.ท. สิริพงษ์ ศรีตุลา รองเลขาธิการคณะกรรมการ ป.ป.ท.,10,2026-04-28 09:09:24,ณัฏฐ์รินทร์ กรรณสูต,กลุ่มงานพัฒนาบุคลากร,สำนักงานเลขาธิการ,จองสำเร็จ,2026-04-28 09:09:24
2308,2026-05-06,09:30-12:00,Zoom Meeting Room 10,เชิญประชุมคณะทำงานพัฒนาบุคลากรด้วยวิธีการสอนงานและการเป็นพี่เลี้ยง (Coaching & Mentoring) ของสำนักงาน ป.ป.ท.,พ.ต.ท. สิริพงษ์ ศรีตุลา รองเลขาธิการคณะกรรมการ ป.ป.ท.,10,2026-04-28 09:12:11,ณัฏฐ์รินทร์ กรรณสูต,กลุ่มงานพัฒนาบุคลากร,สำนักงานเลขาธิการ,จองสำเร็จ,2026-04-28 09:12:11
2309,2026-05-06,09:45-12:00,Zoom Meeting Room 1,ประชุมกอง กปท.3,นางสาวอรณิช สุขบาล,7,2026-05-01 16:05:26,ลภัสรดา แก้วทองมี,กองปราบปรามการทุจริตในภาครัฐ 3,กองปราบปรามการทุจริตในภาครัฐ 3,จองสำเร็จ,2026-05-01 16:08:31
2310,2026-05-06,09:45-13:00,Zoom Meeting Room 3,การประชุมชี้แจงเพื่อเสริมสร้างความเข้าใจในการลงข้อมูลในระบบ GD catalog,,300,2026-05-06 09:45:03,ธนภัทร์ ไชยพิตร,ศูนย์เทคโนโลยีสารสนเทศและการสื่อสาร,ศูนย์เทคโนโลยีสารสนเทศและการสื่อสาร,จองสำเร็จ,2026-05-06 09:48:55
2311,2026-05-06,10:00-12:00,Zoom Meeting Room 8,ประชุมชี้แจงขั้นตอนการทำแบบประเมินสมรรถนะสนับสนุนการทำงานด้านดิจิทัล,,50,2026-04-30 12:52:50,เลอสันต์ หมู่หมื่นศรี,กลุ่มงานคอมพิวเตอร์และการสื่อสาร,ศูนย์เทคโนโลยีสารสนเทศและการสื่อสาร,จองสำเร็จ,2026-04-30 12:52:50
2312,2026-05-06,10:00-10:30,OneConferenceRoom 3,ประชุมคณะอนุกรรมการไต่สวน เรื่องที่ 0277/2566 (สสอ.ขามสะแกแสง),พลตำรวจตรีสมควร พึ่งทรัพย์,5,2026-05-02 15:05:13,ประวิทย์ ภัทรสัตยากร,กลุ่มงานปราบปรามการทุจริตกระทรวงด้านสังคม,กองปราบปรามการทุจริตในภาครัฐ 2,จองสำเร็จ,2026-05-02 15:05:13
2313,2026-05-06,10:30-11:00,OneConferenceRoom 3,ประชุมคณะอนุกรรมการไต่สวน เรื่องที่ 0277/2566 (สสอ.โนนแดง),พลตำรวจตรีสมควร พึ่งทรัพย์,1,2026-05-02 15:07:13,ประวิทย์ ภัทรสัตยากร,กลุ่มงานปราบปรามการทุจริตกระทรวงด้านสังคม,กองปราบปรามการทุจริตในภาครัฐ 2,จองสำเร็จ,2026-05-02 15:07:13
2314,2026-05-06,11:00-11:30,OneConferenceRoom 3,ประชุมคณะอนุกรรมการไต่สวน เรื่องที่ 0277/2566 (สสอ.จักราช),พลตำรวจตรีสมควร พึ่งทรัพย์,5,2026-05-02 15:08:18,ประวิทย์ ภัทรสัตยากร,กลุ่มงานปราบปรามการทุจริตกระทรวงด้านสังคม,กองปราบปรามการทุจริตในภาครัฐ 2,จองสำเร็จ,2026-05-02 15:08:18
2315,2026-05-06,13:00-16:30,Zoom Meeting Room 1,ขอเชิญประชุมสำนักงาน ปปท.เขต 1,พันตำรวจเอก กษิดิศ เพิ่มพูน (ผอ.กปท.5 รักษาราชการแทน ผอ.ปปท.เขต 1),25,2026-05-01 11:44:17,สุรีพร แก้วพะเนาว์,กลุ่มงานบริหารคดีและบริหารทั่วไป,สำนักงานป้องกันและปราบปรามการทุจริตในภาครัฐ เขต 1,จองสำเร็จ,2026-05-01 11:44:17
2316,2026-05-07,08:00-17:00,ห้องไต่สวน1,ไต่สวน,,4,2026-03-30 16:11:43,เชษฐินันท์ นนทแก้ว,กลุ่มงานปราบปรามการทุจริตกระทรวงด้านความมั่นคง 2,กองปราบปรามการทุจริตในภาครัฐ 1,จองสำเร็จ,2026-03-30 16:11:43
2317,2026-05-07,08:00-16:30,ห้องประชุม (กปท.4),ประชุม กพร.,,5,2026-05-06 10:50:04,วิทยา สีดา,กลุ่มพัฒนาระบบบริหาร,กลุ่มพัฒนาระบบบริหาร,จองสำเร็จ,2026-05-06 10:50:04
2318,2026-05-07,08:30-16:30,ห้องไต่สวน4,สอบพยาน,,1,2026-05-05 09:07:49,นวพร ปั้นจันทร์,กลุ่มงานปราบปรามการทุจริตหน่วยงานในสังกัดสำนักนายกรัฐมนตรี,กองปราบปรามการทุจริตในภาครัฐ 5,จองสำเร็จ,2026-05-05 09:07:49
2319,2026-05-07,08:30-16:00,ห้องประชุม(ห้องเล็ก 31),ประชุมคณะอนุกรรมการไต่สวน ครั้งที่ 1 ตามคำสั่งคณะกรรมการ ป.ป.ท. ที่ 40/2569 ลงวันที่ 7 เมษายน 2569  และคำสั่งคณะกรรมการ ป.ป.ท. ที่ 39/2569 ลงวันที่ 7 เมษายน 2569,พันตำรวจโท ชัยวิณ เสมาทอง,4,2026-04-24 09:54:12,สุจิตรา พันชาตรี,กลุ่มงานปราบปรามการทุจริตในรัฐวิสาหกิจ 1,กองปราบปรามการทุจริตในภาครัฐ 3,จองสำเร็จ,2026-04-24 09:54:12
2320,2026-05-07,08:30-16:00,OneConferenceRoom 1,ประชุมคณะอนุกรรมการไต่สวน ครั้งที่ 1 ตามคำสั่งคณะกรรมการ ป.ป.ท. ที่ 40/2569 ลงวันที่ 7 เมษายน 2569  และคำสั่งคณะกรรมการ ป.ป.ท. ที่ 39/2569 ลงวันที่ 7 เมษายน 2569,พันตำรวจโท ชัยวิณ เสมาทอง,4,2026-04-24 10:02:33,สุจิตรา พันชาตรี,กลุ่มงานปราบปรามการทุจริตในรัฐวิสาหกิจ 1,กองปราบปรามการทุจริตในภาครัฐ 3,จองสำเร็จ,2026-04-24 10:02:33
2321,2026-05-07,09:00-16:00,Zoom Meeting Room 1,การประชุมหารือเกี่ยวกับแนวทางการขับเคลื่อนมาตรการป้องกันการทุจริตกรณีการรับสินบน,เลขาธิการคณะกรรมการ ป.ป.ท.,1,2026-04-27 09:29:52,ศราวุฒิ ทับทิมพลาย,ฝ่ายบริหารทั่วไป,กองยุทธศาสตร์และแผนงาน,จองสำเร็จ,2026-04-27 09:29:52
2322,2026-05-07,09:00-16:30,ห้องประชุม 1 (ห้องใหญ่),การประชุมหารือเกี่ยวกับแนวทางการขับเคลื่อนมาตรการป้องกันการทุจริตกรณีการรับสินบน,เลขาธิการ ป.ป.ท.,20,2026-04-27 09:24:14,ศราวุฒิ ทับทิมพลาย,ฝ่ายบริหารทั่วไป,กองยุทธศาสตร์และแผนงาน,จองสำเร็จ,2026-04-27 09:24:14
2323,2026-05-07,09:30-12:00,Zoom Meeting Room 10,เชิญประชุมคณะทำงานพัฒนาบุคลากรด้วยวิธีการสอนงานและการเป็นพี่เลี้ยง (Coaching & Mentoring) ของสำนักงาน ป.ป.ท.,พ.ต.ท. สิริพงษ์ ศรีตุลา,10,2026-05-06 09:25:01,ณัฏฐ์รินทร์ กรรณสูต,กลุ่มงานพัฒนาบุคลากร,สำนักงานเลขาธิการ,จองสำเร็จ,2026-05-06 09:25:01
2324,2026-05-07,10:00-12:00,ห้องประชุม 2 (ห้องเล็ก),เชิญประชุมคณะทำงานพัฒนาบุคลากรด้วยวิธีการสอนงานและการเป็นพี่เลี้ยง (Coaching & Mentoring) ของสำนักงาน ป.ป.ท.,พ.ต.ท. สิริพงษ์ ศรีตุลา,10,2026-05-06 09:22:29,ณัฏฐ์รินทร์ กรรณสูต,กลุ่มงานพัฒนาบุคลากร,สำนักงานเลขาธิการ,จองสำเร็จ,2026-05-06 09:22:29
2325,2026-05-07,13:00-16:30,Zoom Meeting Room 6,ประชุมสำนักงาน ปปท.เขต 4 ครั้งที่ 2/2569,นายจิรวัฒน์  สุภาพ,40,2026-05-06 09:23:21,เพชรรัตน์ เครือศิริกุล,กลุ่มงานบริหารคดีและบริหารทั่วไป,สำนักงานป้องกันและปราบปรามการทุจริตในภาครัฐ เขต 4,จองสำเร็จ,2026-05-06 09:23:21
2326,2026-05-07,15:00-17:00,OneConferenceRoom 2,ไต่สวนคำสั่งคณะกรรมการ ป.ป.ท. ที่ 169/2568,นายระวี แววศรี,6,2026-05-06 09:17:37,ชยพล เงยวิจิตร,กลุ่มงานปราบปรามการทุจริตในภาครัฐ 1,สำนักงานป้องกันและปราบปรามการทุจริตในภาครัฐ เขต 3,จองสำเร็จ,2026-05-06 09:17:37
2327,2026-05-08,08:00-17:00,ห้องไต่สวน2,สอบปากคำ,,3,2026-05-01 15:36:57,กรีฑา พิทักษ์วงศ์,กลุ่มงานปราบปรามการทุจริตในองค์กรปกครองส่วนท้องถิ่น 2,กองปราบปรามการทุจริตในภาครัฐ 4,จองสำเร็จ,2026-05-01 15:36:57
2328,2026-05-08,08:00-16:30,ห้องประชุม (กปท.4),ประชุม กพร.,,5,2026-05-06 10:50:04,วิทยา สีดา,กลุ่มพัฒนาระบบบริหาร,กลุ่มพัฒนาระบบบริหาร,จองสำเร็จ,2026-05-06 10:50:04
2329,2026-05-08,08:30-12:00,ห้องประชุม 1 (ห้องใหญ่),ประชุม คกก ตรวจรับ  E-cmis,,30,2026-04-28 15:03:12,ลลิตตา พานิชผล,กลุ่มงานบริหารคดีและบริหารทั่วไป,กองบริหารคดี,จองสำเร็จ,2026-04-28 15:03:12
2330,2026-05-08,08:30-12:00,Zoom Meeting Room 8,ประชุม กพร.,,7,2026-05-06 16:20:40,วิทยา สีดา,กลุ่มพัฒนาระบบบริหาร,กลุ่มพัฒนาระบบบริหาร,จองสำเร็จ,2026-05-06 16:20:40
2331,2026-05-08,08:30-12:45,OneConferenceRoom 1,ประชุมคณะกรรมการ ป.ป.ท. ประจำเดือน พฤษภาคม 2569 ครั้งที่ 34/2569,,20,2026-04-29 18:37:41,ลลิตตา พานิชผล,กลุ่มงานบริหารคดีและบริหารทั่วไป,กองบริหารคดี,จองสำเร็จ,2026-04-29 18:37:41
2332,2026-05-08,08:30-12:45,ห้องประชุมคณะกรรมการ,ประชุมคณะกรรมการ ป.ป.ท. ประจำเดือน พฤษภาคม 2569 ครั้งที่ 34/2569,,20,2026-04-29 18:37:00,ลลิตตา พานิชผล,กลุ่มงานบริหารคดีและบริหารทั่วไป,กองบริหารคดี,จองสำเร็จ,2026-04-29 18:37:00
2333,2026-05-08,09:00-13:45,ห้องไต่สวน4,สอบผู้ร้อง,,3,2026-04-28 15:08:16,ชัยนาท น้อยสอน,กลุ่มงานปราบปรามการทุจริตหน่วยงานในสังกัดสำนักนายกรัฐมนตรี,กองปราบปรามการทุจริตในภาครัฐ 5,จองสำเร็จ,2026-04-28 15:08:16
2334,2026-05-08,09:00-10:00,OneConferenceRoom 2,ประชุมคดีไต่สวนข้อเท็จจริง คำสั่งที่ ฯ 62/2568 ลว 18 ก.พ.2568,นายสุริยา ปัญญจิตร,4,2026-05-05 09:42:40,สุกัญญา จิตรากุล,กลุ่มงานปราบปรามการทุจริตในภาครัฐ 3,สำนักงานป้องกันและปราบปรามการทุจริตในภาครัฐ เขต 4,จองสำเร็จ,2026-05-05 09:42:40
2335,2026-05-08,09:30-12:00,Zoom Meeting Room 6,ประชุมการทำแบบประเมินสมรรถนะสนับสนุนการทำงานด้านดิจิทัลสำหรับข้าราชการและบุคลากรภาครัฐ ปปท.เขต 4,,40,2026-05-07 15:50:48,เพชรรัตน์ เครือศิริกุล,กลุ่มงานบริหารคดีและบริหารทั่วไป,สำนักงานป้องกันและปราบปรามการทุจริตในภาครัฐ เขต 4,จองสำเร็จ,2026-05-07 15:50:48
2336,2026-05-08,09:45-12:00,Zoom Meeting Room 1,ประชุมกลุ่มงานป้องกัน ฯ,,5,2026-05-07 15:36:40,แก้วกาญจน์ ป้อมอุ่นเรือน,กลุ่มงานบริหารคดีและบริหารทั่วไป,สำนักงานป้องกันและปราบปรามการทุจริตในภาครัฐ เขต 3,จองสำเร็จ,2026-05-07 15:36:40
2337,2026-05-11,08:15-16:30,ห้องประชุม 2 (ห้องเล็ก),ประชุม อ.ก.พ. สำนักงาน ป.ป.ท.,,8,2026-05-06 09:31:15,ตติยา แก้วละเอียด,กลุ่มงานบริหารงานบุคคล,สำนักงานเลขาธิการ,จองสำเร็จ,2026-05-06 09:31:15
2338,2026-05-11,08:30-12:45,OneConferenceRoom 1,ประชุมคณะกรรมการ ป.ป.ท. ประจำเดือน พฤษภาคม 2569 ครั้งที่ 35/2569,,20,2026-04-29 18:39:08,ลลิตตา พานิชผล,กลุ่มงานบริหารคดีและบริหารทั่วไป,กองบริหารคดี,จองสำเร็จ,2026-04-29 18:39:08
2339,2026-05-11,08:30-12:45,ห้องประชุมคณะกรรมการ,ประชุมคณะกรรมการ ป.ป.ท. ประจำเดือน พฤษภาคม 2569 ครั้งที่ 35/2569,,20,2026-04-29 18:38:35,ลลิตตา พานิชผล,กลุ่มงานบริหารคดีและบริหารทั่วไป,กองบริหารคดี,จองสำเร็จ,2026-04-29 18:38:35
2340,2026-05-11,09:00-15:00,Zoom Meeting Room 1,ประชุม อ.ก.พ.สำนักงาน ป.ป.ท. ครั้งที่ 4/2569,เลขาธิการคณะกรรมการ ป.ป.ท.,15,2026-05-08 08:53:44,กฤตพงศ์ เชยชม,กลุ่มงานบริหารคดีและบริหารทั่วไป,สำนักงานป้องกันและปราบปรามการทุจริตในภาครัฐ เขต 7,จองสำเร็จ,2026-05-08 08:53:44
2341,2026-05-11,09:00-16:30,ห้องประชุม (กปท.4),หารือการทำงาน,,4,2026-05-10 15:06:41,มาลี ขุมทอง,-,กองกำกับและขับเคลื่อนการดำเนินงานนโยบายภาครัฐ,จองสำเร็จ,2026-05-10 15:06:41
2342,2026-05-11,10:30-12:00,OneConferenceRoom 2,ขอจองห้องประชุม คณะอนุกรรมการไต่สวนข้อเท็จจริง,นายไพฑูรย์  ปินะถา,4,2026-05-08 16:02:42,ณสิริ แสนลานนท์,กลุ่มงานปราบปรามการทุจริตในภาครัฐ 3,สำนักงานป้องกันและปราบปรามการทุจริตในภาครัฐ เขต 4,จองสำเร็จ,2026-05-08 16:02:42
2343,2026-05-11,12:00-16:30,ห้องไต่สวน4,สอบผู้ร้องเรียน,,3,2026-05-11 08:27:10,พิพัฒน์ เพียราชโยธา,กลุ่มงานปราบปรามการทุจริตหน่วยงานในสังกัดสำนักนายกรัฐมนตรี,กองปราบปรามการทุจริตในภาครัฐ 5,จองสำเร็จ,2026-05-11 08:27:10
2344,2026-05-12,08:00-16:30,ห้องไต่สวน1,ไต่สวน,,3,2026-04-20 09:13:28,อภิรักษ์ คงคาเพชร,กลุ่มงานปราบปรามการทุจริตในองค์กรปกครองส่วนท้องถิ่น 2,กองปราบปรามการทุจริตในภาครัฐ 4,จองสำเร็จ,2026-04-20 09:13:28
2345,2026-05-12,08:00-17:00,ห้องไต่สวน3,ประชุมคณะอนุกรรมการไต่สวน,,1,2026-04-20 16:29:11,ชรินดา มีแป้น,กลุ่มงานปราบปรามการทุจริตหน่วยงานในสังกัดสำนักนายกรัฐมนตรี,กองปราบปรามการทุจริตในภาครัฐ 5,จองสำเร็จ,2026-04-20 16:29:11
2346,2026-05-12,08:00-17:00,ห้องไต่สวน4,สอบปากคำผู้กล่าวหา พยาน,ตระกูล บุญทัน,1,2026-04-24 11:05:06,ตระกูล บุญทัน,กลุ่มงานปราบปรามการทุจริตหน่วยงานในสังกัดสำนักนายกรัฐมนตรี,กองปราบปรามการทุจริตในภาครัฐ 5,จองสำเร็จ,2026-04-24 11:05:06
2347,2026-05-12,08:00-17:00,ห้องประชุม(ห้องเล็ก 31),สอบพยาน,,4,2026-04-24 15:14:46,ศรัทธา ศรมณี,กลุ่มงานปราบปรามการทุจริตหน่วยงานไม่สังกัดกระทรวง ทบวง สำนักนายกรัฐมนตรี,กองปราบปรามการทุจริตในภาครัฐ 5,จองสำเร็จ,2026-04-24 15:14:46
2348,2026-05-12,09:00-13:00,Zoom Meeting Room 1,ประชุมคณะทำงานพิจารณาการสมัครและคัดเลือกเครือข่ายต้นแบบในการป้องกันและเฝ้าระวังการทุจริต ปปท. เขต 5 ครั้งที่ 1/2569,นายสัญชาติ  อุปนันชัย  ผู้อำนวยการสำนักงาน ปปท. เขต 5,11,2026-04-27 14:18:33,พิชยา พรหมมา,กลุ่มงานป้องกันการทุจริตในภาครัฐ,สำนักงานป้องกันและปราบปรามการทุจริตในภาครัฐ เขต 5,จองสำเร็จ,2026-04-27 14:19:19
2349,2026-05-12,09:00-16:00,ห้องไต่สวน2,สอบถ้อยคำ,,4,2026-04-24 11:28:15,ออมทอง นันตา,กลุ่มงานปราบปรามการทุจริตหน่วยงานในสังกัดสำนักนายกรัฐมนตรี,กองปราบปรามการทุจริตในภาครัฐ 5,จองสำเร็จ,2026-04-24 11:28:15
2350,2026-05-12,09:00-12:00,ห้องประชุม (กปท.4),หารือการเข้าระบบ,,4,2026-05-11 12:19:19,มาลี ขุมทอง,-,กองกำกับและขับเคลื่อนการดำเนินงานนโยบายภาครัฐ,จองสำเร็จ,2026-05-11 12:19:19
2351,2026-05-12,09:30-14:30,OneConferenceRoom 1,ประชุมคณะกรรมการ ป.ป.ท. ประจำเดือน พฤษภาคม 2569 ครั้งที่ 36/2569,,20,2026-04-29 18:40:41,ลลิตตา พานิชผล,กลุ่มงานบริหารคดีและบริหารทั่วไป,กองบริหารคดี,จองสำเร็จ,2026-04-29 18:48:02
2352,2026-05-12,09:30-15:30,ห้องประชุมคณะกรรมการ,ประชุมคณะกรรมการ ป.ป.ท. ประจำเดือน พฤษภาคม 2569 ครั้งที่ 36/2569,,20,2026-04-29 18:39:54,ลลิตตา พานิชผล,กลุ่มงานบริหารคดีและบริหารทั่วไป,กองบริหารคดี,จองสำเร็จ,2026-04-29 18:47:29
2353,2026-05-12,12:45-16:30,Zoom Meeting Room 4,หารือแนวทางการประเมินความเสี่ยงการทุจริตในหน่วยงานภาครัฐ,,10,2026-05-12 09:13:52,ริญญรัตน์ ฐิติสมานรัตน์,กลุ่มงานปราบปรามการทุจริตกระทรวงด้านสังคม,กองปราบปรามการทุจริตในภาครัฐ 2,จองสำเร็จ,2026-05-12 09:13:52
2354,2026-05-12,13:00-16:30,ห้องประชุม (กปท.4),สอบพยาน,,4,2026-04-29 09:03:34,มานพ ธงชัย,กลุ่มงานปราบปรามการทุจริตในองค์กรปกครองส่วนท้องถิ่น 2,กองปราบปรามการทุจริตในภาครัฐ 4,จองสำเร็จ,2026-04-29 09:03:34
2355,2026-05-12,15:00-16:15,OneConferenceRoom 3,ประชุมคณะอนุกรรมการไต่สวนข้อเท็จจริง เรื่องที่ 0121/2565,พันตำรวจเอกอิทธิพล กิจสุวรรณ  ประธานอนุกรรมการไต่สวนข้อเท็จจริง,5,2026-05-11 13:39:15,ประวิทย์ ภัทรสัตยากร,กลุ่มงานปราบปรามการทุจริตกระทรวงด้านสังคม,กองปราบปรามการทุจริตในภาครัฐ 2,จองสำเร็จ,2026-05-11 13:39:15
2356,2026-05-13,08:00-17:00,ห้องไต่สวน1,สอบถ้อยคำพยาน 1556/2568,,1,2026-05-05 13:59:07,วสวัตติ์ ปัญญาจิรภาส,กลุ่มงานปราบปรามการทุจริตกระทรวงด้านความมั่นคง 1,กองปราบปรามการทุจริตในภาครัฐ 1,จองสำเร็จ,2026-05-05 13:59:07
2357,2026-05-13,08:00-17:00,ห้องไต่สวน2,แจ้งข้อกล่าวหาและสิทธิคัดค้าน,,4,2026-04-22 10:31:16,ปิยพนธ์ เปรมโยธิน,กลุ่มงานอำนวยการด้านคุ้มครองพยาน,กองอำนวยการต่อต้านการทุจริต,จองสำเร็จ,2026-04-22 10:31:16
2358,2026-05-13,08:00-16:30,ห้องประชุม (กปท.4),ประชุม กพร.,,5,2026-05-06 10:56:36,วิทยา สีดา,กลุ่มพัฒนาระบบบริหาร,กลุ่มพัฒนาระบบบริหาร,จองสำเร็จ,2026-05-06 10:56:36
2359,2026-05-14,08:00-17:00,ห้องประชุม 2 (ห้องเล็ก),หารือการจัดทำ Joint KPI,รองเลขาธิการคณะกรรมการ ป.ป.ท. 2,10,2026-05-08 14:18:58,นิลมณี จิรอร่าม,กลุ่มพัฒนาระบบบริหาร,กลุ่มพัฒนาระบบบริหาร,จองสำเร็จ,2026-05-08 14:18:58
2360,2026-05-14,08:00-14:00,ห้องไต่สวน1,สอบถ้อยคำพยาน,,1,2026-04-30 16:10:19,เพชรรพี จรัสเจษฎา,กลุ่มงานปราบปรามการทุจริตหน่วยงานในสังกัดสำนักนายกรัฐมนตรี,กองปราบปรามการทุจริตในภาครัฐ 5,จองสำเร็จ,2026-04-30 16:10:19
2361,2026-05-14,08:00-17:00,ห้องไต่สวน4,ไต่สวน สอบปากคำพยาน,,1,2026-03-27 11:33:31,รัตติกาล ณ ราช,กลุ่มงานปราบปรามการทุจริตหน่วยงานในสังกัดสำนักนายกรัฐมนตรี,กองปราบปรามการทุจริตในภาครัฐ 5,จองสำเร็จ,2026-03-27 11:33:31
2362,2026-05-14,08:00-17:00,ห้องประชุม 1 (ห้องใหญ่),"หลักสูตร ""วิชาชีพเจ้าหน้าที่ ป.ป.ท."" รุ่นที่ 11",เลขาธิการคณะกรรมการ ป.ป.ท.,20,2026-04-23 11:48:39,ณัฏฐ์รินทร์ กรรณสูต,กลุ่มงานพัฒนาบุคลากร,สำนักงานเลขาธิการ,จองสำเร็จ,2026-04-23 11:48:39
2363,2026-05-14,08:00-17:00,ห้องประชุม(ห้องเล็ก 31),ประชุมคณะอนุกรรมการฯ,,10,2026-04-23 14:16:38,ณัฏฐ์นนท์ จารุวนาลัย,กลุ่มงานปราบปรามการทุจริตหน่วยงานไม่สังกัดกระทรวง ทบวง สำนักนายกรัฐมนตรี,กองปราบปรามการทุจริตในภาครัฐ 5,จองสำเร็จ,2026-04-23 14:16:38
2364,2026-05-14,08:00-13:00,ห้องประชุม (กปท.4),สอบถ้อยคำพยาน 1556/2568,,1,2026-05-05 14:21:50,วสวัตติ์ ปัญญาจิรภาส,กลุ่มงานปราบปรามการทุจริตกระทรวงด้านความมั่นคง 1,กองปราบปรามการทุจริตในภาครัฐ 1,จองสำเร็จ,2026-05-05 14:21:50
2365,2026-05-14,08:30-16:30,ห้องไต่สวน3,ไต่สวนเบื้องต้น,,3,2026-04-28 10:19:13,มะลิไล แก้วมาดีงาม,กลุ่มงานปราบปรามการทุจริตหน่วยงานไม่สังกัดกระทรวง ทบวง สำนักนายกรัฐมนตรี,กองปราบปรามการทุจริตในภาครัฐ 5,จองสำเร็จ,2026-04-28 10:19:13
2366,2026-05-14,09:00-16:00,ห้องไต่สวน2,สอบผู้กล่าวหา,,1,2026-04-20 15:50:35,อนาวิล เกตพันธ์,กลุ่มงานปราบปรามการทุจริตในองค์กรปกครองส่วนท้องถิ่น 1,กองปราบปรามการทุจริตในภาครัฐ 4,จองสำเร็จ,2026-04-20 15:50:35
2367,2026-05-14,09:30-16:30,OneConferenceRoom 1,ประชุมคณะอนุกรรมการกลั่นกรองฯ คณะที่ 2 ครั้งที่ 2-2/2569,นายพิทักษ์ คงจันทร์,9,2026-05-01 11:25:25,ฤาฤทธิ์ เริงสมุทร์,กลุ่มงานคำวินิจฉัยและมติคณะกรรมการ,กองบริหารคดี,จองสำเร็จ,2026-05-01 11:25:25
2368,2026-05-14,09:30-16:30,ห้องประชุมคณะกรรมการ,ประชุมคณะอนุกรรมการกลั่นกรองฯ คณะที่ 2 ครั้งที่ 2-2/2569,นายพิทักษ์ คงจันทร์,9,2026-05-01 11:25:25,ฤาฤทธิ์ เริงสมุทร์,กลุ่มงานคำวินิจฉัยและมติคณะกรรมการ,กองบริหารคดี,จองสำเร็จ,2026-05-01 11:25:25
2369,2026-05-14,10:00-14:00,Zoom Meeting Room 2,ประชุมหารือ เชื่อมโยงข้อมูลประกันสังคม,-,8,2026-05-06 15:08:50,มรุต อาภาอดุล,กลุ่มงานคอมพิวเตอร์และการสื่อสาร,ศูนย์เทคโนโลยีสารสนเทศและการสื่อสาร,จองสำเร็จ,2026-05-06 15:08:50
2370,2026-05-15,08:00-17:00,ห้องไต่สวน1,สอบพยาน,,4,2026-04-24 15:16:58,ศรัทธา ศรมณี,กลุ่มงานปราบปรามการทุจริตหน่วยงานไม่สังกัดกระทรวง ทบวง สำนักนายกรัฐมนตรี,กองปราบปรามการทุจริตในภาครัฐ 5,จองสำเร็จ,2026-04-24 15:16:58
2371,2026-05-15,08:00-16:30,ห้องไต่สวน2,สอบพยาน,นายวิฐฎากรณ์  คงหนู,4,2026-05-05 09:46:21,ณปภัช สุขเกษม,กลุ่มงานปราบปรามการทุจริตในภาครัฐ 1,สำนักงานป้องกันและปราบปรามการทุจริตในภาครัฐ เขต 9,จองสำเร็จ,2026-05-05 09:46:21
2372,2026-05-15,08:00-17:00,ห้องไต่สวน3,ประชุมคณะอนุกรรมการไต่สวน,,1,2026-04-30 10:51:21,ชรินดา มีแป้น,กลุ่มงานปราบปรามการทุจริตหน่วยงานในสังกัดสำนักนายกรัฐมนตรี,กองปราบปรามการทุจริตในภาครัฐ 5,จองสำเร็จ,2026-04-30 10:51:21
2373,2026-05-15,08:00-17:00,ห้องไต่สวน4,ประชุมคณะอนุไต่สวน,,4,2026-04-10 17:01:13,รัตติกาล ณ ราช,กลุ่มงานปราบปรามการทุจริตหน่วยงานในสังกัดสำนักนายกรัฐมนตรี,กองปราบปรามการทุจริตในภาครัฐ 5,จองสำเร็จ,2026-04-10 17:01:13
2374,2026-05-15,08:00-16:30,ห้องประชุม (กปท.4),ประชุม กพร.,,5,2026-05-06 10:58:01,วิทยา สีดา,กลุ่มพัฒนาระบบบริหาร,กลุ่มพัฒนาระบบบริหาร,จองสำเร็จ,2026-05-06 10:58:01
2375,2026-05-15,09:00-12:00,Zoom Meeting Room 1,กิจกรรมแลกเปลี่ยนเรียนรู้ “การใช้งาน NotebookLM เบื้องต้น” เพื่อเพิ่มประสิทธิภาพการปฏิบัติงาน,,100,2026-05-06 11:07:27,ปิยนุช จันทน์สุคนธ์,กลุ่มงานวิชาการและพัฒนานวัตกรรมด้านการป้องกัน,กองป้องกันการทุจริตในภาครัฐ,จองสำเร็จ,2026-05-06 13:56:35
2376,2026-05-15,09:00-15:00,ห้องประชุม 2 (ห้องเล็ก),ประชุมคณะอนุกรรมการกลั่นกรองฯ คณะที่ 1,พลโท นพพร โควหกุล ประธานอนุกรรมการฯ,7,2026-04-20 16:01:51,ปิยะนุช ชูเมือง,กลุ่มงานคำวินิจฉัยและมติคณะกรรมการ,กองบริหารคดี,จองสำเร็จ,2026-04-20 16:01:51
2377,2026-05-15,09:00-16:30,ห้องประชุม 1 (ห้องใหญ่),การประชุมคณะอนุกรรมการกลั่นกรองฯ คณะที่ 4,พลโท กิตติยุทธ  กิตติยุทธโยธิน,9,2026-04-21 10:23:33,ณัฐฐพิชา นาวินธรรม,กลุ่มงานคำวินิจฉัยและมติคณะกรรมการ,กองบริหารคดี,จองสำเร็จ,2026-04-21 10:23:33
2378,2026-05-15,09:00-12:00,ห้องประชุม(ห้องเล็ก 31),กิจกรรมแลกเปลี่ยนเรียนรู้ “การใช้งาน NotebookLM เบื้องต้น” เพื่อเพิ่มประสิทธิภาพการปฏิบัติงาน,,5,2026-05-06 11:07:27,ปิยนุช จันทน์สุคนธ์,กลุ่มงานวิชาการและพัฒนานวัตกรรมด้านการป้องกัน,กองป้องกันการทุจริตในภาครัฐ,จองสำเร็จ,2026-05-06 11:08:10
2379,2026-05-15,09:00-15:00,OneConferenceRoom 1,ประชุมคณะอนุกรรมการกลั่นกรองฯ คณะที่ 1,พลโท นพพร โควหกุล ประธานอนุกรรรมการ,9,2026-04-20 16:03:06,ปิยะนุช ชูเมือง,กลุ่มงานคำวินิจฉัยและมติคณะกรรมการ,กองบริหารคดี,จองสำเร็จ,2026-04-20 16:03:06
2380,2026-05-15,09:00-16:30,OneConferenceRoom 2,การประชุมคณะอนุกรรมการกลั่นกรองฯ คณะที่ 4,พลโท กิตติยุทธ  กิตติยุทธโยธิน,9,2026-04-21 10:23:33,ณัฐฐพิชา นาวินธรรม,กลุ่มงานคำวินิจฉัยและมติคณะกรรมการ,กองบริหารคดี,จองสำเร็จ,2026-04-21 10:23:33
2381,2026-05-15,12:45-16:30,ห้องประชุม(ห้องเล็ก 31),ประชุมหารือระบบร่วมกับ DGA,,10,2026-05-12 10:05:44,ริญญรัตน์ ฐิติสมานรัตน์,กลุ่มงานปราบปรามการทุจริตกระทรวงด้านสังคม,กองปราบปรามการทุจริตในภาครัฐ 2,จองสำเร็จ,2026-05-12 10:05:44
2382,2026-05-18,08:00-17:00,ห้องไต่สวน1,สอบพยาน,,1,2026-04-24 15:17:57,ศรัทธา ศรมณี,กลุ่มงานปราบปรามการทุจริตหน่วยงานไม่สังกัดกระทรวง ทบวง สำนักนายกรัฐมนตรี,กองปราบปรามการทุจริตในภาครัฐ 5,จองสำเร็จ,2026-04-24 15:17:57
2383,2026-05-18,08:00-17:00,ห้องไต่สวน2,สอบถ้อยคำพยาน 1556/2568,,1,2026-05-05 13:56:20,วสวัตติ์ ปัญญาจิรภาส,กลุ่มงานปราบปรามการทุจริตกระทรวงด้านความมั่นคง 1,กองปราบปรามการทุจริตในภาครัฐ 1,จองสำเร็จ,2026-05-05 13:56:20
2384,2026-05-18,08:00-16:30,ห้องไต่สวน4,ประชุมคดีไต่สวน,นายวิฐฎากรณ์  คงหนู,4,2026-05-05 09:48:12,ณปภัช สุขเกษม,กลุ่มงานปราบปรามการทุจริตในภาครัฐ 1,สำนักงานป้องกันและปราบปรามการทุจริตในภาครัฐ เขต 9,จองสำเร็จ,2026-05-05 09:48:12
2385,2026-05-18,09:00-16:00,ห้องประชุม 2 (ห้องเล็ก),ประชุมคณะอนุกรรมการกลั่นกรองฯ คณะที่ 7,นายพิพัฒน์ วงศาโรจน์,9,2026-04-20 16:05:21,ศิริวิมล พิมพ์โคตร,กลุ่มงานกิจการคณะกรรมการ,กองบริหารคดี,จองสำเร็จ,2026-04-20 16:11:19
2386,2026-05-18,09:00-12:00,ห้องไต่สวน3,สอบพยาน,,1,2026-05-11 14:38:58,ดวงใจ เชยชม,กลุ่มงานปราบปรามการทุจริตในองค์กรปกครองส่วนท้องถิ่น 1,กองปราบปรามการทุจริตในภาครัฐ 4,จองสำเร็จ,2026-05-11 14:38:58
2387,2026-05-18,09:00-17:00,ห้องประชุม (กปท.4),ประชุมคณะกรรมการดำเนินงานจ้างที่ปรึกษาโดยวิธีคัดเลือก (ครั้งที่ ๒),นางสาวพัชรียา  ต่อประดิษฐ์,5,2026-04-22 10:23:12,สรพงษ์ กุ้ยบำรุง,กลุ่มความร่วมมือและพัฒนานวัตกรรมความโปร่งใสในภาครัฐ,กองการต่างประเทศ,จองสำเร็จ,2026-04-22 10:23:12
2388,2026-05-18,09:00-11:30,OneConferenceRoom 3,ประชุมคณะอนุกรรมการไต่สวน เรื่องที่ 1596/2568 (ตามคำสั่ง คณะกรรมการ ป.ป.ท. ลับ ที่ 34/2569 ล.ว. 2 มี.ค. 69),นายสุภาพ  ศิริ,5,2026-05-08 09:14:57,วริษา รุ่มจิตร,กลุ่มงานปราบปรามการทุจริตในภาครัฐ 1,สำนักงานป้องกันและปราบปรามการทุจริตในภาครัฐ เขต 8,จองสำเร็จ,2026-05-08 09:21:02
2389,2026-05-18,09:30-11:45,ห้องประชุม 1 (ห้องใหญ่),ประชุมคณะอนุกรรมการสนับสนุนเลขาธิการคณะกรรมการ ป.ป.ท.ฯ คณะที่ 2 ครั้งที่ 64-6/2569,พันตำรวจโท ชัยวิณ เสมาทอง,13,2026-05-01 13:36:32,กฤติยาวดี ณ ถลาง,กลุ่มงานกิจการคณะกรรมการ,กองบริหารคดี,จองสำเร็จ,2026-05-01 13:36:32
2390,2026-05-18,09:30-11:45,OneConferenceRoom 1,ประชุมคณะอนุกรรมการสนับสนุนเลขาธิการคณะกรรมการ ป.ป.ท.ฯ คณะที่ 2 ครั้งที่ 64-6/2569,พันตำรวจโท ชัยวิณ เสมาทอง,13,2026-05-01 13:36:32,กฤติยาวดี ณ ถลาง,กลุ่มงานกิจการคณะกรรมการ,กองบริหารคดี,จองสำเร็จ,2026-05-01 13:36:32
2391,2026-05-18,09:30-16:30,ห้องประชุมคณะกรรมการ,ประชุมคณะอนุกรรมการกลั่นกรองฯ คณะที่ 5 ครั้งที่ 3-3/2569,นายประพาน อนมาน,9,2026-04-20 12:08:34,พิศาล เฝื่อชาติ,กลุ่มงานคำวินิจฉัยและมติคณะกรรมการ,กองบริหารคดี,จองสำเร็จ,2026-04-20 12:08:34
2392,2026-05-18,12:00-16:30,Zoom Meeting Room 1,คณะอนุกรรมการพิจารณาและให้คำปรึกษาด้านกฎหมาย,นายสมชาย จุลนิติ์,18,2026-05-01 10:42:23,จิรวดี จินดาพล,กลุ่มงานกฎหมาย,กองกฎหมาย,จองสำเร็จ,2026-05-01 10:42:23
2393,2026-05-18,12:00-16:30,ห้องประชุม 1 (ห้องใหญ่),คณะอนุกรรมการพิจารณาและให้คำปรึกษาด้านกฎหมาย,นายสมชาย จุลนิติ์,1,2026-05-01 10:36:55,จิรวดี จินดาพล,กลุ่มงานกฎหมาย,กองกฎหมาย,จองสำเร็จ,2026-05-01 10:36:55
2394,2026-05-18,12:00-16:30,ห้องประชุม(ห้องเล็ก 31),ประชุมร่วมระหว่าง สำนักงาน ป.ป.ท. สพร. และ สถ. ในประเด็นการเปิดเผยข้อมูล,,6,2026-05-11 15:52:37,แพรววนิต เวียงมูล,กลุ่มความร่วมมือและพัฒนานวัตกรรมความโปร่งใสในภาครัฐ,กองการต่างประเทศ,จองสำเร็จ,2026-05-11 15:52:37
2395,2026-05-18,12:00-16:00,Zoom Meeting Room 3,การประชุมร่วมระหว่าง สำนักงาน ป.ป.ท. สพร. และ สถ.,,20,2026-05-01 11:45:20,แพรววนิต เวียงมูล,กลุ่มความร่วมมือและพัฒนานวัตกรรมความโปร่งใสในภาครัฐ,กองการต่างประเทศ,จองสำเร็จ,2026-05-01 11:45:20
2396,2026-05-18,12:45-16:30,Zoom Meeting Room 8,หารือแนวการประเมินความเสี่ยงการทุจริต ในหน่วยงานภาครัฐ,,20,2026-05-11 09:32:05,ริญญรัตน์ ฐิติสมานรัตน์,กลุ่มงานปราบปรามการทุจริตกระทรวงด้านสังคม,กองปราบปรามการทุจริตในภาครัฐ 2,จองสำเร็จ,2026-05-11 09:32:05
2397,2026-05-18,13:00-16:30,OneConferenceRoom 2,ประชุมคดีไต่สวน,วิฐฏากรณ์  คงหนู,4,2026-05-05 09:51:46,ณปภัช สุขเกษม,กลุ่มงานปราบปรามการทุจริตในภาครัฐ 1,สำนักงานป้องกันและปราบปรามการทุจริตในภาครัฐ เขต 9,จองสำเร็จ,2026-05-05 09:52:04
2398,2026-05-19,08:00-17:00,ห้องไต่สวน1,สอบปากคำ,,3,2026-05-07 11:38:45,กรีฑา พิทักษ์วงศ์,กลุ่มงานปราบปรามการทุจริตในองค์กรปกครองส่วนท้องถิ่น 2,กองปราบปรามการทุจริตในภาครัฐ 4,จองสำเร็จ,2026-05-07 11:38:45
2399,2026-05-19,08:00-17:00,ห้องไต่สวน2,สอบถ้อยคำพยาน 1556/2568,,1,2026-05-05 13:57:12,วสวัตติ์ ปัญญาจิรภาส,กลุ่มงานปราบปรามการทุจริตกระทรวงด้านความมั่นคง 1,กองปราบปรามการทุจริตในภาครัฐ 1,จองสำเร็จ,2026-05-05 13:57:12
2400,2026-05-19,08:00-17:00,ห้องไต่สวน3,ไต่สวน แจ้งข้อกล่าวหา,,4,2026-05-06 16:54:49,จักรกฤษณ์ ประจันพล,กลุ่มงานอำนวยการด้านคุ้มครองพยาน,กองอำนวยการต่อต้านการทุจริต,จองสำเร็จ,2026-05-06 16:54:49
2401,2026-05-19,08:00-17:00,ห้องประชุม(ห้องเล็ก 31),สอบถ้อยคำผู้ร้องเรียน,,1,2026-05-14 13:58:13,ชรินดา มีแป้น,กลุ่มงานปราบปรามการทุจริตหน่วยงานในสังกัดสำนักนายกรัฐมนตรี,กองปราบปรามการทุจริตในภาครัฐ 5,จองสำเร็จ,2026-05-14 13:58:13
2402,2026-05-19,08:00-17:00,ห้องประชุม (กปท.4),ประชุม กพร.,,5,2026-05-06 11:00:18,วิทยา สีดา,กลุ่มพัฒนาระบบบริหาร,กลุ่มพัฒนาระบบบริหาร,จองสำเร็จ,2026-05-06 11:00:18
2403,2026-05-19,08:30-16:30,ห้องไต่สวน4,สอบปากคำผู้ร้อง,,3,2026-05-06 15:02:14,กฤษฏ์ ธวัชชัยวิสุทธิ์,กลุ่มงานปราบปรามการทุจริตหน่วยงานไม่สังกัดกระทรวง ทบวง สำนักนายกรัฐมนตรี,กองปราบปรามการทุจริตในภาครัฐ 5,จองสำเร็จ,2026-05-06 15:06:05
2404,2026-05-19,08:30-12:45,OneConferenceRoom 1,ประชุมคณะกรรมการ ป.ป.ท. ประจำเดือน พฤษภาคม 2569 ครั้งที่ 37/2569,,20,2026-04-29 18:42:06,ลลิตตา พานิชผล,กลุ่มงานบริหารคดีและบริหารทั่วไป,กองบริหารคดี,จองสำเร็จ,2026-04-29 18:42:06
2405,2026-05-19,08:30-12:30,ห้องประชุมคณะกรรมการ,ประชุมคณะกรรมการ ป.ป.ท. ประจำเดือน พฤษภาคม 2569 ครั้งที่ 37/2569,,20,2026-04-29 18:41:35,ลลิตตา พานิชผล,กลุ่มงานบริหารคดีและบริหารทั่วไป,กองบริหารคดี,จองสำเร็จ,2026-04-29 18:41:35
2406,2026-05-19,10:00-12:00,Zoom Meeting Room 1,หารือการลงข้อมูลทางการเงินการคลัง ITA ของเขต 7,นายเอกชัย เกษมสุขธวัช,4,2026-05-19 09:41:57,กนิษฐา แก้วสาร,กลุ่มงานวินัย,สำนักงานเลขาธิการ,จองสำเร็จ,2026-05-19 09:41:57
2407,2026-05-19,12:00-17:30,Zoom Meeting Room 9,ประชุมคณะอนุกรรมการคัดเลือกฯ ครั้งที่ 4/2569,,10,2026-05-05 11:22:42,อธิวัฒน์ ธัมมารัตน์นนท์,กลุ่มงานบริหารงานบุคคล,สำนักงานเลขาธิการ,จองสำเร็จ,2026-05-08 10:18:53
2408,2026-05-19,13:00-17:30,ห้องประชุม 1 (ห้องใหญ่),ประชุมคณะอนุกรรมการคัดเลือกฯ ครั้งที่ 4/2569,,20,2026-05-05 11:22:00,อธิวัฒน์ ธัมมารัตน์นนท์,กลุ่มงานบริหารงานบุคคล,สำนักงานเลขาธิการ,จองสำเร็จ,2026-05-08 10:19:46
2409,2026-05-19,15:00-16:30,Zoom Meeting Room 2,ประชุมจัดทำคลิปวีดิโอ ป.ป.ท. โฉมใหม่ รากฐานมั่นคง ปราบโกงยั่งยืน,ผอ. สลธ.,15,2026-05-19 12:17:36,นงลักษณ์ พูลนาค,กลุ่มงานสื่อสารองค์กร,สำนักงานเลขาธิการ,จองสำเร็จ,2026-05-19 13:07:12
2410,2026-05-20,08:00-17:00,ห้องไต่สวน1,สอบพยาน,,4,2026-04-24 15:22:55,ศรัทธา ศรมณี,กลุ่มงานปราบปรามการทุจริตหน่วยงานไม่สังกัดกระทรวง ทบวง สำนักนายกรัฐมนตรี,กองปราบปรามการทุจริตในภาครัฐ 5,จองสำเร็จ,2026-04-24 15:22:55
2411,2026-05-20,08:00-17:00,ห้องไต่สวน3,สอบถ้อยคำพยาน 1556/2568,,1,2026-05-05 13:57:59,วสวัตติ์ ปัญญาจิรภาส,กลุ่มงานปราบปรามการทุจริตกระทรวงด้านความมั่นคง 1,กองปราบปรามการทุจริตในภาครัฐ 1,จองสำเร็จ,2026-05-05 13:57:59
2412,2026-05-20,08:00-17:00,ห้องประชุม (กปท.4),ประชุม กพร.,,5,2026-05-06 11:00:18,วิทยา สีดา,กลุ่มพัฒนาระบบบริหาร,กลุ่มพัฒนาระบบบริหาร,จองสำเร็จ,2026-05-06 11:00:18
2413,2026-05-20,08:30-12:00,Zoom Meeting Room 1,คณะอนุกรรมการพิจารณากลั่นกรองการเปิดเผยข้อมูลข่าวสาร,,14,2026-05-07 14:31:36,อานนท์ ชนประชา,กลุ่มงานความเห็นแย้ง,กองกฎหมาย,จองสำเร็จ,2026-05-07 14:31:36
2414,2026-05-20,08:30-12:00,ห้องประชุม 2 (ห้องเล็ก),คณะอนุกรรมการพิจารณากลั่นกรองการเปิดเผยข้อมูลข่าวสาร,,15,2026-05-07 14:31:02,อานนท์ ชนประชา,กลุ่มงานความเห็นแย้ง,กองกฎหมาย,จองสำเร็จ,2026-05-07 14:31:02
2415,2026-05-20,08:30-12:00,ห้องไต่สวน2,สอบพยาน,,5,2026-04-29 09:04:39,มานพ ธงชัย,กลุ่มงานปราบปรามการทุจริตในองค์กรปกครองส่วนท้องถิ่น 2,กองปราบปรามการทุจริตในภาครัฐ 4,จองสำเร็จ,2026-04-29 09:04:39
2416,2026-05-20,08:30-18:30,ห้องประชุม(ห้องเล็ก 31),สอบพยาน,,4,2026-05-11 09:36:09,ประภัสรา นิลจันทึก,กลุ่มงานปราบปรามการทุจริตในองค์กรปกครองส่วนท้องถิ่น 2,กองปราบปรามการทุจริตในภาครัฐ 4,จองสำเร็จ,2026-05-11 09:36:09
2417,2026-05-20,08:30-12:30,Zoom Meeting Room 5,การขับเคลื่อนการประเมินความเสี่ยงการทุจริตในหน่วยงานภาครัฐ ประจำปีงบประมาณ พ.ศ. 2569,,300,2026-05-12 14:52:07,กชนัฑ สุขสวัสดิ์,กลุ่มบริหารความเสี่ยงและสกัดกั้นการทุจริตในภาครัฐ,กองป้องกันการทุจริตในภาครัฐ,จองสำเร็จ,2026-05-12 14:52:07
2418,2026-05-20,08:30-12:45,OneConferenceRoom 1,ประชุมคณะกรรมการ ป.ป.ท. ประจำเดือน พฤษภาคม 2569 ครั้งที่ 38/2569,,20,2026-04-29 18:42:41,ลลิตตา พานิชผล,กลุ่มงานบริหารคดีและบริหารทั่วไป,กองบริหารคดี,จองสำเร็จ,2026-04-29 18:42:41
2419,2026-05-20,08:30-12:45,ห้องประชุมคณะกรรมการ,ประชุมคณะกรรมการ ป.ป.ท. ประจำเดือน พฤษภาคม 2569 ครั้งที่ 38/2569,,20,2026-04-29 18:43:16,ลลิตตา พานิชผล,กลุ่มงานบริหารคดีและบริหารทั่วไป,กองบริหารคดี,จองสำเร็จ,2026-04-29 18:43:16
2420,2026-05-20,09:00-12:00,ห้องประชุม 1 (ห้องใหญ่),การประชุม กอผ.,,10,2026-05-08 13:31:52,สุกัญญา แก่นสุวรรณ,กลุ่มอำนวยการผู้บริหาร,สำนักงานเลขาธิการ,จองสำเร็จ,2026-05-08 13:31:52
2421,2026-05-20,09:00-12:00,OneConferenceRoom 2,ไต่สวน สสอ.พระทองคำ,พลตำรวจตรี สมควร พึ่งทรัพย์,6,2026-05-19 16:11:59,พงษ์พันธ์ ติ๊บธง,กลุ่มงานปราบปรามการทุจริตกระทรวงด้านเศรษฐกิจ,กองปราบปรามการทุจริตในภาครัฐ 2,จองสำเร็จ,2026-05-19 16:11:59
2422,2026-05-20,09:30-14:00,ห้องไต่สวน4,ไต่สวนเบื่องต้น,,2,2026-05-06 16:35:19,ประทีป ศิริดำรงค์,กลุ่มงานปราบปรามการทุจริตหน่วยงานไม่สังกัดกระทรวง ทบวง สำนักนายกรัฐมนตรี,กองปราบปรามการทุจริตในภาครัฐ 5,จองสำเร็จ,2026-05-06 16:35:19
2423,2026-05-20,12:00-17:00,ห้องประชุม 1 (ห้องใหญ่),การประชุม อ.ก.พ. สำนักงาน ป.ป.ท. ครั้งที่ ๔/๒๕๖๙,เลขาธิการคณะกรรมการ ป.ป.ท.,13,2026-05-11 13:55:34,กฤตพงศ์ เชยชม,กลุ่มงานบริหารคดีและบริหารทั่วไป,สำนักงานป้องกันและปราบปรามการทุจริตในภาครัฐ เขต 7,จองสำเร็จ,2026-05-11 13:55:34
2424,2026-05-20,13:00-16:30,ห้องประชุม 2 (ห้องเล็ก),การประชุม กกม.,เลขาธิการ ปปท.,20,2026-05-20 11:43:33,สุกัญญา แก่นสุวรรณ,กลุ่มอำนวยการผู้บริหาร,สำนักงานเลขาธิการ,จองสำเร็จ,2026-05-20 11:43:33
2425,2026-05-20,13:00-16:45,ห้องไต่สวน2,ส่งสำนวนคดี,นางนรินยา สุภาพพูล,5,2026-05-15 12:02:07,จิราพรรณ ทาบุราญ,กลุ่มงานปราบปรามการทุจริตในองค์กรปกครองส่วนท้องถิ่น 2,กองปราบปรามการทุจริตในภาครัฐ 4,จองสำเร็จ,2026-05-15 12:02:07
2426,2026-05-20,13:30-15:00,OneConferenceRoom 1,ประชุมคณะอนุกรรมการไต่สวน,นางสาวโชติกา พลรักษ์,3,2026-05-14 16:03:36,บุริมวุฒิ นาคประดา,กลุ่มงานปราบปรามการทุจริตในภาครัฐ 1,สำนักงานป้องกันและปราบปรามการทุจริตในภาครัฐ เขต 3,จองสำเร็จ,2026-05-14 16:03:36
2427,2026-05-20,14:00-17:00,ห้องไต่สวน4,ไต่สวน,,2,2026-05-20 08:39:29,ณัฏฐ์นนท์ จารุวนาลัย,กลุ่มงานปราบปรามการทุจริตหน่วยงานไม่สังกัดกระทรวง ทบวง สำนักนายกรัฐมนตรี,กองปราบปรามการทุจริตในภาครัฐ 5,จองสำเร็จ,2026-05-20 08:39:29
2428,2026-05-20,15:00-17:00,Zoom Meeting Room 2,ประชุมจัดทำคลิปวีดิโอ ป.ป.ท. โฉมใหม่ รากฐานมั่นคง ปราบโกงยั่งยืน,ผอ. สลธ.,15,2026-05-20 12:33:19,นงลักษณ์ พูลนาค,กลุ่มงานสื่อสารองค์กร,สำนักงานเลขาธิการ,จองสำเร็จ,2026-05-20 12:44:18
2429,2026-05-20,15:00-18:00,Zoom Meeting Room 3,ประชุมระดมความคิดเห็นฯ,เลขาธิการคณะกรรมการ ป.ป.ท.,1,2026-05-20 12:48:46,เลอสันต์ หมู่หมื่นศรี,กลุ่มงานคอมพิวเตอร์และการสื่อสาร,ศูนย์เทคโนโลยีสารสนเทศและการสื่อสาร,จองสำเร็จ,2026-05-20 12:49:41
2430,2026-05-21,08:00-17:00,ห้องไต่สวน1,สอบถ้อยคำพยาน 0125/2568,,1,2026-05-05 13:59:39,วสวัตติ์ ปัญญาจิรภาส,กลุ่มงานปราบปรามการทุจริตกระทรวงด้านความมั่นคง 1,กองปราบปรามการทุจริตในภาครัฐ 1,จองสำเร็จ,2026-05-05 13:59:39
2431,2026-05-21,08:00-17:00,ห้องไต่สวน4,สอบถ้อยคำพยาน,,4,2026-05-11 14:15:36,เพชรรพี จรัสเจษฎา,กลุ่มงานปราบปรามการทุจริตหน่วยงานในสังกัดสำนักนายกรัฐมนตรี,กองปราบปรามการทุจริตในภาครัฐ 5,จองสำเร็จ,2026-05-11 14:15:36
2432,2026-05-21,08:00-17:00,ห้องประชุม (กปท.4),ประชุม กพร.,,5,2026-05-06 11:00:18,วิทยา สีดา,กลุ่มพัฒนาระบบบริหาร,กลุ่มพัฒนาระบบบริหาร,จองสำเร็จ,2026-05-06 11:00:18
2433,2026-05-21,08:30-12:00,ห้องประชุม 2 (ห้องเล็ก),ประชุมติดตามการรับสมัครเครือข่ายต้นแบบฯ ครั้งที่ 1/2569,รองเลขาธิการคณะกรรมการ ป.ป.ท. (นายเอกชัย เกษมสุขธวัช),12,2026-05-17 22:16:25,เกศรารัตติ์ บุนนท์,กลุ่มงานเครือข่ายภาคประชาสังคมป้องกันการทุจริต,กองป้องกันการทุจริตในภาครัฐ,จองสำเร็จ,2026-05-17 22:16:25
2434,2026-05-21,08:30-16:30,ห้องไต่สวน3,สอบพยาน,,4,2026-05-11 09:33:42,ประภัสรา นิลจันทึก,กลุ่มงานปราบปรามการทุจริตในองค์กรปกครองส่วนท้องถิ่น 2,กองปราบปรามการทุจริตในภาครัฐ 4,จองสำเร็จ,2026-05-11 09:33:42
2435,2026-05-21,08:30-12:00,Zoom Meeting Room 8,ประชุมติดตามการรับสมัครเครือข่ายต้นแบบฯ ครั้งที่ 1/2569,รองเลขาธิการคณะกรรมการ ป.ป.ท. (นายเอกชัย เกษมสุขธวัช),30,2026-05-17 22:16:25,เกศรารัตติ์ บุนนท์,กลุ่มงานเครือข่ายภาคประชาสังคมป้องกันการทุจริต,กองป้องกันการทุจริตในภาครัฐ,จองสำเร็จ,2026-05-17 22:16:25
2436,2026-05-21,08:45-12:00,Zoom Meeting Room 3,ประชุมเตรียมความพร้อมการประชุมเกี่ยวกับข้ามแดนงานนมัสการพระธาตุพนมประจำปี,นายเอกชัย เกษมสุขธวัช,15,2026-05-15 13:55:33,ภัคคินี แขวงเมือง,กลุ่มงานปราบปรามการทุจริตในภาครัฐ 1,สำนักงานป้องกันและปราบปรามการทุจริตในภาครัฐ เขต 4,จองสำเร็จ,2026-05-15 13:55:33
2437,2026-05-21,09:00-16:30,ห้องไต่สวน2,สอบพยาน,,1,2026-05-11 09:12:02,สหราช เกษอินทร์,กลุ่มงานปราบปรามการทุจริตในองค์กรปกครองส่วนท้องถิ่น 1,กองปราบปรามการทุจริตในภาครัฐ 4,จองสำเร็จ,2026-05-11 09:12:02
2438,2026-05-21,10:00-12:00,Zoom Meeting Room 1,ประชุมคณะทำงานการจัดการความรู้ (KM) ปปท.เขต ๔ (การให้ความรู้เกี่ยวกับระบบ Feedback),นายสวัสดิ์ นาสมฝัน,30,2026-05-19 16:04:19,ทัศนีย์ แสนลี,กลุ่มงานปราบปรามการทุจริตในภาครัฐ 3,สำนักงานป้องกันและปราบปรามการทุจริตในภาครัฐ เขต 4,จองสำเร็จ,2026-05-19 16:04:19
2439,2026-05-21,10:00-14:00,Zoom Meeting Room 5,ประชุม ผอ กลุ่มปราบ เรื่องตัวชี้วัดและข้อสั่งการเลขา,,7,2026-05-20 10:16:29,แก้วกาญจน์ ป้อมอุ่นเรือน,กลุ่มงานบริหารคดีและบริหารทั่วไป,สำนักงานป้องกันและปราบปรามการทุจริตในภาครัฐ เขต 3,จองสำเร็จ,2026-05-20 10:16:29
2440,2026-05-21,13:00-16:30,Zoom Meeting Room 1,ประชุมหารือเกี่ยวกับแนวทางมาตรการในการป้องกันการทุจริตและประพฤติมิชอบกรณีข้ามแดนงานนมัสการพระธาตุพนมประจำปี,นายเอกชัย เกษมสุขธวัช,15,2026-05-19 16:54:13,ภัคคินี แขวงเมือง,กลุ่มงานปราบปรามการทุจริตในภาครัฐ 1,สำนักงานป้องกันและปราบปรามการทุจริตในภาครัฐ เขต 4,จองสำเร็จ,2026-05-19 16:54:13
2441,2026-05-21,14:00-17:00,Zoom Meeting Room 9,หารือการเสนอสำนวนกับ ปปท. เขต 7,นายเอกชัย เกษมสุขธวัช,8,2026-05-21 13:46:58,กนิษฐา แก้วสาร,กลุ่มงานวินัย,สำนักงานเลขาธิการ,จองสำเร็จ,2026-05-21 13:46:58
2442,2026-05-22,06:00-16:30,ห้องไต่สวน2,สอบปากคำ,,1,2026-05-11 16:00:48,อภิรักษ์ คงคาเพชร,กลุ่มงานปราบปรามการทุจริตในองค์กรปกครองส่วนท้องถิ่น 2,กองปราบปรามการทุจริตในภาครัฐ 4,จองสำเร็จ,2026-05-11 16:00:48
2443,2026-05-22,08:00-17:00,ห้องไต่สวน1,สอบพยาน,,4,2026-04-24 15:23:56,ศรัทธา ศรมณี,กลุ่มงานปราบปรามการทุจริตหน่วยงานไม่สังกัดกระทรวง ทบวง สำนักนายกรัฐมนตรี,กองปราบปรามการทุจริตในภาครัฐ 5,จองสำเร็จ,2026-04-24 15:23:56
2444,2026-05-22,08:00-17:00,ห้องประชุม (กปท.4),ประชุม กพร.,,5,2026-05-06 11:00:18,วิทยา สีดา,กลุ่มพัฒนาระบบบริหาร,กลุ่มพัฒนาระบบบริหาร,จองสำเร็จ,2026-05-06 11:00:18
2445,2026-05-22,08:30-12:00,ห้องไต่สวน3,ไต่สวน,,1,2026-05-12 09:53:16,ณัฏฐพล ศุรธีร์โกศล,กลุ่มงานปราบปรามการทุจริตหน่วยงานในสังกัดสำนักนายกรัฐมนตรี,กองปราบปรามการทุจริตในภาครัฐ 5,จองสำเร็จ,2026-05-12 09:53:16
2446,2026-05-22,08:30-16:00,ห้องไต่สวน4,ไต่สวน,,4,2026-04-27 15:36:56,มะลิไล แก้วมาดีงาม,กลุ่มงานปราบปรามการทุจริตหน่วยงานไม่สังกัดกระทรวง ทบวง สำนักนายกรัฐมนตรี,กองปราบปรามการทุจริตในภาครัฐ 5,จองสำเร็จ,2026-04-27 15:36:56
2447,2026-05-22,09:00-12:00,Zoom Meeting Room 6,หารือการเสนอสำนวนกับ ปปท. เขต 7,นายเอกชัย เกษมสุขธวัช,5,2026-05-21 15:56:35,กนิษฐา แก้วสาร,กลุ่มงานวินัย,สำนักงานเลขาธิการ,จองสำเร็จ,2026-05-21 15:56:35
2448,2026-05-22,10:00-12:30,ห้องประชุม 2 (ห้องเล็ก),ประชุมคณะกรรมการ กองกฏหมาย+กองบริหารคดี,,20,2026-05-22 09:00:28,ลลิตตา พานิชผล,กลุ่มงานบริหารคดีและบริหารทั่วไป,กองบริหารคดี,จองสำเร็จ,2026-05-22 09:01:12
2449,2026-05-22,14:00-16:30,ห้องประชุม 1 (ห้องใหญ่),ส่งมอบพื้นที่ก่อสร้างอาคารสำนักงาน ป.ป.ท. (ส่วนกลาง),เลขาธิการคณะกรรมการ ป.ป.ท.,20,2026-05-08 10:47:32,จารุณี ชูสุวรรณ์,กลุ่มงานคลัง,สำนักงานเลขาธิการ,จองสำเร็จ,2026-05-08 10:47:32
2450,2026-05-25,08:00-17:00,ห้องประชุม (กปท.4),ประชุม กพร.,,5,2026-05-06 11:01:42,วิทยา สีดา,กลุ่มพัฒนาระบบบริหาร,กลุ่มพัฒนาระบบบริหาร,จองสำเร็จ,2026-05-06 11:01:42
2451,2026-05-25,08:30-16:30,ห้องประชุม 2 (ห้องเล็ก),ประชุมคณะอนุกรรมการกลั่นกรองฯ คณะที่ 3 ครั้งที่ 2-2/2569,นายภาส ภาสสัทธา,9,2026-04-30 12:23:21,นงค์ลักษณ์ ยั่งยืน,กลุ่มงานคำวินิจฉัยและมติคณะกรรมการ,กองบริหารคดี,จองสำเร็จ,2026-04-30 12:23:21
2452,2026-05-25,08:30-16:30,ห้องไต่สวน2,สอบพยาน,,4,2026-05-12 08:56:47,ประภัสรา นิลจันทึก,กลุ่มงานปราบปรามการทุจริตในองค์กรปกครองส่วนท้องถิ่น 2,กองปราบปรามการทุจริตในภาครัฐ 4,จองสำเร็จ,2026-05-12 08:56:47
2453,2026-05-25,08:30-17:00,ห้องไต่สวน3,ไต่สวน,,4,2026-05-12 10:39:26,ณัฏฐพล ศุรธีร์โกศล,กลุ่มงานปราบปรามการทุจริตหน่วยงานในสังกัดสำนักนายกรัฐมนตรี,กองปราบปรามการทุจริตในภาครัฐ 5,จองสำเร็จ,2026-05-12 10:39:26
2454,2026-05-25,08:30-16:30,ห้องไต่สวน4,ไต่สวน,,4,2026-04-27 15:37:39,มะลิไล แก้วมาดีงาม,กลุ่มงานปราบปรามการทุจริตหน่วยงานไม่สังกัดกระทรวง ทบวง สำนักนายกรัฐมนตรี,กองปราบปรามการทุจริตในภาครัฐ 5,จองสำเร็จ,2026-04-27 15:37:39
2455,2026-05-25,09:00-16:30,OneConferenceRoom 1,การประชุมคณะอนุกรรมการกลั่นกรองฯ คณะที่ 8,นายอดิศักดิ์ ปัตรวลี,9,2026-04-30 12:10:06,ณัฐฐพิชา นาวินธรรม,กลุ่มงานคำวินิจฉัยและมติคณะกรรมการ,กองบริหารคดี,จองสำเร็จ,2026-04-30 12:10:06
2456,2026-05-25,09:00-16:30,ห้องประชุมคณะกรรมการ,การประชุมคณะอนุกรรมการกลั่นกรองฯ คณะที่ 8,นายอดิศักดิ์ ปัตรวลี,9,2026-04-30 12:10:06,ณัฐฐพิชา นาวินธรรม,กลุ่มงานคำวินิจฉัยและมติคณะกรรมการ,กองบริหารคดี,จองสำเร็จ,2026-04-30 12:10:06
2457,2026-05-25,09:30-12:30,OneConferenceRoom 3,ไต่สวน,พตท ยุทธศักดิ์ ฯ,3,2026-05-12 10:11:58,ณัฏฐพล ศุรธีร์โกศล,กลุ่มงานปราบปรามการทุจริตหน่วยงานในสังกัดสำนักนายกรัฐมนตรี,กองปราบปรามการทุจริตในภาครัฐ 5,จองสำเร็จ,2026-05-12 10:11:58
2458,2026-05-25,13:00-17:00,ห้องไต่สวน1,สอบถ้อยคำผู้กล่าวหา,,6,2026-05-19 16:19:13,สุนิสา รักษา,กลุ่มงานปราบปรามการทุจริตในองค์กรปกครองส่วนท้องถิ่น 1,กองปราบปรามการทุจริตในภาครัฐ 4,จองสำเร็จ,2026-05-19 16:19:13
2459,2026-05-25,14:00-15:30,OneConferenceRoom 2,ประชุมคณะอนุกรรมการไต่สวน ข้อเท็จจริง,"นายสัญชาติ  อุปนันชัย 			ประธานอนุกรรมการ",5,2026-05-20 15:27:40,สมภพ แพงมะจริน,กลุ่มงานปราบปรามการทุจริตในภาครัฐ 3,สำนักงานป้องกันและปราบปรามการทุจริตในภาครัฐ เขต 6,จองสำเร็จ,2026-05-20 15:27:40
2460,2026-05-26,08:00-12:00,ห้องไต่สวน3,สอบพยาน,,4,2026-05-25 09:32:29,ประภัสรา นิลจันทึก,กลุ่มงานปราบปรามการทุจริตในองค์กรปกครองส่วนท้องถิ่น 2,กองปราบปรามการทุจริตในภาครัฐ 4,จองสำเร็จ,2026-05-25 09:32:29
2461,2026-05-26,08:00-13:00,ห้องประชุม 1 (ห้องใหญ่),การจัดทำแบบบรรยายลักษณะงาน,,30,2026-05-22 09:00:08,กิตวิภา สุวรรณรัตน์,กลุ่มงานพัฒนาบุคลากร,สำนักงานเลขาธิการ,จองสำเร็จ,2026-05-22 09:00:08
2462,2026-05-26,08:00-17:00,ห้องประชุม (กปท.4),ประชุม กพร.,,5,2026-05-06 11:01:42,วิทยา สีดา,กลุ่มพัฒนาระบบบริหาร,กลุ่มพัฒนาระบบบริหาร,จองสำเร็จ,2026-05-06 11:01:42
2463,2026-05-26,08:00-13:00,Zoom Meeting Room 4,การจัดทำแบบบรรยายลักษณะงาน,,45,2026-05-22 09:04:23,กิตวิภา สุวรรณรัตน์,กลุ่มงานพัฒนาบุคลากร,สำนักงานเลขาธิการ,จองสำเร็จ,2026-05-22 09:04:23
2464,2026-05-26,08:30-12:00,Zoom Meeting Room 1,คณะอนุกรรมการพิจารณากลั่นกรองการเปิดเผยข้อมูลข่าวสาร,,9,2026-05-07 14:27:36,อานนท์ ชนประชา,กลุ่มงานความเห็นแย้ง,กองกฎหมาย,จองสำเร็จ,2026-05-07 14:27:36
2465,2026-05-26,08:30-12:00,ห้องประชุม 2 (ห้องเล็ก),คณะอนุกรรมการพิจารณากลั่นกรองการเปิดเผยข้อมูลข่าวสาร,,15,2026-05-07 14:25:52,อานนท์ ชนประชา,กลุ่มงานความเห็นแย้ง,กองกฎหมาย,จองสำเร็จ,2026-05-07 14:25:52
2466,2026-05-26,08:30-16:30,ห้องไต่สวน2,สอบปากคำผู้กล่าวหา พยาน,,4,2026-05-11 11:36:22,ตระกูล บุญทัน,กลุ่มงานปราบปรามการทุจริตหน่วยงานในสังกัดสำนักนายกรัฐมนตรี,กองปราบปรามการทุจริตในภาครัฐ 5,จองสำเร็จ,2026-05-11 11:36:22
2467,2026-05-26,08:30-12:30,OneConferenceRoom 1,ประชุมคณะกรรมการ ป.ป.ท. ประจำเดือน พฤษภาคม 2569 ครั้งที่ 39/2569,,20,2026-04-29 18:44:46,ลลิตตา พานิชผล,กลุ่มงานบริหารคดีและบริหารทั่วไป,กองบริหารคดี,จองสำเร็จ,2026-04-29 18:44:46
2468,2026-05-26,08:30-12:30,ห้องประชุมคณะกรรมการ,ประชุมคณะกรรมการ ป.ป.ท. ประจำเดือน พฤษภาคม 2569 ครั้งที่ 39/2569,,20,2026-04-29 18:43:51,ลลิตตา พานิชผล,กลุ่มงานบริหารคดีและบริหารทั่วไป,กองบริหารคดี,จองสำเร็จ,2026-04-29 18:43:51
2469,2026-05-26,09:00-16:30,ห้องไต่สวน1,ไต่สวน,,3,2026-05-06 14:38:22,พูนทรัพย์ เตชะเกียรติสุจิตร,กลุ่มงานปราบปรามการทุจริตกระทรวงด้านความมั่นคง 1,กองปราบปรามการทุจริตในภาครัฐ 1,จองสำเร็จ,2026-05-06 14:38:22
2470,2026-05-26,09:30-13:00,ห้องไต่สวน4,ประชุมไต่สวน,พลโทนพพร โควหกุล,3,2026-05-07 09:23:16,ศิรินทร์ทิพย์ โพธิมาศ,กลุ่มงานปราบปรามการทุจริตหน่วยงานไม่สังกัดกระทรวง ทบวง สำนักนายกรัฐมนตรี,กองปราบปรามการทุจริตในภาครัฐ 5,จองสำเร็จ,2026-05-07 09:23:16
2471,2026-05-26,09:45-12:00,Zoom Meeting Room 5,ประชุมพิจารณาหลักเกณฑ์ข้อตกลงรอบที่ 2/2569 และกำกับติดตามสำนวนคดีที่อยู่ระหว่างดำเนินการ,,20,2026-05-22 16:28:50,แก้วกาญจน์ ป้อมอุ่นเรือน,กลุ่มงานบริหารคดีและบริหารทั่วไป,สำนักงานป้องกันและปราบปรามการทุจริตในภาครัฐ เขต 3,จองสำเร็จ,2026-05-22 16:28:50
2472,2026-05-26,12:00-17:00,ห้องไต่สวน3,สอบพยาน,,4,2026-05-11 14:27:24,นิดา พินิจวิกรานต์,กลุ่มงานปราบปรามการทุจริตกระทรวงด้านความมั่นคง 1,กองปราบปรามการทุจริตในภาครัฐ 1,จองสำเร็จ,2026-05-11 14:27:24
2473,2026-05-26,13:00-16:00,ห้องไต่สวน4,สอบพยาน,,4,2026-05-25 09:35:31,ประภัสรา นิลจันทึก,กลุ่มงานปราบปรามการทุจริตในองค์กรปกครองส่วนท้องถิ่น 2,กองปราบปรามการทุจริตในภาครัฐ 4,จองสำเร็จ,2026-05-25 09:35:31
2474,2026-05-26,13:00-16:30,ห้องประชุม 1 (ห้องใหญ่),คณะทำงานควบคุมงาน,,22,2026-05-26 09:32:24,จารุณี ชูสุวรรณ์,กลุ่มงานคลัง,สำนักงานเลขาธิการ,จองสำเร็จ,2026-05-26 09:32:24
2475,2026-05-26,13:00-16:00,ห้องประชุมคณะกรรมการ,ประชุมคณะกรรมการ กบค+กกม,,15,2026-05-22 12:38:54,ลลิตตา พานิชผล,กลุ่มงานบริหารคดีและบริหารทั่วไป,กองบริหารคดี,จองสำเร็จ,2026-05-22 12:38:54
2476,2026-05-26,13:30-16:30,Zoom Meeting Room 1,ประชุมหารือกรอบการดำเนินงานตาม TOR (CPI 2569),นางสาวกิตวิภา สุวรรณรัตน์,10,2026-05-21 11:48:57,กิริยา พิชยวัฒน์,กลุ่มความร่วมมือและพัฒนานวัตกรรมความโปร่งใสในภาครัฐ,กองการต่างประเทศ,จองสำเร็จ,2026-05-21 11:48:57
2477,2026-05-26,14:00-16:30,ห้องประชุม 2 (ห้องเล็ก),ประชุมหารือกรอบการดำเนินงานตาม TOR (CPI 2569),นางสาวกิตวิภา สุวรรณรัตน์,10,2026-05-21 11:40:50,กิริยา พิชยวัฒน์,กลุ่มความร่วมมือและพัฒนานวัตกรรมความโปร่งใสในภาครัฐ,กองการต่างประเทศ,จองสำเร็จ,2026-05-21 11:40:50
2478,2026-05-26,14:00-16:30,ห้องประชุม(ห้องเล็ก 31),การประชุมร่วมกับ มธ.,,10,2026-05-26 13:23:41,แพรววนิต เวียงมูล,กลุ่มความร่วมมือและพัฒนานวัตกรรมความโปร่งใสในภาครัฐ,กองการต่างประเทศ,จองสำเร็จ,2026-05-26 13:23:41
2479,2026-05-26,19:00-21:00,Zoom Meeting Room 1,ประชุมเครือข่าย pacc,ธรรมนูญ คงรัตน์,20,2026-05-26 08:36:51,วชิรวิทย์ ทองฤกษ์,กลุ่มงานป้องกันการทุจริตในภาครัฐ,สำนักงานป้องกันและปราบปรามการทุจริตในภาครัฐ เขต 8,จองสำเร็จ,2026-05-26 08:36:51
2480,2026-05-27,08:00-16:30,ห้องประชุม 2 (ห้องเล็ก),ประชุมคณะอนุกรรมการขับเคลื่อนงานป้องกันและเฝ้าระวังการทุจริต ครั้งที่ 3/2569,พลเอก อรชัย บุญสุขจิตเสรี,13,2026-05-06 09:13:27,รมณ วิริยะประกอบ,กลุ่มงานวิชาการและพัฒนานวัตกรรมด้านการป้องกัน,กองป้องกันการทุจริตในภาครัฐ,จองสำเร็จ,2026-05-06 09:17:08
2481,2026-05-27,08:00-17:00,ห้องไต่สวน3,สอบถ้อยคำ,,1,2026-05-19 14:37:23,ออมทอง นันตา,กลุ่มงานปราบปรามการทุจริตหน่วยงานในสังกัดสำนักนายกรัฐมนตรี,กองปราบปรามการทุจริตในภาครัฐ 5,จองสำเร็จ,2026-05-19 14:37:23
2482,2026-05-27,08:00-17:00,ห้องประชุม (กปท.4),ประชุม กพร.,,5,2026-05-06 11:01:42,วิทยา สีดา,กลุ่มพัฒนาระบบบริหาร,กลุ่มพัฒนาระบบบริหาร,จองสำเร็จ,2026-05-06 11:01:42
2483,2026-05-27,08:30-16:00,Zoom Meeting Room 1,ประชุม สปท. ป.ป.ท. ครั้งที่ 5/2569,นายเอกชัย เกษมสุขธวัช รองเลขาธิการคณะกรรมการ ป.ป.ท.,15,2026-04-24 13:03:27,เกศรารัตติ์ บุนนท์,กลุ่มงานเครือข่ายภาคประชาสังคมป้องกันการทุจริต,กองป้องกันการทุจริตในภาครัฐ,จองสำเร็จ,2026-04-24 13:03:27
2484,2026-05-27,08:30-16:00,ห้องประชุม 1 (ห้องใหญ่),ประชุม สปท. ป.ป.ท. ครั้งที่ 5/2569,นายเอกชัย เกษมสุขธวัช รองเลขาธิการคณะกรรมการ ป.ป.ท.,20,2026-04-24 13:03:27,เกศรารัตติ์ บุนนท์,กลุ่มงานเครือข่ายภาคประชาสังคมป้องกันการทุจริต,กองป้องกันการทุจริตในภาครัฐ,จองสำเร็จ,2026-04-24 13:03:27
2485,2026-05-27,08:30-14:00,Zoom Meeting Room 2,ประชุมประเมินผลงานฯ,,8,2026-05-14 15:49:18,ตติยา แก้วละเอียด,กลุ่มงานบริหารงานบุคคล,สำนักงานเลขาธิการ,จองสำเร็จ,2026-05-14 15:49:18
2486,2026-05-27,08:30-16:30,Zoom Meeting Room 9,ประชุมคณะอนุกรรมการขับเคลื่อนงานป้องกันและเฝ้าระวังการทุจริต ครั้งที่ 3/2569,พลเอก อรชัย บุญสุขจิตเสรี,13,2026-05-06 09:15:19,รมณ วิริยะประกอบ,กลุ่มงานวิชาการและพัฒนานวัตกรรมด้านการป้องกัน,กองป้องกันการทุจริตในภาครัฐ,จองสำเร็จ,2026-05-06 09:15:19
2487,2026-05-27,08:30-12:00,ห้องประชุมคณะกรรมการ,ประชุมกองบริหารคดี,,35,2026-05-25 14:10:23,ลลิตตา พานิชผล,กลุ่มงานบริหารคดีและบริหารทั่วไป,กองบริหารคดี,จองสำเร็จ,2026-05-25 14:10:23
2488,2026-05-27,09:00-17:00,ห้องไต่สวน4,ไต่สวน,,4,2026-05-12 13:58:14,ณัฏฐพล ศุรธีร์โกศล,กลุ่มงานปราบปรามการทุจริตหน่วยงานในสังกัดสำนักนายกรัฐมนตรี,กองปราบปรามการทุจริตในภาครัฐ 5,จองสำเร็จ,2026-05-12 13:58:14
2489,2026-05-27,10:00-16:30,ห้องไต่สวน1,ประชุมจัดทำร่างหลักเกณฑ์มาตรา 62,วิฐฎากรณ์,1,2026-05-27 09:49:51,จิรวดี จินดาพล,กลุ่มงานกฎหมาย,กองกฎหมาย,จองสำเร็จ,2026-05-27 09:49:51
2490,2026-05-27,11:00-13:00,OneConferenceRoom 2,ไต่สวนคำสั่งคณะกรรมการ ป.ป.ท. ที่ 169/2568,นายระวี แววศรี,6,2026-05-21 15:09:42,ชยพล เงยวิจิตร,กลุ่มงานปราบปรามการทุจริตในภาครัฐ 1,สำนักงานป้องกันและปราบปรามการทุจริตในภาครัฐ เขต 3,จองสำเร็จ,2026-05-21 15:09:42
2491,2026-05-27,12:00-16:30,Zoom Meeting Room 3,ประชุมกองบริหารคดี,,35,2026-05-26 16:35:38,ลลิตตา พานิชผล,กลุ่มงานบริหารคดีและบริหารทั่วไป,กองบริหารคดี,จองสำเร็จ,2026-05-26 16:35:38
2492,2026-05-27,12:30-16:30,ห้องประชุมคณะกรรมการ,ประชุมกองบริหารคดี,,35,2026-05-26 16:34:20,ลลิตตา พานิชผล,กลุ่มงานบริหารคดีและบริหารทั่วไป,กองบริหารคดี,จองสำเร็จ,2026-05-26 16:34:20
2493,2026-05-27,13:00-15:00,ห้องประชุม(ห้องเล็ก 31),ประชุมอ่านผลงานนักวิชาการยุติธรรมฯ,,5,2026-05-21 11:09:13,ตติยา แก้วละเอียด,กลุ่มงานบริหารงานบุคคล,สำนักงานเลขาธิการ,จองสำเร็จ,2026-05-21 11:09:13
2494,2026-05-28,08:00-12:00,ห้องประชุม 2 (ห้องเล็ก),ประชุมคณะอนุกรรมการขับเคลื่อนงานป้องกันและเฝ้าระวังการทุจริต ครั้งที่ 3/2569,พลเอกอรชัย บุญสุขจิตเสรี,13,2026-05-08 16:20:06,รมณ วิริยะประกอบ,กลุ่มงานวิชาการและพัฒนานวัตกรรมด้านการป้องกัน,กองป้องกันการทุจริตในภาครัฐ,จองสำเร็จ,2026-05-08 16:22:12
2495,2026-05-28,08:00-12:00,ห้องไต่สวน2,ประชุมคดี,,1,2026-05-21 13:54:47,ดวงใจ เชยชม,กลุ่มงานปราบปรามการทุจริตในองค์กรปกครองส่วนท้องถิ่น 1,กองปราบปรามการทุจริตในภาครัฐ 4,จองสำเร็จ,2026-05-21 13:54:47
2496,2026-05-28,08:00-17:00,ห้องประชุม (กปท.4),ประชุม กพร.,,5,2026-05-06 11:01:42,วิทยา สีดา,กลุ่มพัฒนาระบบบริหาร,กลุ่มพัฒนาระบบบริหาร,จองสำเร็จ,2026-05-06 11:01:42
2497,2026-05-28,08:30-13:00,ห้องไต่สวน1,ไต่สวนเรื่องที่ 1003/2569,-,3,2026-05-09 20:15:19,กาญจณา นาวิกนันทน์,กลุ่มงานปราบปรามการทุจริตกระทรวงด้านความมั่นคง 2,กองปราบปรามการทุจริตในภาครัฐ 1,จองสำเร็จ,2026-05-09 20:15:19
2498,2026-05-28,08:30-12:00,Zoom Meeting Room 9,ประชุมคณะอนุกรรมการขับเคลื่อนงานป้องกันและเฝ้าระวังการทุจริต ครั้งที่ 3/2569,พลเอก อรชัย บุญสุขจิตเสรี,13,2026-05-08 16:21:33,รมณ วิริยะประกอบ,กลุ่มงานวิชาการและพัฒนานวัตกรรมด้านการป้องกัน,กองป้องกันการทุจริตในภาครัฐ,จองสำเร็จ,2026-05-08 16:21:33
2499,2026-05-28,08:30-13:00,OneConferenceRoom 1,ประชุมคณะกรรมการ ป.ป.ท. ประจำเดือน พฤษภาคม 2569 ครั้งที่ 40/2569,,20,2026-04-29 18:46:16,ลลิตตา พานิชผล,กลุ่มงานบริหารคดีและบริหารทั่วไป,กองบริหารคดี,จองสำเร็จ,2026-04-29 18:46:16
2500,2026-05-28,08:30-12:45,ห้องประชุมคณะกรรมการ,ประชุมคณะกรรมการ ป.ป.ท. ประจำเดือน พฤษภาคม 2569 ครั้งที่ 40/2569,,20,2026-04-29 18:45:21,ลลิตตา พานิชผล,กลุ่มงานบริหารคดีและบริหารทั่วไป,กองบริหารคดี,จองสำเร็จ,2026-04-29 18:45:21
2501,2026-05-28,09:00-16:30,ห้องไต่สวน4,ไต่สวน,,5,2026-05-26 15:16:28,เชษฐินันท์ นนทแก้ว,กลุ่มงานปราบปรามการทุจริตกระทรวงด้านความมั่นคง 2,กองปราบปรามการทุจริตในภาครัฐ 1,จองสำเร็จ,2026-05-26 15:16:28
2502,2026-05-28,09:30-12:00,ห้องประชุม(กยผ),คณะกรรมการจัดทำร่างขอบเขตของงานจ้างที่ปรึกษาและกำหนดราคากลางการจ้างที่ปรึกษา,,5,2026-05-26 13:40:48,นพณัช นิลสนธิ,กลุ่มความร่วมมือและพัฒนานวัตกรรมความโปร่งใสในภาครัฐ,กองการต่างประเทศ,จองสำเร็จ,2026-05-26 13:40:48
2503,2026-05-28,09:45-14:00,ห้องไต่สวน3,ประชุมกระบวนการจัดการและควบคุมงานคดีปกครอง,,5,2026-05-28 09:36:16,วันวิสาข์ ไชยพันธ์,กลุ่มงานคดี,กองกฎหมาย,จองสำเร็จ,2026-05-28 09:36:49
2504,2026-05-28,12:00-16:30,ห้องประชุม 2 (ห้องเล็ก),ประชุมคณะกรรมการพิจารณาข้อมูลข่าวสารของสำนักงาน ป.ป.ท.,รองเลขาธิการ,15,2026-05-01 17:15:20,จิรวดี จินดาพล,กลุ่มงานกฎหมาย,กองกฎหมาย,จองสำเร็จ,2026-05-01 17:15:20
2505,2026-05-28,13:00-16:00,Zoom Meeting Room 1,เชิญประชุมประเมินบุคคลฯ (โอน),,5,2026-05-14 15:51:06,ตติยา แก้วละเอียด,กลุ่มงานบริหารงานบุคคล,สำนักงานเลขาธิการ,จองสำเร็จ,2026-05-27 13:06:13
2506,2026-05-28,13:00-16:30,Zoom Meeting Room 2,คณะกรรมการพิจารณาข้อมูลข่าวสารของสำนักงาน ป.ป.ท.,รองเลขาธิการ,15,2026-05-05 14:17:24,จิรวดี จินดาพล,กลุ่มงานกฎหมาย,กองกฎหมาย,จองสำเร็จ,2026-05-05 14:17:24
2507,2026-05-28,14:00-16:30,ห้องไต่สวน3,ประชุมกระบวนการจัดการและควบคุมงานคดีปกครอง,,8,2026-05-28 10:06:08,วันวิสาข์ ไชยพันธ์,กลุ่มงานคดี,กองกฎหมาย,จองสำเร็จ,2026-05-28 10:06:08
2508,2026-05-29,08:00-17:00,ห้องไต่สวน1,ไต่สวน,พลตรีสมพร,1,2026-05-18 10:53:45,เชษฐินันท์ นนทแก้ว,กลุ่มงานปราบปรามการทุจริตกระทรวงด้านความมั่นคง 2,กองปราบปรามการทุจริตในภาครัฐ 1,จองสำเร็จ,2026-05-18 10:53:45
2509,2026-05-29,08:00-17:00,ห้องไต่สวน2,สอบพยาน,,1,2026-05-18 14:30:03,วรรณฉวี ชื้นจะบก,กลุ่มงานปราบปรามการทุจริตกระทรวงด้านความมั่นคง 2,กองปราบปรามการทุจริตในภาครัฐ 1,จองสำเร็จ,2026-05-18 14:30:03
2510,2026-05-29,08:00-17:00,ห้องประชุม(ห้องเล็ก 31),สอบพยาน,,4,2026-05-26 15:30:18,วรินยุพา นำนาผล,กลุ่มงานปราบปรามการทุจริตในองค์กรปกครองส่วนท้องถิ่น 1,กองปราบปรามการทุจริตในภาครัฐ 4,จองสำเร็จ,2026-05-26 15:30:18
2511,2026-05-29,08:00-17:00,ห้องประชุม (กปท.4),ประชุม กพร.,,5,2026-05-06 11:01:42,วิทยา สีดา,กลุ่มพัฒนาระบบบริหาร,กลุ่มพัฒนาระบบบริหาร,จองสำเร็จ,2026-05-06 11:01:42
2512,2026-05-29,08:30-16:30,Zoom Meeting Room 1,แผนบริหารจัดการความเสี่ยงการทุจริต สำนักงาน ป.ป.ท. ประจำปีงบประมาณ พ.ศ. 2569,,25,2026-05-27 09:33:39,เสาวณีย์ แจ้งอักษร,กลุ่มงานป้องกันและปราบปรามการทุจริตและประพฤติมิชอบ,ศูนย์ปฏิบัติการต่อต้านการทุจริต,จองสำเร็จ,2026-05-27 09:33:39
2513,2026-05-29,08:30-16:30,ห้องไต่สวน4,สอบปากคำผู้กล่าวหา พยาน,ไม่มี,1,2026-05-12 15:48:18,ตระกูล บุญทัน,กลุ่มงานปราบปรามการทุจริตหน่วยงานในสังกัดสำนักนายกรัฐมนตรี,กองปราบปรามการทุจริตในภาครัฐ 5,จองสำเร็จ,2026-05-12 15:48:18
2514,2026-05-29,08:30-16:30,ห้องประชุม 1 (ห้องใหญ่),ประชุมแผนบริหารจัดการความเสี่ยงการทุจริต สำนักงาน ป.ป.ท. ประจำปีงบประมาณ พ.ศ. 2569,,25,2026-05-27 09:31:51,เสาวณีย์ แจ้งอักษร,กลุ่มงานป้องกันและปราบปรามการทุจริตและประพฤติมิชอบ,ศูนย์ปฏิบัติการต่อต้านการทุจริต,จองสำเร็จ,2026-05-27 09:31:51
2515,2026-05-29,08:30-16:30,ห้องประชุมคณะกรรมการ,ประชุมคณะอนุกรรมการกลั่นกรองฯ คณะที่ 6 ครั้งที่ 3-3/2569,พลตำรวจตราี นพรัตน์ รินทพล,9,2026-04-29 14:07:26,นงค์ลักษณ์ ยั่งยืน,กลุ่มงานคำวินิจฉัยและมติคณะกรรมการ,กองบริหารคดี,จองสำเร็จ,2026-04-29 14:07:26
2516,2026-05-29,09:30-12:00,ห้องไต่สวน3,ไต่สวน,พลเอก ปิยะพล วัฒนกุล,5,2026-05-25 13:14:10,รัชนีวรรณ พาพันธุ์เรือง,กลุ่มงานปราบปรามการทุจริตในภาครัฐ 2,สำนักงานป้องกันและปราบปรามการทุจริตในภาครัฐ เขต 1,จองสำเร็จ,2026-05-25 13:14:10
2517,2026-05-29,12:00-15:00,ห้องประชุม 2 (ห้องเล็ก),ประชุมคณะกรรมการกลั่นกรองและคัดเลือกบุคลากรเพื่อส่งเข้ารับการศึกษาอบรมกับหน่วยงานภายนอกของสำนักงาน ป.ป.ท. ครั้งที่ 4/2569,พันตำรวจโท สิริพงษ์ ศรีตุลา รองเลขาธิการคณะกรรมการ ป.ป.ท.,8,2026-05-28 11:12:35,ลินจง ดาวเรือง,กลุ่มงานบริหารงานบุคคล,สำนักงานเลขาธิการ,จองสำเร็จ,2026-05-28 11:21:22
2518,2026-05-29,12:00-15:00,Zoom Meeting Room 2,ประชุมคณะกรรมการกลั่นกรองและคัดเลือกบุคลากรเพื่อส่งเข้ารับการศึกษาอบรมกับหน่วยงานภายนอกของสำนักงาน ป.ป.ท. ครั้งที่ 4/2569,พันตำรวจโท สิริพงษ์ ศรีตุลา รองเลขาธิการคณะกรรมการ ป.ป.ท.,8,2026-05-28 11:23:34,ลินจง ดาวเรือง,กลุ่มงานบริหารงานบุคคล,สำนักงานเลขาธิการ,จองสำเร็จ,2026-05-28 11:23:34
2519,2026-05-29,13:15-16:30,Zoom Meeting Room 3,เชิญประชุมอ่านผลงานฯ นสส.,,9,2026-05-28 14:41:10,ตติยา แก้วละเอียด,กลุ่มงานบริหารงานบุคคล,สำนักงานเลขาธิการ,จองสำเร็จ,2026-05-28 15:22:39
2520,2026-06-01,08:00-18:00,ห้องประชุม (กปท.4),ประชุม กพร.,,1,2026-05-14 10:27:22,วิทยา สีดา,กลุ่มพัฒนาระบบบริหาร,กลุ่มพัฒนาระบบบริหาร,จองสำเร็จ,2026-05-14 10:27:22
2521,2026-06-02,08:00-16:00,ห้องประชุม 1 (ห้องใหญ่),ประชุมรายงานผลการดำเนินงานรับสมัครเครือข่ายต้นแบบฯ ครั้งที่ 1/2569,รองเลขาธิการคณะกรรมการ ป.ป.ท. (นายเอกชัย เกษมสุขธวัช),20,2026-05-21 11:28:37,เกศรารัตติ์ บุนนท์,กลุ่มงานเครือข่ายภาคประชาสังคมป้องกันการทุจริต,กองป้องกันการทุจริตในภาครัฐ,จองสำเร็จ,2026-05-21 11:28:37
2522,2026-06-02,08:00-18:00,ห้องประชุม (กปท.4),ประชุม กพร.,,1,2026-05-14 10:27:22,วิทยา สีดา,กลุ่มพัฒนาระบบบริหาร,กลุ่มพัฒนาระบบบริหาร,จองสำเร็จ,2026-05-14 10:27:22
2523,2026-06-02,08:00-16:00,Zoom Meeting Room 8,ประชุมรายงานผลการดำเนินงานรับสมัครเครือข่ายต้นแบบฯ ครั้งที่ 1/2569,รองเลขาธิการคณะกรรมการ ป.ป.ท. (นายเอกชัย เกษมสุขธวัช),40,2026-05-21 11:28:37,เกศรารัตติ์ บุนนท์,กลุ่มงานเครือข่ายภาคประชาสังคมป้องกันการทุจริต,กองป้องกันการทุจริตในภาครัฐ,จองสำเร็จ,2026-05-21 11:28:37
2524,2026-06-02,09:00-16:00,ห้องไต่สวน1,ประชุมคณะกรรมการสืบสวน,,3,2026-05-27 09:09:16,นิดา พินิจวิกรานต์,กลุ่มงานปราบปรามการทุจริตกระทรวงด้านความมั่นคง 1,กองปราบปรามการทุจริตในภาครัฐ 1,จองสำเร็จ,2026-05-27 09:09:16
2525,2026-06-02,09:00-12:00,ห้องประชุม(ห้องเล็ก 31),ประชุมร่วมกับหน่วยงานภายนอก,สิริพงษ์ ศรีตุลา,1,2026-06-02 08:47:19,บุศรากร เพชรศิริโกศล,กลุ่มงานปราบปรามการทุจริตกระทรวงด้านสังคม,กองปราบปรามการทุจริตในภาครัฐ 2,จองสำเร็จ,2026-06-02 08:47:19
2526,2026-06-02,09:30-12:00,ห้องประชุม 2 (ห้องเล็ก),สัมภาษณ์เบื้องต้นในการคัดเลือกนักจัดการงานทั่วไปฯ,,5,2026-05-26 13:46:14,ตติยา แก้วละเอียด,กลุ่มงานบริหารงานบุคคล,สำนักงานเลขาธิการ,จองสำเร็จ,2026-05-26 13:46:14
2527,2026-06-02,09:45-13:00,Zoom Meeting Room 1,สัมภาษณ์เบื้องต้นในการคัดเลือกนักจัดการงานทั่วไปฯ,,5,2026-05-27 15:21:25,ตติยา แก้วละเอียด,กลุ่มงานบริหารงานบุคคล,สำนักงานเลขาธิการ,จองสำเร็จ,2026-05-27 15:21:25
2528,2026-06-02,13:00-17:30,ห้องไต่สวน2,สอบถ้อยคำผู้กล่าวหา,-,5,2026-05-27 10:23:49,สุนิสา รักษา,กลุ่มงานปราบปรามการทุจริตในองค์กรปกครองส่วนท้องถิ่น 1,กองปราบปรามการทุจริตในภาครัฐ 4,จองสำเร็จ,2026-05-27 10:23:49
2529,2026-06-03,08:00-18:00,ห้องประชุม (กปท.4),ประชุม กพร.,,1,2026-05-14 10:27:22,วิทยา สีดา,กลุ่มพัฒนาระบบบริหาร,กลุ่มพัฒนาระบบบริหาร,จองสำเร็จ,2026-05-14 10:27:22
2530,2026-06-04,08:00-13:00,Zoom Meeting Room 1,ประชุมคณะทำงานคัดเลือกเครือข่ายต้นแบบ,,10,2026-06-02 11:43:44,ลภัสรดา พรมศรี,กลุ่มงานป้องกันการทุจริตในภาครัฐ,สำนักงานป้องกันและปราบปรามการทุจริตในภาครัฐ เขต 1,จองสำเร็จ,2026-06-02 15:35:27
2531,2026-06-04,08:00-12:00,ห้องประชุม 2 (ห้องเล็ก),ประชุมเตรียมความพร้อมที่จะประชุมกับ ผช.รมต. (รอง 2),รองสิริพงษ์ ศรีตุลา,1,2026-06-02 13:50:16,กฤติญา สยามพันธ์,กลุ่มงานส่งเสริมธรรมาภิบาลในภาครัฐ,กองป้องกันการทุจริตในภาครัฐ,จองสำเร็จ,2026-06-02 13:51:56
2532,2026-06-04,08:00-17:00,ห้องไต่สวน1,สอบปากคำพยาน,จักรภพ ขันทะวงศ์,1,2026-05-21 11:35:01,จักรภพ ขันทะวงศ์,กลุ่มงานปราบปรามการทุจริตหน่วยงานไม่สังกัดกระทรวง ทบวง สำนักนายกรัฐมนตรี,กองปราบปรามการทุจริตในภาครัฐ 5,จองสำเร็จ,2026-05-21 11:35:01
2533,2026-06-04,08:00-16:30,ห้องไต่สวน2,สอบพยาน,-,4,2026-05-26 08:02:30,สุนิสา รักษา,กลุ่มงานปราบปรามการทุจริตในองค์กรปกครองส่วนท้องถิ่น 1,กองปราบปรามการทุจริตในภาครัฐ 4,จองสำเร็จ,2026-05-26 08:02:55
2534,2026-06-04,08:00-12:00,ห้องประชุม(ห้องเล็ก 31),ประชุมคณะทำงาน PACC ต้านทุจริต ประจำปีงบประมาณ พ.ศ.2569,ผอ.กปก.,6,2026-05-07 11:49:57,ณรากร สุขสว่าง,กลุ่มงานเครือข่ายภาคประชาสังคมป้องกันการทุจริต,กองป้องกันการทุจริตในภาครัฐ,จองสำเร็จ,2026-05-07 11:49:57
2535,2026-06-04,08:00-18:00,ห้องประชุม (กปท.4),ประชุม กพร.,,1,2026-05-14 10:27:22,วิทยา สีดา,กลุ่มพัฒนาระบบบริหาร,กลุ่มพัฒนาระบบบริหาร,จองสำเร็จ,2026-05-14 10:27:22
2536,2026-06-04,08:00-12:00,Zoom Meeting Room 8,ประชุมคณะทำงานพิจารณาคัดเลือกเครือข่ายต้นแบบฯครั้งที่ 1/69,ผอ.กปก.,6,2026-05-07 11:53:25,ณรากร สุขสว่าง,กลุ่มงานเครือข่ายภาคประชาสังคมป้องกันการทุจริต,กองป้องกันการทุจริตในภาครัฐ,จองสำเร็จ,2026-05-07 11:53:25
2537,2026-06-04,08:15-18:00,ห้องไต่สวน4,ไต่สวน,,5,2026-05-12 13:10:47,มะลิไล แก้วมาดีงาม,กลุ่มงานปราบปรามการทุจริตหน่วยงานไม่สังกัดกระทรวง ทบวง สำนักนายกรัฐมนตรี,กองปราบปรามการทุจริตในภาครัฐ 5,จองสำเร็จ,2026-05-12 13:10:47
2538,2026-06-04,08:30-16:00,ห้องไต่สวน3,ไต่สวน,,5,2026-05-12 13:12:16,มะลิไล แก้วมาดีงาม,กลุ่มงานปราบปรามการทุจริตหน่วยงานไม่สังกัดกระทรวง ทบวง สำนักนายกรัฐมนตรี,กองปราบปรามการทุจริตในภาครัฐ 5,จองสำเร็จ,2026-05-12 13:12:16
2539,2026-06-04,09:30-16:30,ห้องประชุม 1 (ห้องใหญ่),-,,3,2026-06-04 09:26:41,หทัยกาญจน์ จันทร์เม่ง,กลุ่มงานพัสดุและอาคารสถานที่,สำนักงานเลขาธิการ,จองสำเร็จ,2026-06-04 09:26:41
2540,2026-06-04,13:00-16:30,Zoom Meeting Room 1,ประชุมเตรียมความพร้อมการลงนามความร่วมมือกับ DGA,พันตำรวจโทสิริพงษ์   ศรีตุลา,25,2026-06-03 11:38:30,ประภาพรรณ ธนูสนธิ์,กลุ่มบริหารความเสี่ยงและสกัดกั้นการทุจริตในภาครัฐ,กองป้องกันการทุจริตในภาครัฐ,จองสำเร็จ,2026-06-03 11:38:30
2541,2026-06-04,13:00-16:00,ห้องประชุม(ห้องเล็ก 31),ประชุมหารือ MOU ร่วมกับDGA,,6,2026-06-04 10:56:55,ใหม่ วงศ์สร้างทรัพย์,กลุ่มงานปราบปรามการทุจริตกระทรวงด้านเศรษฐกิจ,กองปราบปรามการทุจริตในภาครัฐ 2,จองสำเร็จ,2026-06-04 10:56:55
2542,2026-06-04,14:00-16:30,ห้องประชุม 2 (ห้องเล็ก),ประชุม กปท.1 ครั้งที่ 2/2569,นายสุภาพ ศิริ,15,2026-06-02 13:18:08,พิกุล โกสินทร์,ฝ่ายบริหารทั่วไปและคดี,กองปราบปรามการทุจริตในภาครัฐ 1,จองสำเร็จ,2026-06-02 13:18:08
2543,2026-06-05,08:00-17:00,ห้องไต่สวน1,ไต่สวนเรื่องที่ 0808/2569,-,1,2026-05-09 14:10:58,กาญจณา นาวิกนันทน์,กลุ่มงานปราบปรามการทุจริตกระทรวงด้านความมั่นคง 2,กองปราบปรามการทุจริตในภาครัฐ 1,จองสำเร็จ,2026-05-09 14:10:58
2544,2026-06-05,08:00-16:30,ห้องไต่สวน2,สอบพยาน,,3,2026-05-11 09:34:25,อนาวิล เกตพันธ์,กลุ่มงานปราบปรามการทุจริตในองค์กรปกครองส่วนท้องถิ่น 1,กองปราบปรามการทุจริตในภาครัฐ 4,จองสำเร็จ,2026-05-11 09:34:25
2545,2026-06-05,08:00-16:30,ห้องไต่สวน4,ไต่สวน,,5,2026-05-12 13:11:35,มะลิไล แก้วมาดีงาม,กลุ่มงานปราบปรามการทุจริตหน่วยงานไม่สังกัดกระทรวง ทบวง สำนักนายกรัฐมนตรี,กองปราบปรามการทุจริตในภาครัฐ 5,จองสำเร็จ,2026-05-12 13:11:35
2546,2026-06-05,08:00-12:00,ห้องประชุม(กยผ),ประชุมคณะกรรมการตรวจรับงานจ้างที่ปรึกษา CPI 2569 (ครั้งที่ 1),นางสาวกิตวิภา สุวรรณรัตน์,1,2026-06-04 09:14:52,สรพงษ์ กุ้ยบำรุง,กลุ่มความร่วมมือและพัฒนานวัตกรรมความโปร่งใสในภาครัฐ,กองการต่างประเทศ,จองสำเร็จ,2026-06-04 09:14:52
2547,2026-06-05,08:00-18:00,ห้องประชุม (กปท.4),ประชุม กพร.,,1,2026-05-14 10:27:22,วิทยา สีดา,กลุ่มพัฒนาระบบบริหาร,กลุ่มพัฒนาระบบบริหาร,จองสำเร็จ,2026-05-14 10:27:22
2548,2026-06-05,08:30-16:30,Zoom Meeting Room 1,ประชุมคณะทำงานพิจารณาการสมัครและคัดเลือกเครือข่ายต้นแบบในการป้องกันและเฝ้าระวังการทุจริต ประจำปีงบประมาณ พ.ศ. 2569,พ.ต.ท. ทนง เพิ่มพูล,20,2026-05-06 15:52:46,วชิรวิทย์ ทองฤกษ์,กลุ่มงานป้องกันการทุจริตในภาครัฐ,สำนักงานป้องกันและปราบปรามการทุจริตในภาครัฐ เขต 8,จองสำเร็จ,2026-06-09 09:02:56
2549,2026-06-05,08:30-17:30,ห้องไต่สวน3,ไต่สวน,,4,2026-05-25 14:00:03,ณัฏฐพล ศุรธีร์โกศล,กลุ่มงานปราบปรามการทุจริตหน่วยงานในสังกัดสำนักนายกรัฐมนตรี,กองปราบปรามการทุจริตในภาครัฐ 5,จองสำเร็จ,2026-05-25 14:00:03
2550,2026-06-05,08:30-16:30,ห้องประชุม 1 (ห้องใหญ่),จัดเตรียมเอกสารลงนาม ป.ป.ท. เขต4,,3,2026-06-04 09:25:30,หทัยกาญจน์ จันทร์เม่ง,กลุ่มงานพัสดุและอาคารสถานที่,สำนักงานเลขาธิการ,จองสำเร็จ,2026-06-04 09:37:28
2551,2026-06-05,08:30-12:00,Zoom Meeting Room 4,ประชุมคณะกรรมการตรวจรับงานจ้างที่ปรึกษา CPI 2569 (ครั้งที่ ๑),นางสาวกิตวิภา สุวรรณรัตน์,7,2026-06-04 09:17:50,สรพงษ์ กุ้ยบำรุง,กลุ่มความร่วมมือและพัฒนานวัตกรรมความโปร่งใสในภาครัฐ,กองการต่างประเทศ,จองสำเร็จ,2026-06-09 09:02:51
2552,2026-06-05,08:30-16:30,OneConferenceRoom 1,ประชุมคณะกรรมการ ป.ป.ท. ประจำเดือน มิถุนายน 2569 ครั้งที่ 41/2569,,20,2026-05-29 14:25:51,ลลิตตา พานิชผล,กลุ่มงานบริหารคดีและบริหารทั่วไป,กองบริหารคดี,จองสำเร็จ,2026-06-09 09:02:47
2553,2026-06-05,08:30-16:30,ห้องประชุมคณะกรรมการ,ประชุมคณะกรรมการ ป.ป.ท. ประจำเดือน มิถุนายน 2569 ครั้งที่ 41/2569,,20,2026-05-29 14:24:40,ลลิตตา พานิชผล,กลุ่มงานบริหารคดีและบริหารทั่วไป,กองบริหารคดี,จองสำเร็จ,2026-05-29 14:24:40
2554,2026-06-05,09:00-16:30,Zoom Meeting Room 2,ประชุมคณะทำงานพิจารณาสมัครและคัดเลือกเครือข่ายต้นแบบในการป้องกันและเฝ้าระวังการทุจริต,ผอ.ปปท.เขต7,7,2026-05-26 08:46:06,สุกัญญา รินสม,กลุ่มงานป้องกันการทุจริตในภาครัฐ,สำนักงานป้องกันและปราบปรามการทุจริตในภาครัฐ เขต 7,จองสำเร็จ,2026-06-09 09:02:33
2555,2026-06-05,09:00-16:00,Zoom Meeting Room 5,ประชุมหารือ PMQA,,18,2026-05-28 16:23:52,ปิยพัชร์ ชาญชัยพิบูลนนท์,ฝ่ายบริหารทั่วไป,กองป้องกันการทุจริตในภาครัฐ,จองสำเร็จ,2026-06-09 09:03:04
2556,2026-06-05,09:30-12:00,ห้องประชุม 2 (ห้องเล็ก),ประชุมร่วมกับหน่วยงานภายนอก,สิริพงษ์ ศรีตุลา,10,2026-05-29 17:27:39,บุศรากร เพชรศิริโกศล,กลุ่มงานปราบปรามการทุจริตกระทรวงด้านสังคม,กองปราบปรามการทุจริตในภาครัฐ 2,จองสำเร็จ,2026-05-29 17:27:39
2557,2026-06-05,09:30-12:00,ห้องประชุม(ห้องเล็ก 31),ประชุมบริหาร กปท.5 ครั้งที่ 1/2569,ผอ.กปท.5,25,2026-05-19 06:46:49,เสรี ไกรนารถ,ฝ่ายบริหารทั่วไปและคดี,กองปราบปรามการทุจริตในภาครัฐ 5,จองสำเร็จ,2026-05-19 06:46:49
2558,2026-06-05,09:30-11:30,Zoom Meeting Room 6,ประชุมตรวจรับ 1206 งวดที่ 3,,1,2026-06-05 08:48:29,ตรียภรณ์ กองอ้น,กลุ่มงานป้องกันการทุจริตในภาครัฐ,สำนักงานป้องกันและปราบปรามการทุจริตในภาครัฐ เขต 5,จองสำเร็จ,2026-06-09 09:03:09
2559,2026-06-05,10:00-14:00,Zoom Meeting Room 3,ประชุมคณะกรรมการพิจารณาคัดเลือกเครือข่ายต้นแบบ (ปปท. เขต 3),ผอ.ปปท. เขต 3,9,2026-06-02 14:47:27,สมจิตร ภู่ทอง,กลุ่มงานป้องกันการทุจริตในภาครัฐ,สำนักงานป้องกันและปราบปรามการทุจริตในภาครัฐ เขต 3,จองสำเร็จ,2026-06-09 09:03:42
2560,2026-06-05,12:00-16:00,ห้องประชุม 2 (ห้องเล็ก),ประชุมอนุไต่สวน,,7,2026-06-02 12:13:11,ประภัสรา นิลจันทึก,กลุ่มงานปราบปรามการทุจริตในองค์กรปกครองส่วนท้องถิ่น 2,กองปราบปรามการทุจริตในภาครัฐ 4,จองสำเร็จ,2026-06-02 12:13:11
2561,2026-06-05,12:00-16:00,ห้องประชุม(ห้องเล็ก 31),ประชุมหารือ PMQA,,18,2026-05-28 16:21:39,ปิยพัชร์ ชาญชัยพิบูลนนท์,ฝ่ายบริหารทั่วไป,กองป้องกันการทุจริตในภาครัฐ,จองสำเร็จ,2026-05-28 16:22:22
2562,2026-06-05,13:00-16:30,OneConferenceRoom 2,ประชุมไต่สวน,นายภาส ภาสสัทธา,3,2026-06-01 12:56:01,ณปภัช ศศิชาณฐมณ,กลุ่มงานปราบปรามการทุจริตในรัฐวิสาหกิจ 1,กองปราบปรามการทุจริตในภาครัฐ 3,จองสำเร็จ,2026-06-09 09:03:55
2563,2026-06-07,00:15-01:30,Zoom Meeting Room 1,ทดสอบการจอง,-,1,2026-06-06 20:32:27,มรุต อาภาอดุล,กลุ่มงานคอมพิวเตอร์และการสื่อสาร,ศูนย์เทคโนโลยีสารสนเทศและการสื่อสาร,จองสำเร็จ,2026-06-06 20:32:27
2564,2026-06-08,07:00-17:30,ห้องไต่สวน1,ไต่สวน,,2,2026-05-11 10:34:07,อภิรักษ์ คงคาเพชร,กลุ่มงานปราบปรามการทุจริตในองค์กรปกครองส่วนท้องถิ่น 2,กองปราบปรามการทุจริตในภาครัฐ 4,จองสำเร็จ,2026-05-11 10:34:07
2565,2026-06-08,08:00-17:00,ห้องประชุม 1 (ห้องใหญ่),"หลักสูตร ""วิชาชีพเจ้าหน้าที่ ป.ป.ท."" รุ่นที่ 11",,25,2026-04-24 16:04:46,ณัฏฐ์รินทร์ กรรณสูต,กลุ่มงานพัฒนาบุคลากร,สำนักงานเลขาธิการ,จองสำเร็จ,2026-04-24 16:04:46
2566,2026-06-08,08:00-18:00,ห้องประชุม (กปท.4),ประชุม กพร.,,1,2026-05-14 10:27:22,วิทยา สีดา,กลุ่มพัฒนาระบบบริหาร,กลุ่มพัฒนาระบบบริหาร,จองสำเร็จ,2026-05-14 10:27:22
2567,2026-06-08,08:30-16:30,ห้องไต่สวน3,ไต่สวน,,5,2026-05-27 21:25:51,วิชาญ พิเนตรเสถียร,กลุ่มงานปราบปรามการทุจริตหน่วยงานไม่สังกัดกระทรวง ทบวง สำนักนายกรัฐมนตรี,กองปราบปรามการทุจริตในภาครัฐ 5,จองสำเร็จ,2026-05-27 21:25:51
2568,2026-06-08,08:30-16:30,ห้องไต่สวน4,ไต่สวนเบื้องต้น,,2,2026-05-12 13:53:08,มะลิไล แก้วมาดีงาม,กลุ่มงานปราบปรามการทุจริตหน่วยงานไม่สังกัดกระทรวง ทบวง สำนักนายกรัฐมนตรี,กองปราบปรามการทุจริตในภาครัฐ 5,จองสำเร็จ,2026-05-12 13:53:08
2569,2026-06-08,08:30-16:30,Zoom Meeting Room 4,ประชุมคณะทำงานเครือข่าย PACC ประจำปีงบประมาณ 2569,ธรรมนูญ คงรัตน์,20,2026-06-08 06:34:25,วชิรวิทย์ ทองฤกษ์,กลุ่มงานป้องกันการทุจริตในภาครัฐ,สำนักงานป้องกันและปราบปรามการทุจริตในภาครัฐ เขต 8,จองสำเร็จ,2026-06-09 10:07:23
2570,2026-06-08,09:00-12:00,ห้องประชุม 2 (ห้องเล็ก),ประชุมติดตามผลการดำเนินงานโครงการและการใช้งบประมาณ,นายเอกชัย เกษมสุขธวัช,12,2026-06-05 14:46:53,กนกพร บุตรรักษ์,กลุ่มงานส่งเสริมธรรมาภิบาลในภาครัฐ,กองป้องกันการทุจริตในภาครัฐ,จองสำเร็จ,2026-06-05 14:46:53
2571,2026-06-08,09:00-16:30,ห้องไต่สวน2,สอบพยาน,,3,2026-05-28 12:48:50,ประภัสรา นิลจันทึก,กลุ่มงานปราบปรามการทุจริตในองค์กรปกครองส่วนท้องถิ่น 2,กองปราบปรามการทุจริตในภาครัฐ 4,จองสำเร็จ,2026-05-28 12:48:50
2572,2026-06-08,09:00-14:00,ห้องประชุม(ห้องเล็ก 31),สอบพยาน,,1,2026-06-05 11:29:03,นริศรา หรุ่นสูงเนิน,กลุ่มงานปราบปรามการทุจริตกระทรวงด้านสังคม,กองปราบปรามการทุจริตในภาครัฐ 2,จองสำเร็จ,2026-06-05 11:29:03
2573,2026-06-08,09:00-12:30,Zoom Meeting Room 3,เชิญประชุมอ่านผลงานฯ นสส.,,6,2026-06-05 10:10:36,ตติยา แก้วละเอียด,กลุ่มงานบริหารงานบุคคล,สำนักงานเลขาธิการ,จองสำเร็จ,2026-06-09 09:39:54
2574,2026-06-08,09:15-12:00,Zoom Meeting Room 9,ประชุมติดตามการดำเนินโครงการและการใช้จ่ายงบประมาณ กปก. และ เขตพื้นที่,,30,2026-06-05 11:33:07,สุริยะ พรหมแก้ว,ฝ่ายบริหารทั่วไป,กองป้องกันการทุจริตในภาครัฐ,จองสำเร็จ,2026-06-09 10:07:36
2575,2026-06-08,09:30-10:30,OneConferenceRoom 1,ประชุมคณะอนุกรรมการไต่สวนข้อเท็จจริง เรื่องที่ 123296/2560 ครั้งที่ 1-1/2569,พ.ต.ท.งามพล บุญลิ่มเต็ง,4,2026-06-04 11:47:12,วิชญะ จ้อนเมือง,กลุ่มงานปราบปรามการทุจริตในรัฐวิสาหกิจ 2,กองปราบปรามการทุจริตในภาครัฐ 3,จองสำเร็จ,2026-06-09 15:34:17
2576,2026-06-08,11:00-12:00,OneConferenceRoom 1,ประชุมคณะอนุกรรมการไต่สวนข้อเท็จจริง เรื่องที่ 0141/2568 ครั้งที่ 1-1/2569,พ.ต.ท.งามพล บุญลิ่มเต็ง,4,2026-06-04 11:49:48,วิชญะ จ้อนเมือง,กลุ่มงานปราบปรามการทุจริตในรัฐวิสาหกิจ 2,กองปราบปรามการทุจริตในภาครัฐ 3,จองสำเร็จ,2026-06-09 15:34:12
2577,2026-06-08,13:00-16:30,ห้องประชุม 2 (ห้องเล็ก),ประชุมคณะกรรมการพิจารณาข้อมูลข่าวสารของสำนักงาน ป.ป.ท.,รองเลขาธิการ,15,2026-05-28 09:23:19,จิรวดี จินดาพล,กลุ่มงานกฎหมาย,กองกฎหมาย,จองสำเร็จ,2026-05-28 09:23:19
2578,2026-06-08,13:30-16:30,Zoom Meeting Room 1,ประชุมคณะกรรมการพิจารณาข้อมูลข่าวสารของสำนักงาน ป.ป.ท.,รองเลขาธิการ,1,2026-05-28 09:24:29,จิรวดี จินดาพล,กลุ่มงานกฎหมาย,กองกฎหมาย,จองสำเร็จ,2026-06-09 10:07:56
2579,2026-06-08,13:30-16:30,Zoom Meeting Room 2,ประชุมคณะกรรมการพิจารณาคัดเลือกเครือข่ายต้นแบบ (ปปท. เขต 3),นางสาวมนัสนัันท์ จรัลจรูญพงษ์,9,2026-06-06 20:58:48,สมจิตร ภู่ทอง,กลุ่มงานป้องกันการทุจริตในภาครัฐ,สำนักงานป้องกันและปราบปรามการทุจริตในภาครัฐ เขต 3,จองสำเร็จ,2026-06-09 10:08:05
2580,2026-06-08,13:30-14:30,OneConferenceRoom 1,ประชุมคณะอนุกรรมการไต่สวนข้อเท็จจริง เรื่องที่ 1263/2568 ครั้งที่ 1-1/2569,พ.ต.ท.งามพล บุญลิ่มเต็ง,4,2026-06-04 11:52:55,วิชญะ จ้อนเมือง,กลุ่มงานปราบปรามการทุจริตในรัฐวิสาหกิจ 2,กองปราบปรามการทุจริตในภาครัฐ 3,จองสำเร็จ,2026-06-09 15:33:18
2581,2026-06-09,07:30-17:30,Zoom Meeting Room 1,ประชุมคณะทำงานเครือข่าย PACC ประจำปีงบประมาณ 2569,นายธรรมนูญ คงรัตน์,20,2026-06-04 10:30:34,วชิรวิทย์ ทองฤกษ์,กลุ่มงานป้องกันการทุจริตในภาครัฐ,สำนักงานป้องกันและปราบปรามการทุจริตในภาครัฐ เขต 8,จองสำเร็จ,2026-06-10 09:27:22
2582,2026-06-09,08:00-18:00,ห้องประชุม (กปท.4),ประชุม กพร.,,1,2026-05-14 10:27:22,วิทยา สีดา,กลุ่มพัฒนาระบบบริหาร,กลุ่มพัฒนาระบบบริหาร,จองสำเร็จ,2026-05-14 10:27:22
2583,2026-06-09,08:30-16:30,ห้องไต่สวน1,ไต่สวน,,3,2026-05-18 10:08:16,พูนทรัพย์ เตชะเกียรติสุจิตร,กลุ่มงานปราบปรามการทุจริตกระทรวงด้านความมั่นคง 1,กองปราบปรามการทุจริตในภาครัฐ 1,จองสำเร็จ,2026-05-18 10:08:16
2584,2026-06-09,08:30-16:30,ห้องไต่สวน4,สอบปากคำผู้ร้อง,,3,2026-05-18 09:37:21,กฤษฏ์ ธวัชชัยวิสุทธิ์,กลุ่มงานปราบปรามการทุจริตหน่วยงานไม่สังกัดกระทรวง ทบวง สำนักนายกรัฐมนตรี,กองปราบปรามการทุจริตในภาครัฐ 5,จองสำเร็จ,2026-05-18 09:37:21
2585,2026-06-09,08:30-16:30,OneConferenceRoom 1,ประชุมคณะกรรมการ ป.ป.ท. ประจำเดือน มิถุนายน 2569 ครั้งที่ 42/2569,,20,2026-05-29 14:28:22,ลลิตตา พานิชผล,กลุ่มงานบริหารคดีและบริหารทั่วไป,กองบริหารคดี,จองสำเร็จ,2026-06-10 09:43:15
2586,2026-06-09,08:30-12:00,ห้องประชุมคณะกรรมการ,ประชุมคณะกรรมการ ป.ป.ท. ประจำเดือน มิถุนายน 2569 ครั้งที่ 42/2569,,20,2026-05-29 14:27:31,ลลิตตา พานิชผล,กลุ่มงานบริหารคดีและบริหารทั่วไป,กองบริหารคดี,จองสำเร็จ,2026-05-29 14:27:31
2587,2026-06-09,09:00-16:30,ห้องไต่สวน2,สอบผู้ร้อง,,3,2026-05-21 09:10:42,สหราช เกษอินทร์,กลุ่มงานปราบปรามการทุจริตในองค์กรปกครองส่วนท้องถิ่น 1,กองปราบปรามการทุจริตในภาครัฐ 4,จองสำเร็จ,2026-05-21 09:10:42
2588,2026-06-09,09:00-13:00,ห้องไต่สวน3,ประชุมไต่สวน,,5,2026-05-26 15:41:28,ชัยนาท น้อยสอน,กลุ่มงานปราบปรามการทุจริตหน่วยงานในสังกัดสำนักนายกรัฐมนตรี,กองปราบปรามการทุจริตในภาครัฐ 5,จองสำเร็จ,2026-05-26 15:41:28
2589,2026-06-09,09:00-12:00,ห้องประชุม(ห้องเล็ก 31),ประชุมกับ vender  ecmis การทำงานของระบบความเสี่ยงการทุจริต ระบบ CRA และ CRAMP,,1,2026-06-08 12:49:51,ใหม่ วงศ์สร้างทรัพย์,กลุ่มงานปราบปรามการทุจริตกระทรวงด้านเศรษฐกิจ,กองปราบปรามการทุจริตในภาครัฐ 2,จองสำเร็จ,2026-06-08 12:49:51
2590,2026-06-09,09:30-10:30,OneConferenceRoom 3,ประชุมคณะอนุกรรมการไต่สวนข้อเท็จจริง เรื่องที่ 0460/2567 ครั้งที่ 1-1/2569,พ.ต.ท.งามพล บุญลิ่มเต็ง,4,2026-06-04 11:56:23,วิชญะ จ้อนเมือง,กลุ่มงานปราบปรามการทุจริตในรัฐวิสาหกิจ 2,กองปราบปรามการทุจริตในภาครัฐ 3,จองสำเร็จ,2026-06-10 13:32:54
2591,2026-06-09,11:00-12:00,OneConferenceRoom 3,ประชุมคณะอนุกรรมการไต่สวนข้อเท็จจริง เรื่องที่ 0398/2564 ครั้งที่ 1-1/2569,พ.ต.ท.งามพล บุญลิ่มเต็ง,4,2026-06-04 11:58:00,วิชญะ จ้อนเมือง,กลุ่มงานปราบปรามการทุจริตในรัฐวิสาหกิจ 2,กองปราบปรามการทุจริตในภาครัฐ 3,จองสำเร็จ,2026-06-10 13:32:59
2592,2026-06-09,13:00-16:30,ห้องประชุม 2 (ห้องเล็ก),ประชุมคระกรรมการควบคุมงานก่อสร้างอาคารสำนักงาน ป.ป.ท. (ส่วนกลาง),,9,2026-06-04 11:26:05,จารุณี ชูสุวรรณ์,กลุ่มงานคลัง,สำนักงานเลขาธิการ,จองสำเร็จ,2026-06-04 11:26:05
2593,2026-06-09,13:00-16:30,ห้องประชุม(ห้องเล็ก 31),ประชุมคดี,,1,2026-06-04 14:42:58,ดวงใจ เชยชม,กลุ่มงานปราบปรามการทุจริตในองค์กรปกครองส่วนท้องถิ่น 1,กองปราบปรามการทุจริตในภาครัฐ 4,จองสำเร็จ,2026-06-04 14:42:58
2594,2026-06-09,13:00-16:30,Zoom Meeting Room 2,ประชุมคระกรรมการควบคุมงานก่อสร้างอาคารสำนักงาน ป.ป.ท. (ส่วนกลาง),,9,2026-06-04 11:26:05,จารุณี ชูสุวรรณ์,กลุ่มงานคลัง,สำนักงานเลขาธิการ,จองสำเร็จ,2026-06-19 14:03:50
2595,2026-06-09,13:15-17:30,ห้องไต่สวน3,สอบผู้ร้อง,,3,2026-05-28 09:46:35,ชัยนาท น้อยสอน,กลุ่มงานปราบปรามการทุจริตหน่วยงานในสังกัดสำนักนายกรัฐมนตรี,กองปราบปรามการทุจริตในภาครัฐ 5,จองสำเร็จ,2026-05-28 09:46:35
2596,2026-06-09,13:30-14:30,OneConferenceRoom 3,ประชุมคณะอนุกรรมการไต่สวนข้อเท็จจริง เรื่องที่ 121054/2560 ครั้งที่ 1-1/2569,พ.ต.ท.งามพล บุญลิ่มเต็ง,4,2026-06-04 12:00:03,วิชญะ จ้อนเมือง,กลุ่มงานปราบปรามการทุจริตในรัฐวิสาหกิจ 2,กองปราบปรามการทุจริตในภาครัฐ 3,จองสำเร็จ,2026-06-10 13:33:09
2597,2026-06-10,08:00-18:00,ห้องไต่สวน1,ไต่สวนข้อเท็จจริง,,1,2026-05-14 16:34:18,อภิรักษ์ คงคาเพชร,กลุ่มงานปราบปรามการทุจริตในองค์กรปกครองส่วนท้องถิ่น 2,กองปราบปรามการทุจริตในภาครัฐ 4,จองสำเร็จ,2026-05-14 16:34:18
2598,2026-06-10,08:00-17:00,ห้องไต่สวน2,แจ้งข้อกล่าวหา,,5,2026-05-26 10:38:02,เชษฐินันท์ นนทแก้ว,กลุ่มงานปราบปรามการทุจริตกระทรวงด้านความมั่นคง 2,กองปราบปรามการทุจริตในภาครัฐ 1,จองสำเร็จ,2026-05-26 10:38:02
2599,2026-06-10,08:00-17:00,ห้องไต่สวน3,นัดพยานสอบข้อเท็จจริง,,4,2026-06-09 12:39:42,จิระเดช สอนเต็ม,กลุ่มงานปราบปรามการทุจริตในองค์กรปกครองส่วนท้องถิ่น 1,กองปราบปรามการทุจริตในภาครัฐ 4,จองสำเร็จ,2026-06-09 12:39:42
2600,2026-06-10,08:00-17:00,ห้องประชุม(ห้องเล็ก 31),แจ้งข้อกล่าวหา,,4,2026-06-05 12:31:52,วรินยุพา นำนาผล,กลุ่มงานปราบปรามการทุจริตในองค์กรปกครองส่วนท้องถิ่น 1,กองปราบปรามการทุจริตในภาครัฐ 4,จองสำเร็จ,2026-06-05 12:31:52
2601,2026-06-10,08:00-18:00,ห้องประชุม (กปท.4),ประชุม กพร.,,1,2026-05-14 10:27:22,วิทยา สีดา,กลุ่มพัฒนาระบบบริหาร,กลุ่มพัฒนาระบบบริหาร,จองสำเร็จ,2026-05-14 10:27:22
2602,2026-06-10,08:00-18:00,Zoom Meeting Room 8,ประชุมคณะทำงานการสมัครและคัดเลือกเครือข่ายต้นแบบฯ,นายธรรมนูญ คงรัตน์ ผอ.กลุ่มงานป้องกันฯ สำนักงาน ปปท. เขต 8,10,2026-06-09 14:55:05,อมรรัตน์ สองแก้ว,กลุ่มงานป้องกันการทุจริตในภาครัฐ,สำนักงานป้องกันและปราบปรามการทุจริตในภาครัฐ เขต 8,จองสำเร็จ,2026-06-09 14:55:05
2603,2026-06-10,08:30-16:30,ห้องไต่สวน4,สอบปากคำผู้กล่าวหา พยาน,ไต่สวนเบื้องต้น,4,2026-05-25 08:53:10,ตระกูล บุญทัน,กลุ่มงานปราบปรามการทุจริตหน่วยงานในสังกัดสำนักนายกรัฐมนตรี,กองปราบปรามการทุจริตในภาครัฐ 5,จองสำเร็จ,2026-05-25 08:53:10
2604,2026-06-10,08:30-12:00,OneConferenceRoom 1,ประชุมคณะกรรมการ ป.ป.ท. ประจำเดือน มิถุนายน 2569 ครั้งที่ 43/2569,,20,2026-05-29 14:29:50,ลลิตตา พานิชผล,กลุ่มงานบริหารคดีและบริหารทั่วไป,กองบริหารคดี,จองสำเร็จ,2026-06-10 15:56:25
2605,2026-06-10,08:30-16:30,ห้องประชุมคณะกรรมการ,ประชุมคณะกรรมการ ป.ป.ท. ประจำเดือน มิถุนายน 2569 ครั้งที่ 43/2569,,20,2026-05-29 14:29:07,ลลิตตา พานิชผล,กลุ่มงานบริหารคดีและบริหารทั่วไป,กองบริหารคดี,จองสำเร็จ,2026-05-29 14:29:07
2606,2026-06-10,09:00-15:00,ห้องประชุม 1 (ห้องใหญ่),หารือโครงการ E-Cmis,-,20,2026-06-08 09:02:20,มรุต อาภาอดุล,กลุ่มงานคอมพิวเตอร์และการสื่อสาร,ศูนย์เทคโนโลยีสารสนเทศและการสื่อสาร,จองสำเร็จ,2026-06-08 09:02:20
2607,2026-06-10,10:00-12:00,OneConferenceRoom 2,ไต่สวน สสอ.วังน้ำเขียว และ สสอ.ชุมพวง,-,6,2026-06-09 13:15:00,พงษ์พันธ์ ติ๊บธง,กลุ่มงานปราบปรามการทุจริตกระทรวงด้านเศรษฐกิจ,กองปราบปรามการทุจริตในภาครัฐ 2,จองสำเร็จ,2026-06-10 15:56:30
2608,2026-06-10,10:30-12:00,Zoom Meeting Room 1,ประชุมคณะกรรมการพิจารณาคัดเลือกเครือข่ายต้นแบบ (ปปท. เขต 3),นางสาวสมจิตร ภู่ทอง,3,2026-06-09 13:30:30,สมจิตร ภู่ทอง,กลุ่มงานป้องกันการทุจริตในภาครัฐ,สำนักงานป้องกันและปราบปรามการทุจริตในภาครัฐ เขต 3,จองสำเร็จ,2026-06-10 13:33:39
2609,2026-06-10,15:30-16:30,ห้องประชุม 2 (ห้องเล็ก),ประชุมกองการต่างประเทศ,นายอริยวัตถ์ เที่ยงธรรมโม,15,2026-06-08 11:37:24,ภูธนิตย์ สุขจิตร์,ฝ่ายบริหารทั่วไป,กองการต่างประเทศ,จองสำเร็จ,2026-06-08 11:37:24
2610,2026-06-11,08:00-12:00,ห้องไต่สวน2,ประชุมอนุไต่สวน,พ.ต.ท.ทนง เพิ่มพูล,5,2026-05-26 16:36:40,ประภัสรา นิลจันทึก,กลุ่มงานปราบปรามการทุจริตในองค์กรปกครองส่วนท้องถิ่น 2,กองปราบปรามการทุจริตในภาครัฐ 4,จองสำเร็จ,2026-05-26 16:36:40
2611,2026-06-11,08:00-18:00,ห้องประชุม (กปท.4),ประชุม กพร.,,1,2026-05-14 10:27:22,วิทยา สีดา,กลุ่มพัฒนาระบบบริหาร,กลุ่มพัฒนาระบบบริหาร,จองสำเร็จ,2026-05-14 10:27:22
2612,2026-06-11,08:30-12:00,Zoom Meeting Room 1,ประชุมคณะกรรมการตรวจรับงานจ้างที่ปรึกษา CPI (ครั้งที่ ๒),นางสาวกิตวิภา สุวรรณรัตน์,7,2026-06-05 17:04:19,สรพงษ์ กุ้ยบำรุง,กลุ่มความร่วมมือและพัฒนานวัตกรรมความโปร่งใสในภาครัฐ,กองการต่างประเทศ,จองสำเร็จ,2026-06-05 17:04:19
2613,2026-06-11,08:30-12:00,ห้องประชุม 2 (ห้องเล็ก),ประชุมคณะกรรมการตรวจรับงานจ้างที่ปรึกษา CPI 2569 (ครั้งที่ 2),นางสาวกิตวิภา  สุวรรณรัตน์,7,2026-06-05 17:06:43,สรพงษ์ กุ้ยบำรุง,กลุ่มความร่วมมือและพัฒนานวัตกรรมความโปร่งใสในภาครัฐ,กองการต่างประเทศ,จองสำเร็จ,2026-06-05 17:06:43
2614,2026-06-11,08:30-16:30,ห้องไต่สวน3,ไต่สวน,,3,2026-05-29 12:12:39,ณัฏฐพล ศุรธีร์โกศล,กลุ่มงานปราบปรามการทุจริตหน่วยงานในสังกัดสำนักนายกรัฐมนตรี,กองปราบปรามการทุจริตในภาครัฐ 5,จองสำเร็จ,2026-05-29 12:12:39
2615,2026-06-11,08:30-16:30,ห้องไต่สวน4,ไต่สวนเบื้องต้น,,3,2026-05-28 12:48:26,พรรณนิภา อารยะทรงศักดิ์,กลุ่มงานปราบปรามการทุจริตหน่วยงานไม่สังกัดกระทรวง ทบวง สำนักนายกรัฐมนตรี,กองปราบปรามการทุจริตในภาครัฐ 5,จองสำเร็จ,2026-05-28 12:48:26
2616,2026-06-11,09:00-12:00,ห้องประชุม 1 (ห้องใหญ่),ประชุมหารือ MOU,,20,2026-06-09 16:58:37,ปิยพัชร์ ชาญชัยพิบูลนนท์,ฝ่ายบริหารทั่วไป,กองป้องกันการทุจริตในภาครัฐ,จองสำเร็จ,2026-06-09 16:58:37
2617,2026-06-11,09:00-16:30,ห้องประชุม(ห้องเล็ก 31),ไต่สวนชี้มูล,,3,2026-06-08 11:14:52,มะลิไล แก้วมาดีงาม,กลุ่มงานปราบปรามการทุจริตหน่วยงานไม่สังกัดกระทรวง ทบวง สำนักนายกรัฐมนตรี,กองปราบปรามการทุจริตในภาครัฐ 5,จองสำเร็จ,2026-06-08 11:14:52
2618,2026-06-11,09:00-16:00,Zoom Meeting Room 2,ประชุมคณะทำงานพิจารณาการสมัครและคัดเลือกเครือข่ายต้นแบบฯ ครั้งที่ 2/2569,,10,2026-06-08 16:08:33,ณัฐชานันท์ เสถียร,กลุ่มงานป้องกันการทุจริตในภาครัฐ,สำนักงานป้องกันและปราบปรามการทุจริตในภาครัฐ เขต 5,จองสำเร็จ,2026-06-08 16:08:33
2619,2026-06-11,09:30-16:00,ห้องไต่สวน1,สอบปากคำผู้ร้อง,,3,2026-05-15 10:08:12,เริงจิตร ฉิมพินิจ,กลุ่มงานปราบปรามการทุจริตกระทรวงด้านความมั่นคง 1,กองปราบปรามการทุจริตในภาครัฐ 1,จองสำเร็จ,2026-05-15 10:08:12
2620,2026-06-11,10:00-11:30,OneConferenceRoom 1,0356/2566,นายสุภาพ  ศิริ,1,2026-06-09 12:15:55,กมลทิพย์ โล่ห์เลขา,กลุ่มงานปราบปรามการทุจริตในภาครัฐ 2,สำนักงานป้องกันและปราบปรามการทุจริตในภาครัฐ เขต 6,จองสำเร็จ,2026-06-09 12:15:55
2621,2026-06-11,12:15-16:30,ห้องไต่สวน2,ไต่สวนข้อเท็จจริง,,1,2026-06-09 15:23:47,อภิรักษ์ คงคาเพชร,กลุ่มงานปราบปรามการทุจริตในองค์กรปกครองส่วนท้องถิ่น 2,กองปราบปรามการทุจริตในภาครัฐ 4,จองสำเร็จ,2026-06-09 15:23:47
2622,2026-06-11,13:00-18:30,ห้องประชุม 1 (ห้องใหญ่),กำหนดขนาดคดี,,20,2026-06-10 11:56:54,อธิวัฒน์ ธัมมารัตน์นนท์,กลุ่มงานบริหารงานบุคคล,สำนักงานเลขาธิการ,จองสำเร็จ,2026-06-10 11:56:54
2623,2026-06-11,13:00-17:30,Zoom Meeting Room 9,กำหนดขนาดคดี,,20,2026-06-10 11:57:47,อธิวัฒน์ ธัมมารัตน์นนท์,กลุ่มงานบริหารงานบุคคล,สำนักงานเลขาธิการ,จองสำเร็จ,2026-06-10 12:05:23
2624,2026-06-12,08:00-17:00,ห้องประชุม(ห้องเล็ก 31),ประชุมชี้แจงเครือข่ายที่สมัคร,,3,2026-06-08 09:21:21,ญาณัชชา นนทจันทร์,กลุ่มงานเครือข่ายภาคประชาสังคมป้องกันการทุจริต,กองป้องกันการทุจริตในภาครัฐ,จองสำเร็จ,2026-06-08 09:21:21
2625,2026-06-12,08:00-18:00,ห้องประชุม (กปท.4),ประชุม กพร.,,1,2026-05-14 10:27:22,วิทยา สีดา,กลุ่มพัฒนาระบบบริหาร,กลุ่มพัฒนาระบบบริหาร,จองสำเร็จ,2026-05-14 10:27:22
2626,2026-06-12,08:15-16:30,Zoom Meeting Room 8,ประชุมวัตชี้วัดคัดเลือกเครือข่ายฯ,,18,2026-06-08 10:51:49,สุริยะ พรหมแก้ว,ฝ่ายบริหารทั่วไป,กองป้องกันการทุจริตในภาครัฐ,จองสำเร็จ,2026-06-08 10:51:49
2627,2026-06-12,08:30-16:30,Zoom Meeting Room 1,ประชุมคณะกรรมการตรวจรับ โครงการ E-CMIS,,30,2026-05-28 13:25:07,ลลิตตา พานิชผล,กลุ่มงานบริหารคดีและบริหารทั่วไป,กองบริหารคดี,จองสำเร็จ,2026-06-08 14:23:57
2628,2026-06-12,08:30-17:00,Zoom Meeting Room 2,เขต 9 ประชุมคณะทำงาน Pacc ครั้งที่ 2/2569,นายสุภาพ ศิริ,5,2026-06-05 15:18:56,วิยะรัตน์ ไชยวรรณ,กลุ่มงานป้องกันการทุจริตในภาครัฐ,สำนักงานป้องกันและปราบปรามการทุจริตในภาครัฐ เขต 9,จองสำเร็จ,2026-06-05 15:18:56
2629,2026-06-12,08:30-12:00,Zoom Meeting Room 3,ประชุมติดตามสำนวนคดี,,20,2026-06-08 14:26:25,ลลิตตา พานิชผล,กลุ่มงานบริหารคดีและบริหารทั่วไป,กองบริหารคดี,จองสำเร็จ,2026-06-08 14:26:25
2630,2026-06-12,09:00-14:00,ห้องไต่สวน4,ไต่สวน,,3,2026-06-08 13:49:51,มะลิไล แก้วมาดีงาม,กลุ่มงานปราบปรามการทุจริตหน่วยงานไม่สังกัดกระทรวง ทบวง สำนักนายกรัฐมนตรี,กองปราบปรามการทุจริตในภาครัฐ 5,จองสำเร็จ,2026-06-08 13:49:51
2631,2026-06-12,09:00-16:30,ห้องประชุม 1 (ห้องใหญ่),ประชุมคณะกรรมการตรวจรับโครงการ E-CMIS,,30,2026-05-28 13:23:52,ลลิตตา พานิชผล,กลุ่มงานบริหารคดีและบริหารทั่วไป,กองบริหารคดี,จองสำเร็จ,2026-06-08 14:22:09
2632,2026-06-12,09:30-15:30,ห้องประชุม 2 (ห้องเล็ก),ประชุมคณะอนุกรรมการกลั่นกรองฯ คณะที่ 1,พลโท นพพร โควหกุล,9,2026-05-25 11:44:37,ปิยะนุช ชูเมือง,กลุ่มงานคำวินิจฉัยและมติคณะกรรมการ,กองบริหารคดี,จองสำเร็จ,2026-05-25 11:44:37
2633,2026-06-12,09:30-15:30,OneConferenceRoom 1,ประชุมคณะอนุกรรมการกลั่นกรองฯ คณะที่ 1,พลโท นพพร โควหกุล,9,2026-05-25 11:49:02,ปิยะนุช ชูเมือง,กลุ่มงานคำวินิจฉัยและมติคณะกรรมการ,กองบริหารคดี,จองสำเร็จ,2026-05-25 11:49:02
2634,2026-06-12,10:00-12:30,OneConferenceRoom 2,ประชุมไต่สวนข้อเท็จจริง เรื่องที่ 0277/2566 เรื่องที่ 0278/2566 เรื่องที่ 0279/2566,พลตำรวจตรี สมควร พึ่งทรัพย์,5,2026-06-06 12:10:29,ประวิทย์ ภัทรสัตยากร,กลุ่มงานปราบปรามการทุจริตกระทรวงด้านสังคม,กองปราบปรามการทุจริตในภาครัฐ 2,จองสำเร็จ,2026-06-06 13:13:13
2635,2026-06-15,08:00-13:00,ห้องไต่สวน1,สอบผู้ร้อง,,1,2026-06-05 11:01:25,ศรัทธา ศรมณี,กลุ่มงานปราบปรามการทุจริตหน่วยงานไม่สังกัดกระทรวง ทบวง สำนักนายกรัฐมนตรี,กองปราบปรามการทุจริตในภาครัฐ 5,จองสำเร็จ,2026-06-05 11:01:25
2636,2026-06-15,08:00-17:00,ห้องไต่สวน3,สอบถ้อยคำผู้ร้องเรียน,,5,2026-06-09 08:44:26,เพชรรพี จรัสเจษฎา,กลุ่มงานปราบปรามการทุจริตหน่วยงานในสังกัดสำนักนายกรัฐมนตรี,กองปราบปรามการทุจริตในภาครัฐ 5,จองสำเร็จ,2026-06-09 08:44:26
2637,2026-06-15,08:00-12:00,ห้องประชุม 1 (ห้องใหญ่),ประชุมการตอบแบบสอบถาม PGC ของ OECD,,7,2026-06-08 09:22:55,ภูธนิตย์ สุขจิตร์,ฝ่ายบริหารทั่วไป,กองการต่างประเทศ,จองสำเร็จ,2026-06-08 09:22:55
2638,2026-06-15,08:00-18:00,ห้องประชุม (กปท.4),ประชุม กพร.,,1,2026-05-14 10:27:22,วิทยา สีดา,กลุ่มพัฒนาระบบบริหาร,กลุ่มพัฒนาระบบบริหาร,จองสำเร็จ,2026-05-14 10:27:22
2639,2026-06-15,08:00-10:00,OneConferenceRoom 2,ประชุมคณะอนุกรรมการไต่สวน ข้อเท็จจริง,ร้อยตำรวจเอก อัศวิน  เบญจโอฬาร,2,2026-06-10 16:41:04,สมภพ แพงมะจริน,กลุ่มงานปราบปรามการทุจริตในภาครัฐ 3,สำนักงานป้องกันและปราบปรามการทุจริตในภาครัฐ เขต 6,จองสำเร็จ,2026-06-10 16:59:17
2640,2026-06-15,08:30-16:30,ห้องไต่สวน4,ไต่สวนเบื้องต้น,,3,2026-05-28 13:00:40,พรรณนิภา อารยะทรงศักดิ์,กลุ่มงานปราบปรามการทุจริตหน่วยงานไม่สังกัดกระทรวง ทบวง สำนักนายกรัฐมนตรี,กองปราบปรามการทุจริตในภาครัฐ 5,จองสำเร็จ,2026-05-28 13:00:40
2641,2026-06-15,08:30-15:30,Zoom Meeting Room 7,ประชุมคณะทำงานพิจารณาคัดเลือกเครือข่ายต้นแบบในการป้องกันและเฝ้าระวังการทุจริต ครั้งที่ ๒/๒๕๖๙,นายยงค์ยุทธ บวรธนเรืองกุล,10,2026-06-12 16:46:28,ธันย์นภัทร ศรีนันทา,กลุ่มงานป้องกันการทุจริตในภาครัฐ,สำนักงานป้องกันและปราบปรามการทุจริตในภาครัฐ เขต 4,จองสำเร็จ,2026-06-14 11:40:18
2642,2026-06-15,09:00-16:00,Zoom Meeting Room 1,ประชุมคณะทำงานพิจารณาสมัครและคัดเลือกเครือข่ายต้นแบบในการป้องกันและเฝ้าระวังการทุจริต,ผอ.ปปท.เขต 7,5,2026-06-09 08:41:20,สุกัญญา รินสม,กลุ่มงานป้องกันการทุจริตในภาครัฐ,สำนักงานป้องกันและปราบปรามการทุจริตในภาครัฐ เขต 7,จองสำเร็จ,2026-06-09 08:41:20
2643,2026-06-15,09:00-16:30,ห้องประชุม 2 (ห้องเล็ก),การประชุมคณะอนุกรรมการกลั่นกรองฯ คณะที่ 4,พลโท กิตติยุทธ  กิตติยุทธโยธิน,9,2026-05-15 16:10:55,ณัฐฐพิชา นาวินธรรม,กลุ่มงานคำวินิจฉัยและมติคณะกรรมการ,กองบริหารคดี,จองสำเร็จ,2026-05-15 16:10:55
2644,2026-06-15,09:00-17:00,ห้องไต่สวน2,ประชุมคดีไต่สวน,นายฌานปกรณ์ ขัติวงศ์พศวัฒน์,3,2026-06-05 16:59:36,พิกุล โกสินทร์,ฝ่ายบริหารทั่วไปและคดี,กองปราบปรามการทุจริตในภาครัฐ 1,จองสำเร็จ,2026-06-05 16:59:36
2645,2026-06-15,09:00-16:30,OneConferenceRoom 1,การประชุมคณะอนุกรรมการกลั่นกรองฯ คณะที่ 4,พลโท กิตติยุทธ  กิตติยุทธโยธิน,9,2026-05-15 16:10:55,ณัฐฐพิชา นาวินธรรม,กลุ่มงานคำวินิจฉัยและมติคณะกรรมการ,กองบริหารคดี,จองสำเร็จ,2026-05-15 16:10:55
2646,2026-06-15,12:00-16:00,Zoom Meeting Room 8,ประชุมคณะทำงานพิจารณาการสมัครและคัดเลือกเครือข่ายต้นแบบฯ,นายอภินันท์ จันทรังษี ที่ปรึกษา สปท. ป.ป.ท.,10,2026-06-11 13:43:50,อมรรัตน์ สองแก้ว,กลุ่มงานป้องกันการทุจริตในภาครัฐ,สำนักงานป้องกันและปราบปรามการทุจริตในภาครัฐ เขต 8,จองสำเร็จ,2026-06-15 12:28:33
2647,2026-06-15,13:00-16:30,ห้องประชุม 1 (ห้องใหญ่),ประชุมงานก่อสร้างเเละควบคุมงานก่อสร้าง,,50,2026-06-04 11:21:42,หทัยกาญจน์ จันทร์เม่ง,กลุ่มงานพัสดุและอาคารสถานที่,สำนักงานเลขาธิการ,จองสำเร็จ,2026-06-05 14:52:06
2648,2026-06-15,13:00-16:30,ห้องประชุม(ห้องเล็ก 31),ประชุม focus group ร่วมกับ อบจ. นำร่อง เพื่อทดสอบการใช้งาน template ข้อมูลเปิด,,7,2026-05-19 13:44:11,แพรววนิต เวียงมูล,กลุ่มความร่วมมือและพัฒนานวัตกรรมความโปร่งใสในภาครัฐ,กองการต่างประเทศ,จองสำเร็จ,2026-05-19 13:44:11
2649,2026-06-15,13:00-16:30,Zoom Meeting Room 3,ประชุมงานก่อสร้างเเละควบคุมงานก่อสร้าง,,50,2026-06-04 11:27:41,หทัยกาญจน์ จันทร์เม่ง,กลุ่มงานพัสดุและอาคารสถานที่,สำนักงานเลขาธิการ,จองสำเร็จ,2026-06-04 11:27:41
2650,2026-06-16,08:00-13:00,Zoom Meeting Room 1,ประชุมคณะทำงานคัดเลือกเครือข่ายต้นแบบ ครั้งที่ 2,,10,2026-06-15 11:19:15,ลภัสรดา พรมศรี,กลุ่มงานป้องกันการทุจริตในภาครัฐ,สำนักงานป้องกันและปราบปรามการทุจริตในภาครัฐ เขต 1,จองสำเร็จ,2026-06-15 15:20:59
2651,2026-06-16,08:00-17:00,ห้องไต่สวน1,บันทึกคำให้การพยาน,,4,2026-06-05 12:25:24,วรินยุพา นำนาผล,กลุ่มงานปราบปรามการทุจริตในองค์กรปกครองส่วนท้องถิ่น 1,กองปราบปรามการทุจริตในภาครัฐ 4,จองสำเร็จ,2026-06-05 12:25:24
2652,2026-06-16,08:00-17:00,ห้องไต่สวน4,ไต่สวน สอบปากคำพยาน,,1,2026-05-26 10:45:42,รัตติกาล ณ ราช,กลุ่มงานปราบปรามการทุจริตหน่วยงานในสังกัดสำนักนายกรัฐมนตรี,กองปราบปรามการทุจริตในภาครัฐ 5,จองสำเร็จ,2026-05-26 10:45:42
2653,2026-06-16,08:00-18:00,ห้องประชุม (กปท.4),ประชุม กพร.,,1,2026-05-14 10:27:22,วิทยา สีดา,กลุ่มพัฒนาระบบบริหาร,กลุ่มพัฒนาระบบบริหาร,จองสำเร็จ,2026-05-14 10:27:22
2654,2026-06-16,08:00-17:00,Zoom Meeting Room 8,ประชุมคณะทำงานพิจารณาและคัดเลือกเครือข่ายต้นแบบฯ ครั้งที่ 2/2569,นายอภินันท์ จันทรังสี ตำแหน่งที่ปรึกษา สปท. ป.ป.ท.,10,2026-05-26 09:06:10,อมรรัตน์ สองแก้ว,กลุ่มงานป้องกันการทุจริตในภาครัฐ,สำนักงานป้องกันและปราบปรามการทุจริตในภาครัฐ เขต 8,จองสำเร็จ,2026-06-04 15:59:20
2655,2026-06-16,08:30-16:30,ห้องไต่สวน2,ไต่สวนข้อเท็จจริง,,1,2026-06-09 12:51:19,อภิรักษ์ คงคาเพชร,กลุ่มงานปราบปรามการทุจริตในองค์กรปกครองส่วนท้องถิ่น 2,กองปราบปรามการทุจริตในภาครัฐ 4,จองสำเร็จ,2026-06-09 12:51:19
2656,2026-06-16,08:30-12:00,OneConferenceRoom 1,ประชุมคณะกรรมการ ป.ป.ท. ประจำเดือน มิถุนายน 2569 ครั้งที่ 44/2569,,20,2026-05-29 14:33:34,ลลิตตา พานิชผล,กลุ่มงานบริหารคดีและบริหารทั่วไป,กองบริหารคดี,จองสำเร็จ,2026-05-29 14:33:34
2657,2026-06-16,08:30-12:00,ห้องประชุมคณะกรรมการ,ประชุมคณะกรรมการ ป.ป.ท. ประจำเดือน มิถุนายน 2569 ครั้งที่ 44/2569,,20,2026-05-29 14:30:53,ลลิตตา พานิชผล,กลุ่มงานบริหารคดีและบริหารทั่วไป,กองบริหารคดี,จองสำเร็จ,2026-05-29 14:32:49
2658,2026-06-16,09:00-16:30,ห้องประชุม(ห้องเล็ก 31),ประชุม กปก.,,21,2026-06-09 10:08:35,สุริยะ พรหมแก้ว,ฝ่ายบริหารทั่วไป,กองป้องกันการทุจริตในภาครัฐ,จองสำเร็จ,2026-06-09 10:08:35
2659,2026-06-16,09:30-16:00,ห้องไต่สวน3,สอบพยาน,,1,2026-06-16 09:17:32,อนาวิล เกตพันธ์,กลุ่มงานปราบปรามการทุจริตในองค์กรปกครองส่วนท้องถิ่น 1,กองปราบปรามการทุจริตในภาครัฐ 4,จองสำเร็จ,2026-06-16 09:17:32
2660,2026-06-16,10:00-12:00,Zoom Meeting Room 2,ประชุมเร่งรัด กำกับติดตามผลการดำเนินงานด้านคดี,,26,2026-06-12 16:36:20,แก้วกาญจน์ ป้อมอุ่นเรือน,กลุ่มงานบริหารคดีและบริหารทั่วไป,สำนักงานป้องกันและปราบปรามการทุจริตในภาครัฐ เขต 3,จองสำเร็จ,2026-06-15 15:23:53
2661,2026-06-16,10:00-12:00,Zoom Meeting Room 3,บรรยาย มรภ.นม.,,1,2026-06-15 15:00:54,ปิยนุช จันทน์สุคนธ์,กลุ่มงานวิชาการและพัฒนานวัตกรรมด้านการป้องกัน,กองป้องกันการทุจริตในภาครัฐ,จองสำเร็จ,2026-06-15 15:26:49
2662,2026-06-16,10:30-11:30,OneConferenceRoom 2,ประชุมคณะอนุกรรมการไต่สวนเรื่องที่ 0277 / 2566,พลตำรวจตรี สมควร พึ่งทรัพย์,5,2026-06-14 22:04:00,ประวิทย์ ภัทรสัตยากร,กลุ่มงานปราบปรามการทุจริตกระทรวงด้านสังคม,กองปราบปรามการทุจริตในภาครัฐ 2,จองสำเร็จ,2026-06-15 15:33:20
2663,2026-06-17,08:00-17:00,ห้องไต่สวน1,แจ้งข้อกล่าวหา (กรณีผู้ถูกกล่าวหามารับทราบด้วยตนเอง) เรื่องที่่ 0736/2567,,1,2026-06-05 11:16:42,ดารณี ปฐมโยธิน,กลุ่มงานปราบปรามการทุจริตกระทรวงด้านความมั่นคง 2,กองปราบปรามการทุจริตในภาครัฐ 1,จองสำเร็จ,2026-06-05 11:16:42
2664,2026-06-17,08:00-17:00,ห้องไต่สวน4,ไต่สวน,,1,2026-06-08 11:10:23,สรศักดิ์ ชัยอนันต์วรพล,กลุ่มงานปราบปรามการทุจริตหน่วยงานไม่สังกัดกระทรวง ทบวง สำนักนายกรัฐมนตรี,กองปราบปรามการทุจริตในภาครัฐ 5,จองสำเร็จ,2026-06-08 11:10:23
2665,2026-06-17,08:00-18:00,ห้องประชุม (กปท.4),ประชุม กพร.,,1,2026-05-14 10:27:22,วิทยา สีดา,กลุ่มพัฒนาระบบบริหาร,กลุ่มพัฒนาระบบบริหาร,จองสำเร็จ,2026-05-14 10:27:22
2666,2026-06-17,08:00-17:00,Zoom Meeting Room 5,ประชุมคณะทำงานคัดเลือกเครือข่ายต้นแบบฯ ครั้งที่ 2/2569,นายชนม์สวัสดิ์ ประศาสน์ครุการ,3,2026-06-04 12:05:59,ญาณัชชา นนทจันทร์,กลุ่มงานเครือข่ายภาคประชาสังคมป้องกันการทุจริต,กองป้องกันการทุจริตในภาครัฐ,จองสำเร็จ,2026-06-04 12:05:59
2667,2026-06-17,08:30-16:00,ห้องประชุม(ห้องเล็ก 31),ประชุมคณะทำงานคัดเลือกเครือข่ายต้นแบบฯ ครั้งที่ 2/2569,นายชนม์สวัสดิ์  ประศาสน์ครุการ,1,2026-06-04 12:04:53,ญาณัชชา นนทจันทร์,กลุ่มงานเครือข่ายภาคประชาสังคมป้องกันการทุจริต,กองป้องกันการทุจริตในภาครัฐ,จองสำเร็จ,2026-06-04 12:04:53
2668,2026-06-17,08:30-12:30,OneConferenceRoom 1,ประชุมคณะกรรมการ ป.ป.ท. ประจำเดือน มิถุนายน 2569 ครั้งที่ 45/2569,,20,2026-05-29 14:35:22,ลลิตตา พานิชผล,กลุ่มงานบริหารคดีและบริหารทั่วไป,กองบริหารคดี,จองสำเร็จ,2026-05-29 14:35:22
2669,2026-06-17,08:30-12:00,ห้องประชุมคณะกรรมการ,ประชุมคณะกรรมการ ป.ป.ท. ประจำเดือน มิถุนายน 2569 ครั้งที่ 45/2569,,20,2026-05-29 14:34:37,ลลิตตา พานิชผล,กลุ่มงานบริหารคดีและบริหารทั่วไป,กองบริหารคดี,จองสำเร็จ,2026-05-29 14:34:37
2670,2026-06-17,08:45-16:00,ห้องไต่สวน3,ไต่สวน,,3,2026-06-08 11:22:26,วิชาญ พิเนตรเสถียร,กลุ่มงานปราบปรามการทุจริตหน่วยงานไม่สังกัดกระทรวง ทบวง สำนักนายกรัฐมนตรี,กองปราบปรามการทุจริตในภาครัฐ 5,จองสำเร็จ,2026-06-08 11:22:26
2671,2026-06-17,12:00-18:00,ห้องประชุม 2 (ห้องเล็ก),การประชุมคณะอนุกรรมการพิจารณากลั่นกรองการเปิดเผยข้อมูลข่าวสาร,นายอนุพงศ์ สุขเกษม ที่ปรึกษากรรมการ ป.ป.ท.,1,2026-06-04 10:51:44,อรวรรณ ทูลมณี,กลุ่มงานความเห็นแย้ง,กองกฎหมาย,จองสำเร็จ,2026-06-04 10:51:44
2672,2026-06-17,12:30-16:30,Zoom Meeting Room 1,คณะอนุกรรมการพิจารณากลั่นกรองการเปิดเผยข้อมูลข่าวสาร,,1,2026-06-08 13:39:48,อานนท์ ชนประชา,กลุ่มงานความเห็นแย้ง,กองกฎหมาย,จองสำเร็จ,2026-06-08 13:39:48
2673,2026-06-17,13:00-16:30,ห้องอบรม (กพบ),ประชุมระบบ e-office กับ e-saraban,,15,2026-06-15 11:45:08,ลลิตตา พานิชผล,กลุ่มงานบริหารคดีและบริหารทั่วไป,กองบริหารคดี,จองสำเร็จ,2026-06-15 11:45:08
2674,2026-06-17,13:45-17:00,ห้องไต่สวน2,เเจ้งข้อกล่าวหา,-,1,2026-06-08 10:30:58,วรรณฉวี ชื้นจะบก,กลุ่มงานปราบปรามการทุจริตกระทรวงด้านความมั่นคง 2,กองปราบปรามการทุจริตในภาครัฐ 1,จองสำเร็จ,2026-06-08 10:30:58
2675,2026-06-18,07:45-16:30,ห้องประชุม 1 (ห้องใหญ่),การประชุมการรับฟังความเห็นต่อข้อเสนอแนะการขับเคลื่อนยกระดับ CPI,ลธ.ป.ป.ท.,20,2026-05-28 11:39:03,แพรววนิต เวียงมูล,กลุ่มความร่วมมือและพัฒนานวัตกรรมความโปร่งใสในภาครัฐ,กองการต่างประเทศ,จองสำเร็จ,2026-05-28 11:39:03
2676,2026-06-18,08:00-16:30,Zoom Meeting Room 1,การประชุมการรับฟังความเห็นต่อข้อเสนอแนะการขับเคลื่อนยกระดับ CPI,,50,2026-05-28 11:40:47,แพรววนิต เวียงมูล,กลุ่มความร่วมมือและพัฒนานวัตกรรมความโปร่งใสในภาครัฐ,กองการต่างประเทศ,จองสำเร็จ,2026-05-28 11:40:47
2677,2026-06-18,08:00-17:00,ห้องไต่สวน3,ไต่สวน สอบปากคำพยาน,,1,2026-05-26 10:48:16,รัตติกาล ณ ราช,กลุ่มงานปราบปรามการทุจริตหน่วยงานในสังกัดสำนักนายกรัฐมนตรี,กองปราบปรามการทุจริตในภาครัฐ 5,จองสำเร็จ,2026-05-26 10:48:16
2678,2026-06-18,08:00-16:30,ห้องไต่สวน4,ไต่สวน,,4,2026-05-25 14:06:29,ณัฏฐพล ศุรธีร์โกศล,กลุ่มงานปราบปรามการทุจริตหน่วยงานในสังกัดสำนักนายกรัฐมนตรี,กองปราบปรามการทุจริตในภาครัฐ 5,จองสำเร็จ,2026-05-25 14:06:29
2679,2026-06-18,08:00-18:00,ห้องประชุม (กปท.4),ประชุม กพร.,,1,2026-05-14 10:27:22,วิทยา สีดา,กลุ่มพัฒนาระบบบริหาร,กลุ่มพัฒนาระบบบริหาร,จองสำเร็จ,2026-05-14 10:27:22
2680,2026-06-18,08:30-16:45,ห้องไต่สวน1,ไต่สวน,,3,2026-05-29 09:47:15,ณัฏฐพล ศุรธีร์โกศล,กลุ่มงานปราบปรามการทุจริตหน่วยงานในสังกัดสำนักนายกรัฐมนตรี,กองปราบปรามการทุจริตในภาครัฐ 5,จองสำเร็จ,2026-05-29 09:47:15
2681,2026-06-18,08:30-16:30,ห้องไต่สวน2,ไต่สวนเบื้องต้น,,3,2026-05-28 12:55:58,พรรณนิภา อารยะทรงศักดิ์,กลุ่มงานปราบปรามการทุจริตหน่วยงานไม่สังกัดกระทรวง ทบวง สำนักนายกรัฐมนตรี,กองปราบปรามการทุจริตในภาครัฐ 5,จองสำเร็จ,2026-05-28 12:55:58
2682,2026-06-18,08:30-15:30,ห้องประชุม(ห้องเล็ก 31),ไต่สวน,,3,2026-05-29 12:13:10,มะลิไล แก้วมาดีงาม,กลุ่มงานปราบปรามการทุจริตหน่วยงานไม่สังกัดกระทรวง ทบวง สำนักนายกรัฐมนตรี,กองปราบปรามการทุจริตในภาครัฐ 5,จองสำเร็จ,2026-05-29 12:13:10
2683,2026-06-18,09:00-12:00,ห้องประชุม 2 (ห้องเล็ก),ประชุมไต่สวน,พ.ต.ท.ทนง เพิ่มพูล,6,2026-06-09 10:22:04,ศิริพักร์ แก้วจันทร์,กลุ่มงานปราบปรามการทุจริตในองค์กรปกครองส่วนท้องถิ่น 2,กองปราบปรามการทุจริตในภาครัฐ 4,จองสำเร็จ,2026-06-09 10:22:04
2684,2026-06-18,09:30-12:00,Zoom Meeting Room 2,เรื่อง 0085/2566,นายพูนศักดิ์ อุทกภาชน์,1,2026-06-08 11:05:18,สุดารัตน์ กาญจนะโกมล,กลุ่มงานปราบปรามการทุจริตกระทรวงด้านเศรษฐกิจ,กองปราบปรามการทุจริตในภาครัฐ 2,จองสำเร็จ,2026-06-09 15:41:16
2685,2026-06-18,13:00-16:30,ห้องประชุม 2 (ห้องเล็ก),ประชุมระบบ e-office กับ e-saraban,,15,2026-06-15 13:12:20,ลลิตตา พานิชผล,กลุ่มงานบริหารคดีและบริหารทั่วไป,กองบริหารคดี,จองสำเร็จ,2026-06-15 13:12:20
2686,2026-06-19,08:00-18:00,ห้องประชุม (กปท.4),ประชุม กพร.,,1,2026-05-14 10:27:22,วิทยา สีดา,กลุ่มพัฒนาระบบบริหาร,กลุ่มพัฒนาระบบบริหาร,จองสำเร็จ,2026-05-14 10:27:22
2687,2026-06-19,08:30-16:30,ห้องไต่สวน1,สอบปากคำพยาน,นายจักรภพ ขันทะวงศ์,4,2026-06-08 15:06:32,จักรภพ ขันทะวงศ์,กลุ่มงานปราบปรามการทุจริตหน่วยงานไม่สังกัดกระทรวง ทบวง สำนักนายกรัฐมนตรี,กองปราบปรามการทุจริตในภาครัฐ 5,จองสำเร็จ,2026-06-08 15:06:32
2688,2026-06-19,08:30-17:00,ห้องไต่สวน2,ไต่สวน,,3,2026-06-08 10:32:34,ณัฏฐพล ศุรธีร์โกศล,กลุ่มงานปราบปรามการทุจริตหน่วยงานในสังกัดสำนักนายกรัฐมนตรี,กองปราบปรามการทุจริตในภาครัฐ 5,จองสำเร็จ,2026-06-08 10:32:34
2689,2026-06-19,08:30-16:00,ห้องไต่สวน3,ไต่สวน,,3,2026-06-05 18:08:30,ณัฏฐพล ศุรธีร์โกศล,กลุ่มงานปราบปรามการทุจริตหน่วยงานในสังกัดสำนักนายกรัฐมนตรี,กองปราบปรามการทุจริตในภาครัฐ 5,จองสำเร็จ,2026-06-05 18:08:30
2690,2026-06-19,08:30-16:00,ห้องไต่สวน4,ไต่สวน,,3,2026-05-29 12:12:08,มะลิไล แก้วมาดีงาม,กลุ่มงานปราบปรามการทุจริตหน่วยงานไม่สังกัดกระทรวง ทบวง สำนักนายกรัฐมนตรี,กองปราบปรามการทุจริตในภาครัฐ 5,จองสำเร็จ,2026-05-29 12:12:08
2691,2026-06-19,09:00-12:00,Zoom Meeting Room 1,ประชุมคณะกรรมการกลั่นกรองและคัดเลือกบุคลากรเพื่อส่งเข้ารับการศึกษาอบรมกับหน่วยงานภายนอก ของสำนักงาน ป.ป.ท. ครั้งที่ 5/2569,พันตำรวจโท สิริพงษ์ ศรีตุลา รองเลขาธิการคณะกรรมการ ป.ป.ท.,8,2026-06-18 10:16:06,ลินจง ดาวเรือง,กลุ่มงานบริหารงานบุคคล,สำนักงานเลขาธิการ,จองสำเร็จ,2026-06-18 10:16:06
2692,2026-06-19,09:30-12:00,ห้องประชุม(ห้องเล็ก 31),ประชุมคณะจัดจ้าง (ศบช. ครั้งที่ 3),นางสาวพัชรียา ต่อประดิษฐ์,5,2026-06-12 09:47:14,แพรววนิต เวียงมูล,กลุ่มความร่วมมือและพัฒนานวัตกรรมความโปร่งใสในภาครัฐ,กองการต่างประเทศ,จองสำเร็จ,2026-06-12 09:47:14
2693,2026-06-19,13:00-16:30,ห้องประชุม 2 (ห้องเล็ก),ประชุมคณะกรรมการตรวจรับจ้างควบคุมงานก่อสร้าง ครั้งที่2,,20,2026-06-15 17:20:18,หทัยกาญจน์ จันทร์เม่ง,กลุ่มงานพัสดุและอาคารสถานที่,สำนักงานเลขาธิการ,จองสำเร็จ,2026-06-19 08:43:46
2694,2026-06-19,13:00-15:00,OneConferenceRoom 3,ประชุมคณะอนุกรรมการไต่สวน,พ.ต.ท.ชัยวิน เสมาทอง,3,2026-06-16 11:37:29,นันทการ มีเหม,กลุ่มงานปราบปรามการทุจริตในภาครัฐ 1,สำนักงานป้องกันและปราบปรามการทุจริตในภาครัฐ เขต 1,จองสำเร็จ,2026-06-16 11:37:29
2695,2026-06-19,13:30-16:30,Zoom Meeting Room 1,ประชุมคณะกรรมการตรวจรับจ้างควบคุมงานก่อสร้าง ครั้งที่2,,20,2026-06-15 17:24:10,หทัยกาญจน์ จันทร์เม่ง,กลุ่มงานพัสดุและอาคารสถานที่,สำนักงานเลขาธิการ,จองสำเร็จ,2026-06-18 15:29:56
2696,2026-06-19,13:30-16:30,ห้องประชุม 1 (ห้องใหญ่),ประชุม โครงการ  E-cmis,,20,2026-06-18 15:00:46,ลลิตตา พานิชผล,กลุ่มงานบริหารคดีและบริหารทั่วไป,กองบริหารคดี,จองสำเร็จ,2026-06-18 15:01:22
2697,2026-06-20,22:00-23:30,Zoom Meeting Room 1,ทดสอบ,-,1,2026-06-20 20:51:08,มรุต อาภาอดุล,กลุ่มงานคอมพิวเตอร์และการสื่อสาร,ศูนย์เทคโนโลยีสารสนเทศและการสื่อสาร,จองสำเร็จ,2026-06-20 20:51:08
2698,2026-06-22,08:00-12:00,ห้องไต่สวน2,นัดพยานสอบข้อเท็จจริง,,4,2026-06-09 12:38:27,จิระเดช สอนเต็ม,กลุ่มงานปราบปรามการทุจริตในองค์กรปกครองส่วนท้องถิ่น 1,กองปราบปรามการทุจริตในภาครัฐ 4,จองสำเร็จ,2026-06-09 12:38:27
2699,2026-06-22,08:00-17:00,ห้องไต่สวน4,ไต่สวนเบื้องต้น,,1,2026-06-10 13:19:24,โรสนา ศักดิ์นภาพรเลิศ,กลุ่มงานปราบปรามการทุจริตหน่วยงานไม่สังกัดกระทรวง ทบวง สำนักนายกรัฐมนตรี,กองปราบปรามการทุจริตในภาครัฐ 5,จองสำเร็จ,2026-06-10 13:19:24
2700,2026-06-22,08:00-12:00,ห้องประชุม(ห้องเล็ก 31),ประชุมอนุสนับสนุนฯ,,13,2026-05-20 15:44:35,พรพรรณ พรมมา,กลุ่มงานปราบปรามการทุจริตหน่วยงานในสังกัดสำนักนายกรัฐมนตรี,กองปราบปรามการทุจริตในภาครัฐ 5,จองสำเร็จ,2026-05-20 15:44:35
2701,2026-06-22,08:00-18:00,ห้องประชุม (กปท.4),ประชุม กพร.,,1,2026-05-14 10:27:22,วิทยา สีดา,กลุ่มพัฒนาระบบบริหาร,กลุ่มพัฒนาระบบบริหาร,จองสำเร็จ,2026-05-14 10:27:22
2702,2026-06-22,08:00-17:00,Zoom Meeting Room 8,ประชุมคณะทำงานพิจารณาการสมัครและคัดเลือกเครือข่ายต้นแบบฯ,นายธรรมนูญ คงรัตน์ ผอ.กลุ่มงานป้องกันการทุจริตในภาครัฐ,10,2026-06-18 17:56:51,อมรรัตน์ สองแก้ว,กลุ่มงานป้องกันการทุจริตในภาครัฐ,สำนักงานป้องกันและปราบปรามการทุจริตในภาครัฐ เขต 8,จองสำเร็จ,2026-06-18 17:56:51
2703,2026-06-22,08:30-12:00,ห้องประชุม 1 (ห้องใหญ่),ประชุมคณะกรรมการกำหนดมาตรฐานความรู้ฯ ครั้งที่ 2/2569,พ.ต.ท. สิริพงษ์ ศรีตุลา,1,2026-06-15 08:27:29,วิทยา สีดา,กลุ่มพัฒนาระบบบริหาร,กลุ่มพัฒนาระบบบริหาร,จองสำเร็จ,2026-06-15 08:27:29
2704,2026-06-22,08:30-12:00,Zoom Meeting Room 4,ประชุมคณะกรรมการกำหนดมาตรฐานความรู้ฯ ครั้งที่ 2/2569,พ.ต.ท. สิริพงษ์ ศรีตุลา,1,2026-06-15 08:27:31,วิทยา สีดา,กลุ่มพัฒนาระบบบริหาร,กลุ่มพัฒนาระบบบริหาร,จองสำเร็จ,2026-06-15 08:27:31
2705,2026-06-22,09:30-16:30,OneConferenceRoom 1,ประชุมคณะอนุกรรมการกลั่นกรองฯ คณะที่ 2 ครั้งที่ 3-3/2569,นายพิทักษ์ คงจันทร์,9,2026-05-19 09:32:44,ฤาฤทธิ์ เริงสมุทร์,กลุ่มงานคำวินิจฉัยและมติคณะกรรมการ,กองบริหารคดี,จองสำเร็จ,2026-05-19 09:32:44
2706,2026-06-22,09:30-16:30,ห้องประชุมคณะกรรมการ,ประชุมคณะอนุกรรมการกลั่นกรองฯ คณะที่ 2 ครั้งที่ 3-3/2569,นายพิทักษ์ คงจันทร์,9,2026-05-19 09:32:44,ฤาฤทธิ์ เริงสมุทร์,กลุ่มงานคำวินิจฉัยและมติคณะกรรมการ,กองบริหารคดี,จองสำเร็จ,2026-05-19 09:32:44
2707,2026-06-22,12:00-17:00,Zoom Meeting Room 1,ประชุมคณะทำงานจัดทำแผนปฏิบัติราชการระยะ 5 ปี (พ.ศ.2571-2575),พันตำรวจโท สิริพงษ์  ศรีตุลา,20,2026-06-08 10:59:39,สลักจิต ณ ลำพูน,ฝ่ายบริหารทั่วไป,กองยุทธศาสตร์และแผนงาน,จองสำเร็จ,2026-06-17 10:44:47
2708,2026-06-22,12:00-17:00,ห้องประชุม 1 (ห้องใหญ่),ประชุมคณะทำงานจัดทำแผนปฏิบัติราชการ 5 ปี (พ.ศ. 2571-2575),พันตำรวจโท สิริพงษ์ ศรีตุลา,30,2026-06-08 10:57:51,สลักจิต ณ ลำพูน,ฝ่ายบริหารทั่วไป,กองยุทธศาสตร์และแผนงาน,จองสำเร็จ,2026-06-17 10:43:27
2709,2026-06-22,12:45-17:00,ห้องไต่สวน1,สอบพยาน,,1,2026-06-05 14:16:41,วรรณฉวี ชื้นจะบก,กลุ่มงานปราบปรามการทุจริตกระทรวงด้านความมั่นคง 2,กองปราบปรามการทุจริตในภาครัฐ 1,จองสำเร็จ,2026-06-05 14:16:41
2710,2026-06-22,14:00-15:00,ห้องไต่สวน3,ทดสอบสัญญาณเข้าร่วมกระบวนพิจารณาศาลปกครองสงขลา คดี บ.52/66,,1,2026-06-11 15:48:44,วันวิสาข์ ไชยพันธ์,กลุ่มงานคดี,กองกฎหมาย,จองสำเร็จ,2026-06-11 15:48:44
2711,2026-06-23,06:00-18:00,ห้องไต่สวน1,ไต่สวนข้อเท็จจริง,,2,2026-05-22 09:05:21,อภิรักษ์ คงคาเพชร,กลุ่มงานปราบปรามการทุจริตในองค์กรปกครองส่วนท้องถิ่น 2,กองปราบปรามการทุจริตในภาครัฐ 4,จองสำเร็จ,2026-05-22 09:05:21
2712,2026-06-23,08:00-12:00,ห้องไต่สวน3,เข้าร่วมกระบวนพิจารณาคดีทางอิเล็กทรอนิกส์ คดี บ.52/2566 ศาลปกครองสงขลา,,1,2026-06-11 15:11:27,วันวิสาข์ ไชยพันธ์,กลุ่มงานคดี,กองกฎหมาย,จองสำเร็จ,2026-06-11 15:11:27
2713,2026-06-23,08:00-12:00,ห้องประชุม(ห้องเล็ก 31),นัดสอบสวนพยาน,,3,2026-06-22 08:29:50,จิระเดช สอนเต็ม,กลุ่มงานปราบปรามการทุจริตในองค์กรปกครองส่วนท้องถิ่น 1,กองปราบปรามการทุจริตในภาครัฐ 4,จองสำเร็จ,2026-06-22 08:29:50
2714,2026-06-23,08:00-18:00,ห้องประชุม (กปท.4),ประชุม กพร.,,1,2026-05-14 10:27:22,วิทยา สีดา,กลุ่มพัฒนาระบบบริหาร,กลุ่มพัฒนาระบบบริหาร,จองสำเร็จ,2026-05-14 10:27:22
2715,2026-06-23,08:15-14:00,Zoom Meeting Room 1,การประชุมเชิงปฏิบัติการ การยกระดับค่าคะแนนการประเมิน ITA ของส่วนราชการระดับกรมหรือเทียบเท่า ครั้งที่ ๒ ภายใต้ โครงการขับเคลื่อนการประเมินคุณธรรมและความโปร่งใสในการดำเนินงานของหน่วยงานภาครัฐ (ITA) และนโยบาย No Gift Policy จากการปฏิบัติหน้าที่ ของหน่วยงานปร,นายเอกชัย เกษมสุขธวัช,300,2026-06-11 06:58:25,ธนบูลย์ ลลิตสุธีจำเริญ,กลุ่มงานส่งเสริมธรรมาภิบาลในภาครัฐ,กองป้องกันการทุจริตในภาครัฐ,จองสำเร็จ,2026-06-11 10:56:22
2716,2026-06-23,08:15-14:00,Zoom Meeting Room 2,การประชุมเชิงปฏิบัติการ การยกระดับค่าคะแนนการประเมิน ITA ของส่วนราชการระดับกรมหรือเทียบเท่า ครั้งที่ ๒ ภายใต้ โครงการขับเคลื่อนการประเมินคุณธรรมและความโปร่งใสในการดำเนินงานของหน่วยงานภาครัฐ (ITA) และนโยบาย No Gift Policy จากการปฏิบัติหน้าที่ ของหน่วยงานปร,นายเอกชัย เกษมสุขธวัช,200,2026-06-11 06:58:25,ธนบูลย์ ลลิตสุธีจำเริญ,กลุ่มงานส่งเสริมธรรมาภิบาลในภาครัฐ,กองป้องกันการทุจริตในภาครัฐ,จองสำเร็จ,2026-06-11 10:56:22
2717,2026-06-23,08:30-16:30,ห้องไต่สวน4,ไต่สวนเบื้องต้น,,3,2026-05-28 13:04:01,พรรณนิภา อารยะทรงศักดิ์,กลุ่มงานปราบปรามการทุจริตหน่วยงานไม่สังกัดกระทรวง ทบวง สำนักนายกรัฐมนตรี,กองปราบปรามการทุจริตในภาครัฐ 5,จองสำเร็จ,2026-05-28 13:04:01
2718,2026-06-23,08:30-12:00,OneConferenceRoom 1,ประชุมคณะกรรมการ ป.ป.ท. ประจำเดือน มิถุนายน 2569 ครั้งที่ 46/2569,,20,2026-05-29 14:32:16,ลลิตตา พานิชผล,กลุ่มงานบริหารคดีและบริหารทั่วไป,กองบริหารคดี,จองสำเร็จ,2026-05-29 14:32:16
2719,2026-06-23,08:30-12:00,ห้องประชุมคณะกรรมการ,ประชุมคณะกรรมการ ป.ป.ท. ประจำเดือน มิถุนายน 2569 ครั้งที่ 46/2569,,20,2026-05-29 14:31:37,ลลิตตา พานิชผล,กลุ่มงานบริหารคดีและบริหารทั่วไป,กองบริหารคดี,จองสำเร็จ,2026-05-29 14:31:37
2720,2026-06-23,09:00-16:00,ห้องไต่สวน2,สอบพยาน,-,2,2026-06-12 11:36:58,พงศ์ศักดิ์ น้ำขาว,กลุ่มงานปราบปรามการทุจริตหน่วยงานไม่สังกัดกระทรวง ทบวง สำนักนายกรัฐมนตรี,กองปราบปรามการทุจริตในภาครัฐ 5,จองสำเร็จ,2026-06-12 11:36:58
2721,2026-06-23,12:15-16:45,ห้องประชุม(ห้องเล็ก 31),บรรยาย,,1,2026-06-17 10:43:07,นวพร ปั้นจันทร์,กลุ่มงานปราบปรามการทุจริตหน่วยงานในสังกัดสำนักนายกรัฐมนตรี,กองปราบปรามการทุจริตในภาครัฐ 5,จองสำเร็จ,2026-06-17 10:43:07
2722,2026-06-23,13:00-16:30,OneConferenceRoom 3,ประชุมคณะอนุกรรมการไต่สวนข้อเท็จจริง,พ.ต.อ.กษิดิศ  เพิ่มพูนวิวัฒน์,5,2026-06-19 14:41:24,จานิกร วรรณกูล,กลุ่มงานปราบปรามการทุจริตในภาครัฐ 2,สำนักงานป้องกันและปราบปรามการทุจริตในภาครัฐ เขต 9,จองสำเร็จ,2026-06-19 14:42:15
2723,2026-06-23,13:30-15:00,Zoom Meeting Room 3,เชิญประชุมประเมินบุคคลฯ (โอน),,6,2026-06-18 11:19:15,ตติยา แก้วละเอียด,กลุ่มงานบริหารงานบุคคล,สำนักงานเลขาธิการ,จองสำเร็จ,2026-06-18 11:26:29
2724,2026-06-24,08:00-11:30,ห้องไต่สวน2,สอบถ้อยคำพยาน,,1,2026-06-24 06:48:21,ศิริพักร์ แก้วจันทร์,กลุ่มงานปราบปรามการทุจริตในองค์กรปกครองส่วนท้องถิ่น 2,กองปราบปรามการทุจริตในภาครัฐ 4,จองสำเร็จ,2026-06-24 06:48:21
2725,2026-06-24,08:00-17:00,ห้องไต่สวน3,สอบปากคำผู้กล่าวหา พยาน,-,5,2026-06-08 10:01:46,ตระกูล บุญทัน,กลุ่มงานปราบปรามการทุจริตหน่วยงานในสังกัดสำนักนายกรัฐมนตรี,กองปราบปรามการทุจริตในภาครัฐ 5,จองสำเร็จ,2026-06-08 10:01:46
2726,2026-06-24,08:00-18:00,ห้องประชุม (กปท.4),ประชุม กพร.,,1,2026-05-14 10:27:22,วิทยา สีดา,กลุ่มพัฒนาระบบบริหาร,กลุ่มพัฒนาระบบบริหาร,จองสำเร็จ,2026-05-14 10:27:22
2727,2026-06-24,08:30-16:00,ห้องไต่สวน1,ไต่สวน,,1,2026-05-22 09:14:36,อภิรักษ์ คงคาเพชร,กลุ่มงานปราบปรามการทุจริตในองค์กรปกครองส่วนท้องถิ่น 2,กองปราบปรามการทุจริตในภาครัฐ 4,จองสำเร็จ,2026-05-22 09:14:36
2728,2026-06-24,08:30-16:30,ห้องประชุม 1 (ห้องใหญ่),ประชุมงานก่อสร้างเเละควบคุมงานก่อสร้าง ครั้งที่ 2,,40,2026-06-15 17:27:34,หทัยกาญจน์ จันทร์เม่ง,กลุ่มงานพัสดุและอาคารสถานที่,สำนักงานเลขาธิการ,จองสำเร็จ,2026-06-15 18:23:09
2729,2026-06-24,08:30-16:30,Zoom Meeting Room 2,ประชุมงานก่อสร้างเเละควบคุมงานก่อสร้าง ครั้งที่ 2,,40,2026-06-15 17:27:34,หทัยกาญจน์ จันทร์เม่ง,กลุ่มงานพัสดุและอาคารสถานที่,สำนักงานเลขาธิการ,จองสำเร็จ,2026-06-18 15:30:35
2730,2026-06-24,08:30-12:00,OneConferenceRoom 1,ประชุมคณะกรรมการ ป.ป.ท. ประจำเดือน มิถุนายน 2569 ครั้งที่ 47/2569,,20,2026-05-29 14:36:49,ลลิตตา พานิชผล,กลุ่มงานบริหารคดีและบริหารทั่วไป,กองบริหารคดี,จองสำเร็จ,2026-05-29 14:36:49
2731,2026-06-24,08:30-12:45,ห้องประชุมคณะกรรมการ,ประชุมคณะกรรมการ ป.ป.ท. ประจำเดือน มิถุนายน 2569 ครั้งที่ 47/2569,,20,2026-05-29 14:36:11,ลลิตตา พานิชผล,กลุ่มงานบริหารคดีและบริหารทั่วไป,กองบริหารคดี,จองสำเร็จ,2026-05-29 14:36:11
2732,2026-06-24,09:30-17:00,ห้องไต่สวน4,ไต่สวน,,1,2026-06-24 09:09:03,ณัฏฐ์นนท์ จารุวนาลัย,กลุ่มงานปราบปรามการทุจริตหน่วยงานไม่สังกัดกระทรวง ทบวง สำนักนายกรัฐมนตรี,กองปราบปรามการทุจริตในภาครัฐ 5,จองสำเร็จ,2026-06-24 09:09:03
2733,2026-06-24,10:00-12:00,ห้องประชุม(ห้องเล็ก 31),ประชุมระบบ งบประมาณ (กฤตธี กยผ.),-,5,2026-06-24 09:24:10,กมลวรรณ ศิริปรุ,ฝ่ายบริหารทั่วไป,กองป้องกันการทุจริตในภาครัฐ,จองสำเร็จ,2026-06-24 09:24:10
2734,2026-06-24,12:00-16:30,Zoom Meeting Room 1,ประชุมระบบตรวจรับ e-cmis  ครั้งที่ 1/2569,,30,2026-06-22 10:26:11,ลลิตตา พานิชผล,กลุ่มงานบริหารคดีและบริหารทั่วไป,กองบริหารคดี,จองสำเร็จ,2026-06-22 10:26:37
2735,2026-06-24,12:30-16:00,ห้องไต่สวน2,แจ้งข้อกล่าวหาตามคำสั่งที่ ๒๒๖/๒๕๖๘,,1,2026-06-08 10:05:08,รัญชนะ น้อยอิ่ม,กลุ่มงานปราบปรามคดีพิเศษ,กองอำนวยการต่อต้านการทุจริต,จองสำเร็จ,2026-06-08 10:05:08
2736,2026-06-25,08:00-16:30,ห้องไต่สวน1,สอบถ้อยคำพยาน,-,4,2026-06-09 11:04:04,ศิริพักร์ แก้วจันทร์,กลุ่มงานปราบปรามการทุจริตในองค์กรปกครองส่วนท้องถิ่น 2,กองปราบปรามการทุจริตในภาครัฐ 4,จองสำเร็จ,2026-06-09 11:04:04
2737,2026-06-25,08:00-17:00,ห้องประชุม 1 (ห้องใหญ่),"หลักสูตร ""วิชาชีพเจ้าหน้าที่ ป.ป.ท."" รุ่นที่ 11",เลขาธิการคณะกรรมการ ป.ป.ท.,25,2026-04-23 12:06:15,ณัฏฐ์รินทร์ กรรณสูต,กลุ่มงานพัฒนาบุคลากร,สำนักงานเลขาธิการ,จองสำเร็จ,2026-04-23 12:06:15
2738,2026-06-25,08:00-18:00,ห้องประชุม (กปท.4),ประชุม กพร.,,1,2026-05-14 10:27:22,วิทยา สีดา,กลุ่มพัฒนาระบบบริหาร,กลุ่มพัฒนาระบบบริหาร,จองสำเร็จ,2026-05-14 10:27:22
2739,2026-06-25,08:30-12:00,ห้องประชุม 2 (ห้องเล็ก),ประชุม สปท. ป.ป.ท. ครั้งที่ 6/2569,รองเลขาธิการคณะกรรมการ ป.ป.ท. (นายเอกชัย เกษมสุขธวัช),10,2026-06-16 20:55:41,เกศรารัตติ์ บุนนท์,กลุ่มงานเครือข่ายภาคประชาสังคมป้องกันการทุจริต,กองป้องกันการทุจริตในภาครัฐ,จองสำเร็จ,2026-06-16 20:55:41
2740,2026-06-25,08:30-16:30,ห้องไต่สวน2,สอบถ้อยคำพยาน,-,4,2026-06-09 11:05:58,ศิริพักร์ แก้วจันทร์,กลุ่มงานปราบปรามการทุจริตในองค์กรปกครองส่วนท้องถิ่น 2,กองปราบปรามการทุจริตในภาครัฐ 4,จองสำเร็จ,2026-06-09 11:05:58
2741,2026-06-25,08:30-16:30,ห้องไต่สวน4,ไต่สวนเบื้องต้น,,3,2026-05-28 13:07:45,พรรณนิภา อารยะทรงศักดิ์,กลุ่มงานปราบปรามการทุจริตหน่วยงานไม่สังกัดกระทรวง ทบวง สำนักนายกรัฐมนตรี,กองปราบปรามการทุจริตในภาครัฐ 5,จองสำเร็จ,2026-05-28 13:07:45
2742,2026-06-25,08:30-13:00,Zoom Meeting Room 8,ประชุม สปท. ป.ป.ท. ครั้งที่ 6/2569,รองเลขาธิการคณะกรรมการ ป.ป.ท. (นายเอกชัย เกษมสุขธวัช),13,2026-05-27 13:20:57,เกศรารัตติ์ บุนนท์,กลุ่มงานเครือข่ายภาคประชาสังคมป้องกันการทุจริต,กองป้องกันการทุจริตในภาครัฐ,จองสำเร็จ,2026-06-16 21:06:48
2743,2026-06-25,08:30-16:30,ห้องประชุมคณะกรรมการ,ประชุมคณะอนุกรรมการกลั่นกรองฯ คณะที่ 3 ครั้งที่ 3-3/2569,นายภาส ภาสสัทธา,9,2026-05-25 09:48:33,นงค์ลักษณ์ ยั่งยืน,กลุ่มงานคำวินิจฉัยและมติคณะกรรมการ,กองบริหารคดี,จองสำเร็จ,2026-06-09 13:35:56
2744,2026-06-25,09:00-16:15,ห้องไต่สวน3,ไต่สวน,,2,2026-06-08 16:24:35,มะลิไล แก้วมาดีงาม,กลุ่มงานปราบปรามการทุจริตหน่วยงานไม่สังกัดกระทรวง ทบวง สำนักนายกรัฐมนตรี,กองปราบปรามการทุจริตในภาครัฐ 5,จองสำเร็จ,2026-06-08 16:24:35
2745,2026-06-25,09:30-12:00,ห้องประชุม(ห้องเล็ก 31),ประชุมอ่านรายงานประจำปี 2568,นางสาวอาภรณีย์  เสมรสุต,6,2026-06-23 09:16:46,สลักจิต ณ ลำพูน,ฝ่ายบริหารทั่วไป,กองยุทธศาสตร์และแผนงาน,จองสำเร็จ,2026-06-23 09:16:46
2746,2026-06-25,10:00-12:00,Zoom Meeting Room 1,ประชุมคณะทำงานขจัดความเดือดร้อนของประชาชนฯ,ผู้อำนวยการกองปราบปรามการทุจริตในภาครัฐ 3,7,2026-06-22 09:14:52,ทวีศักดิ์ นันทะพงษ์,กลุ่มงานปราบปรามการทุจริตในรัฐวิสาหกิจ 1,กองปราบปรามการทุจริตในภาครัฐ 3,จองสำเร็จ,2026-06-23 10:21:43
2747,2026-06-25,12:00-18:00,ห้องประชุม(ห้องเล็ก 31),สอบถ้อยคำ,,1,2026-06-19 13:37:17,ออมทอง นันตา,กลุ่มงานปราบปรามการทุจริตหน่วยงานในสังกัดสำนักนายกรัฐมนตรี,กองปราบปรามการทุจริตในภาครัฐ 5,จองสำเร็จ,2026-06-19 13:37:17
2748,2026-06-26,08:00-17:00,ห้องไต่สวน1,ไต่สวนศักดิ์,ศักดิ์,1,2026-06-18 13:18:45,สมศักดิ์ ทองประดับ,กลุ่มงานปราบปรามการทุจริตในองค์กรปกครองส่วนท้องถิ่น 2,กองปราบปรามการทุจริตในภาครัฐ 4,จองสำเร็จ,2026-06-18 13:18:45
2749,2026-06-26,08:00-18:00,ห้องประชุม (กปท.4),ประชุม กพร.,,1,2026-05-14 10:27:22,วิทยา สีดา,กลุ่มพัฒนาระบบบริหาร,กลุ่มพัฒนาระบบบริหาร,จองสำเร็จ,2026-05-14 10:27:22
2750,2026-06-26,08:30-12:00,ห้องประชุม 2 (ห้องเล็ก),ประชุมคณะอนุกรรมการขับเคลื่อนงานป้องกันและเฝ้าระวังการทุจริต ครั้งที่ 4/2569,พลเอก อรชัย บุญสุขจิตเสรี,13,2026-05-28 19:16:39,รมณ วิริยะประกอบ,กลุ่มงานวิชาการและพัฒนานวัตกรรมด้านการป้องกัน,กองป้องกันการทุจริตในภาครัฐ,จองสำเร็จ,2026-05-28 19:16:39
2751,2026-06-26,08:30-18:00,ห้องไต่สวน2,ไต่สวน,,4,2026-06-09 13:16:02,อภิรักษ์ คงคาเพชร,กลุ่มงานปราบปรามการทุจริตในองค์กรปกครองส่วนท้องถิ่น 2,กองปราบปรามการทุจริตในภาครัฐ 4,จองสำเร็จ,2026-06-09 13:16:02
2752,2026-06-26,08:30-16:00,ห้องไต่สวน4,ไต่สวน,,2,2026-06-08 16:25:18,มะลิไล แก้วมาดีงาม,กลุ่มงานปราบปรามการทุจริตหน่วยงานไม่สังกัดกระทรวง ทบวง สำนักนายกรัฐมนตรี,กองปราบปรามการทุจริตในภาครัฐ 5,จองสำเร็จ,2026-06-08 16:25:18
2753,2026-06-26,08:30-12:00,Zoom Meeting Room 9,ประชุมคณะอนุกรรมการขับเคลื่อนงานป้องกันและเฝ้าระวังการทุจริต ครั้งที่ 4/2569,พลเอก อรชัย บุญสุขจิตเสรี,13,2026-05-28 19:17:55,รมณ วิริยะประกอบ,กลุ่มงานวิชาการและพัฒนานวัตกรรมด้านการป้องกัน,กองป้องกันการทุจริตในภาครัฐ,จองสำเร็จ,2026-05-28 19:17:55
2754,2026-06-26,09:00-16:00,ห้องไต่สวน3,สอบถ้อยคำผู้ร้องเรียน,,1,2026-06-17 09:44:04,วลัยพร พ่วงเจริญ,กลุ่มงานปราบปรามการทุจริตในองค์กรปกครองส่วนท้องถิ่น 2,กองปราบปรามการทุจริตในภาครัฐ 4,จองสำเร็จ,2026-06-17 09:44:04
2755,2026-06-26,10:00-12:00,Zoom Meeting Room 1,สอบปากคำผ่านระบบออนไลน์ เรื่องที่ 0582/2569,,5,2026-06-24 10:19:24,ประวิทย์ ภัทรสัตยากร,กลุ่มงานปราบปรามการทุจริตกระทรวงด้านสังคม,กองปราบปรามการทุจริตในภาครัฐ 2,จองสำเร็จ,2026-06-24 10:19:24
2756,2026-06-26,10:45-13:30,Zoom Meeting Room 3,ประชุม ณ สำนักงาน ปปท. เขต 2,รองเลขาธิการคณะกรรมการ ป.ป.ท.,2,2026-06-26 09:58:54,นาถยา รักหนู,กลุ่มงานป้องกันการทุจริตในภาครัฐ,สำนักงานป้องกันและปราบปรามการทุจริตในภาครัฐ เขต 2,จองสำเร็จ,2026-06-26 10:05:09
2757,2026-06-26,11:45-17:00,Zoom Meeting Room 8,ประชุมคณะทำงานพิจารณาและคัดเลือกเครือข่ายต้นแบบฯ ครั้งที่ 3/2569,พ.ต.ท. ทนง เพิ่มพูล ผอ. กปท. 4 รักษาราชการแทน ผอ. ปปท. เขต 8,10,2026-06-17 13:19:39,อมรรัตน์ สองแก้ว,กลุ่มงานป้องกันการทุจริตในภาครัฐ,สำนักงานป้องกันและปราบปรามการทุจริตในภาครัฐ เขต 8,จองสำเร็จ,2026-06-17 13:40:00
2758,2026-06-26,13:00-15:00,Zoom Meeting Room 1,เชิญประชุมคณะกรรมการกลั่นกรองและคัดเลือกบุคลากรเพื่อส่งเข้ารับการศึกษาอบรมกับหน่วยงานภายนอกของสำนักงาน ป.ป.ท. ครั้งที่ 6/2569,พันตำรวจโท สิริพงษ์ ศรีตุลา รองเลขาธิการคณะกรรมการ ป.ป.ท.,8,2026-06-23 11:39:03,ลินจง ดาวเรือง,กลุ่มงานบริหารงานบุคคล,สำนักงานเลขาธิการ,จองสำเร็จ,2026-06-23 11:48:55
2759,2026-06-26,13:00-16:30,ห้องประชุม 1 (ห้องใหญ่),ประชุม กปก. ร่วมกับสถาบันการสร้างชาติ,,15,2026-06-12 15:32:46,สุริยะ พรหมแก้ว,ฝ่ายบริหารทั่วไป,กองป้องกันการทุจริตในภาครัฐ,จองสำเร็จ,2026-06-12 15:32:46
2760,2026-06-26,13:00-17:00,ห้องประชุม(ห้องเล็ก 31),ประชุมคณะอนุกรรมการไต่สวน,,7,2026-06-01 11:27:00,สาริศ บรรเทิง,กลุ่มงานปราบปรามการทุจริตในรัฐวิสาหกิจ 2,กองปราบปรามการทุจริตในภาครัฐ 3,จองสำเร็จ,2026-06-01 11:27:00
2761,2026-06-29,08:00-16:30,ห้องไต่สวน1,สอบถ้อยคำผู้ร้อง เรื่องที่ 1068/2569,,1,2026-06-12 15:40:14,ดารณี ปฐมโยธิน,กลุ่มงานปราบปรามการทุจริตกระทรวงด้านความมั่นคง 2,กองปราบปรามการทุจริตในภาครัฐ 1,จองสำเร็จ,2026-06-12 15:40:14
2762,2026-06-29,08:00-16:30,ห้องไต่สวน2,ไต่สวนข้อเท็จจริง,,1,2026-06-09 13:25:34,อภิรักษ์ คงคาเพชร,กลุ่มงานปราบปรามการทุจริตในองค์กรปกครองส่วนท้องถิ่น 2,กองปราบปรามการทุจริตในภาครัฐ 4,จองสำเร็จ,2026-06-09 13:25:34
2763,2026-06-29,08:00-17:00,ห้องไต่สวน3,สอบปากคำผู้ร้องเรียน,,1,2026-06-17 08:33:32,ชรินดา มีแป้น,กลุ่มงานปราบปรามการทุจริตหน่วยงานในสังกัดสำนักนายกรัฐมนตรี,กองปราบปรามการทุจริตในภาครัฐ 5,จองสำเร็จ,2026-06-17 08:33:32
2764,2026-06-29,08:00-18:00,ห้องประชุม (กปท.4),ประชุม กพร.,,1,2026-05-14 10:27:22,วิทยา สีดา,กลุ่มพัฒนาระบบบริหาร,กลุ่มพัฒนาระบบบริหาร,จองสำเร็จ,2026-05-14 10:27:22
2765,2026-06-29,08:30-16:30,ห้องประชุม 2 (ห้องเล็ก),ประชุมคณะอนุกรรมการกลั่นกรองฯ คณะที่ 6 ครั้งที่ 4-4/2569,พลตำรวจตรี นพรัตน์ รินทพล,9,2026-05-27 11:14:47,นงค์ลักษณ์ ยั่งยืน,กลุ่มงานคำวินิจฉัยและมติคณะกรรมการ,กองบริหารคดี,จองสำเร็จ,2026-05-29 13:37:50
2766,2026-06-29,08:30-16:30,ห้องไต่สวน4,ไต่สวน,,4,2026-06-17 10:40:36,วิชาญ พิเนตรเสถียร,กลุ่มงานปราบปรามการทุจริตหน่วยงานไม่สังกัดกระทรวง ทบวง สำนักนายกรัฐมนตรี,กองปราบปรามการทุจริตในภาครัฐ 5,จองสำเร็จ,2026-06-17 10:40:36
2767,2026-06-29,08:45-16:45,Zoom Meeting Room 7,ประชุมคณะทำงานคัดเลือกเครือข่ายครั้งที่ ๓/๒๕๖๙,นายชนม์สวัสดิ์ ประศาสน์ครุการ,6,2026-06-21 13:55:41,ญาณัชชา นนทจันทร์,กลุ่มงานเครือข่ายภาคประชาสังคมป้องกันการทุจริต,กองป้องกันการทุจริตในภาครัฐ,จองสำเร็จ,2026-06-21 13:55:41
2768,2026-06-29,09:00-12:00,Zoom Meeting Room 1,ประชุม MA ระบบ PACC E-Learning,นางสาวอัญญ์รัตน์ กัมปนานนท์,1,2026-06-24 10:41:19,กิติคุณ โตรักษา,กลุ่มงานวิชาการและพัฒนานวัตกรรมด้านการป้องกัน,กองป้องกันการทุจริตในภาครัฐ,จองสำเร็จ,2026-06-24 10:41:19
2769,2026-06-29,09:00-16:30,ห้องประชุม(ห้องเล็ก 31),การประชุมคณะอนุกรรมการกลั่นกรองฯ คณะที่ 8,นายอดิศักดิ์ ปัตรวลี,9,2026-06-02 17:10:05,ณัฐฐพิชา นาวินธรรม,กลุ่มงานคำวินิจฉัยและมติคณะกรรมการ,กองบริหารคดี,จองสำเร็จ,2026-06-02 17:10:05
2770,2026-06-29,09:00-16:30,OneConferenceRoom 2,การประชุมคณะอนุกรรมการกลั่นกรองฯ คณะที่ 8,นายอดิศักดิ์ ปัตรวลี,9,2026-06-02 17:10:05,ณัฐฐพิชา นาวินธรรม,กลุ่มงานคำวินิจฉัยและมติคณะกรรมการ,กองบริหารคดี,จองสำเร็จ,2026-06-02 17:10:05
2771,2026-06-29,09:30-12:00,ห้องอบรม (กพบ),ประชุม MA ระบบ PACC E-learning,นางสาวอัญญ์รัตน์ กัมปนานนท์,10,2026-06-23 10:23:18,นิติพงศ์ รัตนสุภา,กลุ่มงานวิชาการและพัฒนานวัตกรรมด้านการป้องกัน,กองป้องกันการทุจริตในภาครัฐ,จองสำเร็จ,2026-06-23 10:23:18
2772,2026-06-29,09:30-16:30,ห้องประชุมคณะกรรมการ,ประชุมคณะอนุกรรมการกลั่นกรองฯ คณะที่ 5 ครั้งที่ 4-42569,นายประพาฬ อนมาน,9,2026-05-18 12:31:01,พิศาล เฝื่อชาติ,กลุ่มงานคำวินิจฉัยและมติคณะกรรมการ,กองบริหารคดี,จองสำเร็จ,2026-05-18 12:31:01
2773,2026-06-29,10:30-12:00,Zoom Meeting Room 2,ประชุมคณะทำงานขจัดความเดือดร้อนของประชาชนฯ,ผอ.กปท.3,7,2026-06-23 17:52:09,ทวีศักดิ์ นันทะพงษ์,กลุ่มงานปราบปรามการทุจริตในรัฐวิสาหกิจ 1,กองปราบปรามการทุจริตในภาครัฐ 3,จองสำเร็จ,2026-06-23 17:52:09
2774,2026-06-29,12:15-16:30,ห้องอบรม (กพบ),ประชุมหารือความร่วมมือกับสถาบันสร้างชาติ,,15,2026-06-16 14:08:53,สุริยะ พรหมแก้ว,ฝ่ายบริหารทั่วไป,กองป้องกันการทุจริตในภาครัฐ,จองสำเร็จ,2026-06-16 14:08:53
2775,2026-06-29,13:30-14:30,OneConferenceRoom 1,ประชุมคณะอนุกรรมการไต่สวนข้อเท็จจริง เรื่องที่ 0398/2564 ครั้งที่ 2-2/2569,พ.ต.ท.งามพล บุญลิ่มเต็ง,4,2026-06-19 11:03:49,วิชญะ จ้อนเมือง,กลุ่มงานปราบปรามการทุจริตในรัฐวิสาหกิจ 2,กองปราบปรามการทุจริตในภาครัฐ 3,จองสำเร็จ,2026-06-19 11:03:49
2776,2026-06-29,15:00-16:00,OneConferenceRoom 1,ประชุมคณะอนุกรรมการไต่สวนข้อเท็จจริง เรื่องที่ 121054/2560 ครั้งที่ 2-2/2569,พ.ต.ท.งามพล บุญลิ่มเต็ง,1,2026-06-19 11:05:46,วิชญะ จ้อนเมือง,กลุ่มงานปราบปรามการทุจริตในรัฐวิสาหกิจ 2,กองปราบปรามการทุจริตในภาครัฐ 3,จองสำเร็จ,2026-06-19 11:05:46
2777,2026-06-30,08:00-17:00,ห้องไต่สวน3,ไต่สวน สอบปากคำพยาน,,3,2026-06-09 15:49:11,รัตติกาล ณ ราช,กลุ่มงานปราบปรามการทุจริตหน่วยงานในสังกัดสำนักนายกรัฐมนตรี,กองปราบปรามการทุจริตในภาครัฐ 5,จองสำเร็จ,2026-06-09 15:49:11
2778,2026-06-30,08:00-18:00,ห้องประชุม (กปท.4),ประชุม กพร.,,1,2026-05-14 10:27:22,วิทยา สีดา,กลุ่มพัฒนาระบบบริหาร,กลุ่มพัฒนาระบบบริหาร,จองสำเร็จ,2026-05-14 10:27:22
2779,2026-06-30,08:30-13:00,Zoom Meeting Room 1,ประชุมคณะกรรมการจริยธรรมประจำสำนักงาน ป.ป.ท.,,10,2026-05-27 15:46:36,พัทธนันท์ ประสิทธิวงษ์,กลุ่มงานจริยธรรม,ศูนย์ปฏิบัติการต่อต้านการทุจริต,จองสำเร็จ,2026-06-10 14:30:15
2780,2026-06-30,08:30-13:00,ห้องประชุม 2 (ห้องเล็ก),ประชุมคณะกรรมการจริยธรรมประจำสำนักงาน ป.ป.ท.,,10,2026-05-19 10:52:23,พัทธนันท์ ประสิทธิวงษ์,กลุ่มงานจริยธรรม,ศูนย์ปฏิบัติการต่อต้านการทุจริต,จองสำเร็จ,2026-06-10 14:29:42
2781,2026-06-30,08:30-15:30,ห้องไต่สวน2,ประชุมคณะอนุกรรมการไต่สวน,,1,2026-05-29 13:49:59,อนาวิล เกตพันธ์,กลุ่มงานปราบปรามการทุจริตในองค์กรปกครองส่วนท้องถิ่น 1,กองปราบปรามการทุจริตในภาครัฐ 4,จองสำเร็จ,2026-05-29 13:49:59
2782,2026-06-30,08:30-16:30,ห้องไต่สวน4,ไต่สวนเบื้องต้น,,3,2026-05-28 13:11:38,พรรณนิภา อารยะทรงศักดิ์,กลุ่มงานปราบปรามการทุจริตหน่วยงานไม่สังกัดกระทรวง ทบวง สำนักนายกรัฐมนตรี,กองปราบปรามการทุจริตในภาครัฐ 5,จองสำเร็จ,2026-05-28 13:11:38
2783,2026-06-30,08:30-12:30,OneConferenceRoom 1,ประชุมคณะกรรมการ ป.ป.ท. ประจำเดือน มิถุนายน 2569 ครั้งที่ 48/2569,,20,2026-05-29 14:38:22,ลลิตตา พานิชผล,กลุ่มงานบริหารคดีและบริหารทั่วไป,กองบริหารคดี,จองสำเร็จ,2026-05-29 14:38:22
2784,2026-06-30,08:30-12:00,ห้องประชุมคณะกรรมการ,ประชุมคณะกรรมการ ป.ป.ท. ประจำเดือน มิถุนายน 2569 ครั้งที่ 48/2569,,20,2026-05-29 14:37:36,ลลิตตา พานิชผล,กลุ่มงานบริหารคดีและบริหารทั่วไป,กองบริหารคดี,จองสำเร็จ,2026-05-29 14:37:36
2785,2026-06-30,09:00-16:30,ห้องประชุม(ห้องเล็ก 31),ประชุมคณะอนุกรรมการกลั่นกรองฯ คณะที่ 7,นายพิพัฒน์ วงศาโรจน์,8,2026-05-20 10:51:45,ศิริวิมล พิมพ์โคตร,กลุ่มงานกิจการคณะกรรมการ,กองบริหารคดี,จองสำเร็จ,2026-06-09 19:21:35
2786,2026-06-30,10:00-12:00,OneConferenceRoom 2,ประชุมคณะอนุกรรมการไต่สวนเรื่องที่ 0278/2566 0279/2566,พลตำรวจตรีสมควร พึ่งทรัพย์,5,2026-06-24 12:02:43,ประวิทย์ ภัทรสัตยากร,กลุ่มงานปราบปรามการทุจริตกระทรวงด้านสังคม,กองปราบปรามการทุจริตในภาครัฐ 2,จองสำเร็จ,2026-06-24 12:02:43
2787,2026-06-30,12:30-18:00,Zoom Meeting Room 9,ประชุมคณะอนุกรรมการคัดเลือกฯ ครั้งที่ 5/2569,,10,2026-06-04 16:45:38,อธิวัฒน์ ธัมมารัตน์นนท์,กลุ่มงานบริหารงานบุคคล,สำนักงานเลขาธิการ,จองสำเร็จ,2026-06-04 16:45:38
2788,2026-06-30,13:00-18:00,ห้องประชุม 2 (ห้องเล็ก),ประชุมคณะอนุกรรมการคัดเลือกฯ ครั้งที่ 5/2569,,20,2026-06-04 16:44:39,อธิวัฒน์ ธัมมารัตน์นนท์,กลุ่มงานบริหารงานบุคคล,สำนักงานเลขาธิการ,จองสำเร็จ,2026-06-04 16:44:39
2789,2026-06-30,14:00-16:30,ห้องประชุม 1 (ห้องใหญ่),ประชุมระบบ pre e-cmis,,20,2026-06-29 11:39:38,ลลิตตา พานิชผล,กลุ่มงานบริหารคดีและบริหารทั่วไป,กองบริหารคดี,จองสำเร็จ,2026-06-29 11:39:38
2790,2026-07-01,08:00-17:00,ห้องประชุม (กปท.4),ประชุม กพร.,,1,2026-06-05 07:40:09,วิทยา สีดา,กลุ่มพัฒนาระบบบริหาร,กลุ่มพัฒนาระบบบริหาร,จองสำเร็จ,2026-06-05 07:40:09
2791,2026-07-01,08:30-16:30,ห้องไต่สวน3,ไต่สวนเบื้องต้น,,3,2026-06-24 10:25:00,พรรณนิภา อารยะทรงศักดิ์,กลุ่มงานปราบปรามการทุจริตหน่วยงานไม่สังกัดกระทรวง ทบวง สำนักนายกรัฐมนตรี,กองปราบปรามการทุจริตในภาครัฐ 5,จองสำเร็จ,2026-06-24 10:25:00
2792,2026-07-01,08:30-16:30,ห้องไต่สวน4,สอบพยาน,,1,2026-06-23 09:13:47,นวพร ปั้นจันทร์,กลุ่มงานปราบปรามการทุจริตหน่วยงานในสังกัดสำนักนายกรัฐมนตรี,กองปราบปรามการทุจริตในภาครัฐ 5,จองสำเร็จ,2026-06-23 09:13:47
2793,2026-07-01,08:30-13:00,OneConferenceRoom 1,ประชุม คกก ป.ป.ท. เดือนกรกฎาคม 2569 ครั้งที่ 49/2569,,20,2026-06-26 08:41:45,ลลิตตา พานิชผล,กลุ่มงานบริหารคดีและบริหารทั่วไป,กองบริหารคดี,จองสำเร็จ,2026-06-26 08:41:45
2794,2026-07-01,08:30-12:00,ห้องประชุมคณะกรรมการ,ประชุม คกก ป.ป.ท. เดือนกรกฎาคม 2569 ครั้งที่ 49/2569,,20,2026-06-26 08:39:32,ลลิตตา พานิชผล,กลุ่มงานบริหารคดีและบริหารทั่วไป,กองบริหารคดี,จองสำเร็จ,2026-06-26 08:39:32
2795,2026-07-01,09:00-12:00,ห้องประชุม 2 (ห้องเล็ก),ประชุมหารือการตอบข้อคำถาม PGC ของ OECD,,7,2026-06-23 14:07:18,ปรัชญาพร บุญทูล,กลุ่มงานประสานการป้องกันและปราบปรามการทุจริตระหว่างประเทศ,กองการต่างประเทศ,จองสำเร็จ,2026-06-23 14:07:18
2796,2026-07-01,09:00-13:00,Zoom Meeting Room 3,การดำเนินโครงการ EEC,พันตำรวจโท สิริพงษ์ ศรีตุลา,10,2026-06-25 11:39:32,นาถยา รักหนู,กลุ่มงานป้องกันการทุจริตในภาครัฐ,สำนักงานป้องกันและปราบปรามการทุจริตในภาครัฐ เขต 2,จองสำเร็จ,2026-06-25 16:13:09
2797,2026-07-01,09:30-12:00,ห้องประชุม(ห้องเล็ก 31),ประชุมหารือกับกรมประชาสัมพันธ์,นางสาวอัญญ์รัตน์ กัมปนานนท์,6,2026-06-30 15:09:02,กิติคุณ โตรักษา,กลุ่มงานวิชาการและพัฒนานวัตกรรมด้านการป้องกัน,กองป้องกันการทุจริตในภาครัฐ,จองสำเร็จ,2026-06-30 15:09:02
2798,2026-07-01,09:30-15:00,Zoom Meeting Room 2,ประชุมคณะกรรมการพิจารณาคัดเลือกเครือข่ายต้นแบบ (ปปท. เขต 3),ผอ.ปปท. เขต 3,4,2026-06-27 14:38:22,สมจิตร ภู่ทอง,กลุ่มงานป้องกันการทุจริตในภาครัฐ,สำนักงานป้องกันและปราบปรามการทุจริตในภาครัฐ เขต 3,จองสำเร็จ,2026-06-29 09:26:02
2799,2026-07-01,09:30-12:00,Zoom Meeting Room 9,ประชุมหารือกับกรมประชาสัมพันธ์,นางสาวอัญญ์รัตน์ กัมปนานนท์,10,2026-06-30 15:10:20,กิติคุณ โตรักษา,กลุ่มงานวิชาการและพัฒนานวัตกรรมด้านการป้องกัน,กองป้องกันการทุจริตในภาครัฐ,จองสำเร็จ,2026-06-30 15:25:11
2800,2026-07-01,13:00-18:00,ห้องประชุม(ห้องเล็ก 31),พิจารณาเอกสารเครือข่ายเสนอที่ประชุมคณะอนุกรรมการ,,1,2026-06-30 08:39:27,ญาณัชชา นนทจันทร์,กลุ่มงานเครือข่ายภาคประชาสังคมป้องกันการทุจริต,กองป้องกันการทุจริตในภาครัฐ,จองสำเร็จ,2026-06-30 08:39:27
2801,2026-07-02,08:00-18:00,ห้องประชุม 2 (ห้องเล็ก),การประชุมคณะอนุกรรมการพิจารณากลั่นกรองการเปิดเผยข้อมูลข่าวสาร,นายอนุพงศ์ สุขเกษม,1,2026-06-09 14:04:30,อรวรรณ ทูลมณี,กลุ่มงานความเห็นแย้ง,กองกฎหมาย,จองสำเร็จ,2026-06-09 14:04:30
2802,2026-07-02,08:00-17:00,ห้องไต่สวน1,ประชุม กพร.,,5,2026-06-05 07:41:02,วิทยา สีดา,กลุ่มพัฒนาระบบบริหาร,กลุ่มพัฒนาระบบบริหาร,จองสำเร็จ,2026-06-05 07:41:02
2803,2026-07-02,08:00-16:30,ห้องไต่สวน2,สอบพยาน,,4,2026-06-12 15:31:30,ดวงใจ เชยชม,กลุ่มงานปราบปรามการทุจริตในองค์กรปกครองส่วนท้องถิ่น 1,กองปราบปรามการทุจริตในภาครัฐ 4,จองสำเร็จ,2026-06-12 15:31:30
2804,2026-07-02,08:00-17:00,ห้องประชุม(ห้องเล็ก 31),ไต่สวน,8 คดี,1,2026-06-23 14:17:02,สมศักดิ์ ทองประดับ,กลุ่มงานปราบปรามการทุจริตในองค์กรปกครองส่วนท้องถิ่น 2,กองปราบปรามการทุจริตในภาครัฐ 4,จองสำเร็จ,2026-06-23 14:17:02
2805,2026-07-02,08:00-16:30,ห้องประชุม (กปท.4),หารือการทำงาน,,4,2026-06-17 09:03:36,มาลี ขุมทอง,-,กองกำกับและขับเคลื่อนการดำเนินงานนโยบายภาครัฐ,จองสำเร็จ,2026-06-17 09:03:36
2806,2026-07-02,08:30-16:30,Zoom Meeting Room 1,ประชุมเพื่อรับการตรวจสำนวนคดีที่อยู่ในความรับผิดชอบของสำนักงาน ปปท.เขต ๑,นายอำนาจ พวงชมภู ประธานกรรมการ ป.ป.ท.,30,2026-06-30 15:01:39,สุรีพร แก้วพะเนาว์,กลุ่มงานบริหารคดีและบริหารทั่วไป,สำนักงานป้องกันและปราบปรามการทุจริตในภาครัฐ เขต 1,จองสำเร็จ,2026-06-30 15:21:40
2807,2026-07-02,08:30-17:00,ห้องไต่สวน3,สอบถ้อยคำพยานคดีไต่สวน,-,6,2026-06-19 09:29:23,ศิริพักร์ แก้วจันทร์,กลุ่มงานปราบปรามการทุจริตในองค์กรปกครองส่วนท้องถิ่น 2,กองปราบปรามการทุจริตในภาครัฐ 4,จองสำเร็จ,2026-06-19 09:29:23
2808,2026-07-02,08:30-17:00,ห้องไต่สวน4,ไต่สวนพยาน,,1,2026-06-19 14:06:35,สรศักดิ์ ชัยอนันต์วรพล,กลุ่มงานปราบปรามการทุจริตหน่วยงานไม่สังกัดกระทรวง ทบวง สำนักนายกรัฐมนตรี,กองปราบปรามการทุจริตในภาครัฐ 5,จองสำเร็จ,2026-06-19 14:06:35
2809,2026-07-02,14:00-17:00,ห้องประชุม 1 (ห้องใหญ่),หารือแนวทางการขับเคลื่อน CPI,กพร,10,2026-06-26 11:36:27,นิลมณี จิรอร่าม,กลุ่มพัฒนาระบบบริหาร,กลุ่มพัฒนาระบบบริหาร,จองสำเร็จ,2026-06-26 11:36:27
2810,2026-07-03,08:00-16:30,ห้องไต่สวน1,ประชุม กพร.,,4,2026-06-05 07:48:02,วิทยา สีดา,กลุ่มพัฒนาระบบบริหาร,กลุ่มพัฒนาระบบบริหาร,จองสำเร็จ,2026-06-05 07:48:02
2811,2026-07-03,08:00-17:00,ห้องประชุม(ห้องเล็ก 31),ไต่สวนเพื่อวินิจฉัยชี้มูล,พลเอก ปิยะพล วัฒนกุล,1,2026-06-27 14:26:35,ฌานปกรณ์ ขัติวงศ์พศวัฒน์,กลุ่มงานปราบปรามการทุจริตกระทรวงด้านความมั่นคง 2,กองปราบปรามการทุจริตในภาครัฐ 1,จองสำเร็จ,2026-06-27 14:26:35
2812,2026-07-03,08:00-16:30,ห้องประชุม (กปท.4),หารือการทำงาน,,4,2026-06-17 09:05:01,มาลี ขุมทอง,-,กองกำกับและขับเคลื่อนการดำเนินงานนโยบายภาครัฐ,จองสำเร็จ,2026-06-17 09:05:01
2813,2026-07-03,08:00-17:00,Zoom Meeting Room 8,ประชุมฝ่ายเลขานุการคณะทำงานพิจารณาการสมัครและคัดเลือกเครือข่ายต้นแบบฯ,นายธรรมนูญ คงรัตน์ ผอ.กลุ่มงานป้องกันการทุจริตในภาครัฐ,5,2026-06-29 10:40:37,อมรรัตน์ สองแก้ว,กลุ่มงานป้องกันการทุจริตในภาครัฐ,สำนักงานป้องกันและปราบปรามการทุจริตในภาครัฐ เขต 8,จองสำเร็จ,2026-06-29 10:59:23
2814,2026-07-03,08:30-16:30,ห้องไต่สวน2,สอบพยาน,,3,2026-06-12 09:00:08,สุพงษ์ธนา อธิเดชไพบูลย์,กลุ่มงานปราบปรามการทุจริตในภาครัฐ 3,สำนักงานป้องกันและปราบปรามการทุจริตในภาครัฐ เขต 1,จองสำเร็จ,2026-06-12 09:00:08
2815,2026-07-03,08:30-16:30,ห้องไต่สวน3,สอบปากคำ,,3,2026-06-23 15:03:04,กฤษฏ์ ธวัชชัยวิสุทธิ์,กลุ่มงานปราบปรามการทุจริตหน่วยงานไม่สังกัดกระทรวง ทบวง สำนักนายกรัฐมนตรี,กองปราบปรามการทุจริตในภาครัฐ 5,จองสำเร็จ,2026-06-23 15:03:04
2816,2026-07-03,08:45-17:45,ห้องไต่สวน4,ไต่สวนเบื่องต้น,-,1,2026-06-23 09:10:49,ประทีป ศิริดำรงค์,กลุ่มงานปราบปรามการทุจริตหน่วยงานไม่สังกัดกระทรวง ทบวง สำนักนายกรัฐมนตรี,กองปราบปรามการทุจริตในภาครัฐ 5,จองสำเร็จ,2026-06-23 09:10:49
2817,2026-07-03,12:00-16:30,ห้องประชุม 2 (ห้องเล็ก),ประชุม คกก ตรวจรับ  E-cmis,,20,2026-06-30 16:25:22,ลลิตตา พานิชผล,กลุ่มงานบริหารคดีและบริหารทั่วไป,กองบริหารคดี,จองสำเร็จ,2026-07-02 16:34:24
2818,2026-07-06,08:00-16:00,Zoom Meeting Room 1,อบรมเชิงปฏิบัติการ การจัดทำชุดข้อมูลตามแนวทางธรรมาภิบาลข้อมูลภาครัฐ สำนักงาน ป.ป.ท.,รองฯ สิริพงษ์ ศรีตุลา,40,2026-06-30 10:00:30,อรวรรณ ผดุงเกียรติ,กลุ่มงานคอมพิวเตอร์และการสื่อสาร,ศูนย์เทคโนโลยีสารสนเทศและการสื่อสาร,จองสำเร็จ,2026-06-30 16:13:56
2819,2026-07-06,08:00-16:30,ห้องไต่สวน1,ประชุม กพร.,,1,2026-06-29 08:46:33,วิทยา สีดา,กลุ่มพัฒนาระบบบริหาร,กลุ่มพัฒนาระบบบริหาร,จองสำเร็จ,2026-06-29 08:46:33
2820,2026-07-06,08:00-17:00,ห้องไต่สวน2,สอบถ้อยคำพยาน,พ.ต.ท. จิระเดช สอนเต็ม,4,2026-06-19 11:36:04,สุนิสา รักษา,กลุ่มงานปราบปรามการทุจริตในองค์กรปกครองส่วนท้องถิ่น 1,กองปราบปรามการทุจริตในภาครัฐ 4,จองสำเร็จ,2026-06-19 11:36:04
2821,2026-07-06,08:30-16:15,ห้องไต่สวน3,สอบถ้อยคำพยาน,พ.ต.ท. จิระเดช สอนเต็ม,4,2026-06-19 11:37:17,สุนิสา รักษา,กลุ่มงานปราบปรามการทุจริตในองค์กรปกครองส่วนท้องถิ่น 1,กองปราบปรามการทุจริตในภาครัฐ 4,จองสำเร็จ,2026-06-19 11:37:17
2822,2026-07-06,08:30-12:00,ห้องประชุม 1 (ห้องใหญ่),อบรมเชิงปฏิบัติการ การจัดทำชุดข้อมูลตามแนวทางธรรมาภิบาลข้อมูลภาครัฐ สำนักงาน ป.ป.ท.,พ.ต.ท.สิริพงษ์ ศรีตุลา รองเลขาธิการคณะกรรมการป้องกันและปราบปรามการทุจริตในภาครัฐ,40,2026-06-09 10:27:37,อรวรรณ ผดุงเกียรติ,กลุ่มงานคอมพิวเตอร์และการสื่อสาร,ศูนย์เทคโนโลยีสารสนเทศและการสื่อสาร,จองสำเร็จ,2026-06-15 10:17:51
2823,2026-07-06,09:00-17:00,ห้องไต่สวน4,ประชุม,,1,2026-07-06 08:53:17,พูนทรัพย์ เตชะเกียรติสุจิตร,กลุ่มงานปราบปรามการทุจริตกระทรวงด้านความมั่นคง 1,กองปราบปรามการทุจริตในภาครัฐ 1,จองสำเร็จ,2026-07-06 08:53:17
2824,2026-07-06,12:15-16:30,ห้องประชุม 1 (ห้องใหญ่),ประชุม อ.ก.พ.,เลขาธิการคณะกรรมการ ป.ป.ท.,10,2026-06-15 10:21:24,ญาดา คชาชาติ,กลุ่มงานบริหารงานบุคคล,สำนักงานเลขาธิการ,จองสำเร็จ,2026-06-15 10:21:24
2825,2026-07-06,13:00-16:00,ห้องประชุม(ห้องเล็ก 31),ประชุมคณะอนุกรรมการไต่สวน,,7,2026-06-01 11:28:21,สาริศ บรรเทิง,กลุ่มงานปราบปรามการทุจริตในรัฐวิสาหกิจ 2,กองปราบปรามการทุจริตในภาครัฐ 3,จองสำเร็จ,2026-06-01 11:28:21
2826,2026-07-06,13:00-16:00,OneConferenceRoom 1,ประชุมคณะอนุกรรมการไต่สวน เรื่องที่ 0136/2564,,7,2026-06-01 11:33:39,สาริศ บรรเทิง,กลุ่มงานปราบปรามการทุจริตในรัฐวิสาหกิจ 2,กองปราบปรามการทุจริตในภาครัฐ 3,จองสำเร็จ,2026-06-01 11:33:39
2827,2026-07-07,03:30-12:00,OneConferenceRoom 1,ประชุม คกก ป.ป.ท. เดือนกรกฎาคม 2569 ครั้งที่ 50/2569,,20,2026-06-26 08:43:17,ลลิตตา พานิชผล,กลุ่มงานบริหารคดีและบริหารทั่วไป,กองบริหารคดี,จองสำเร็จ,2026-06-26 08:43:17
2828,2026-07-07,08:00-12:00,Zoom Meeting Room 1,คณะอนุกรรมการพิจารณากลั่นกรองการเปิดเผยข้อมูลข่าวสาร,,12,2026-07-03 08:40:06,อานนท์ ชนประชา,กลุ่มงานความเห็นแย้ง,กองกฎหมาย,จองสำเร็จ,2026-07-03 08:40:06
2829,2026-07-07,08:00-12:00,ห้องประชุม 2 (ห้องเล็ก),คณะอนุกรรมการพิจารณากลั่นกรองการเปิดเผยข้อมูลข่าวสาร,,15,2026-06-19 13:24:00,อานนท์ ชนประชา,กลุ่มงานความเห็นแย้ง,กองกฎหมาย,จองสำเร็จ,2026-06-19 13:24:00
2830,2026-07-07,08:00-17:00,ห้องไต่สวน1,ประชุม กพร.,,4,2026-06-05 07:48:02,วิทยา สีดา,กลุ่มพัฒนาระบบบริหาร,กลุ่มพัฒนาระบบบริหาร,จองสำเร็จ,2026-06-05 07:48:02
2831,2026-07-07,08:00-12:00,ห้องประชุม(ห้องเล็ก 31),สอบพยาน,,1,2026-06-25 15:06:05,ดวงใจ เชยชม,กลุ่มงานปราบปรามการทุจริตในองค์กรปกครองส่วนท้องถิ่น 1,กองปราบปรามการทุจริตในภาครัฐ 4,จองสำเร็จ,2026-06-25 15:06:05
2832,2026-07-07,08:30-16:30,ห้องไต่สวน2,สอบถ้อยคำพยาน,พ.ต.ท. จิระเดช สอนเต็ม,4,2026-06-19 11:38:29,สุนิสา รักษา,กลุ่มงานปราบปรามการทุจริตในองค์กรปกครองส่วนท้องถิ่น 1,กองปราบปรามการทุจริตในภาครัฐ 4,จองสำเร็จ,2026-06-19 11:38:29
2833,2026-07-07,08:30-16:30,ห้องไต่สวน3,สอบถ้อยคำพยาน,พ.ต.ท. จิระเดช สอนเต็ม,4,2026-06-19 11:40:30,สุนิสา รักษา,กลุ่มงานปราบปรามการทุจริตในองค์กรปกครองส่วนท้องถิ่น 1,กองปราบปรามการทุจริตในภาครัฐ 4,จองสำเร็จ,2026-06-19 11:40:30
2834,2026-07-07,08:30-16:30,ห้องประชุม 1 (ห้องใหญ่),อบรมเชิงปฏิบัติการ การจัดทำชุดข้อมูลตามแนวทางธรรมาภิบาลข้อมูลภาครัฐ สำนักงาน ป.ป.ท.,พ.ต.ท. สิริพงษ์ ศรีตุลา รองเลขาธิการคณะกรรมการป้องกันและปราบปรามการทุจริตในภาครัฐ,40,2026-06-09 10:32:31,อรวรรณ ผดุงเกียรติ,กลุ่มงานคอมพิวเตอร์และการสื่อสาร,ศูนย์เทคโนโลยีสารสนเทศและการสื่อสาร,จองสำเร็จ,2026-06-09 10:32:31
2835,2026-07-07,08:30-12:30,ห้องประชุมคณะกรรมการ,ประชุม คกก ป.ป.ท. เดือนกรกฎาคม 2569 ครั้งที่ 50/2569,,20,2026-06-26 08:42:40,ลลิตตา พานิชผล,กลุ่มงานบริหารคดีและบริหารทั่วไป,กองบริหารคดี,จองสำเร็จ,2026-06-26 08:43:31
2836,2026-07-07,10:00-13:00,Zoom Meeting Room 2,ประชุมคณะกรรมการดำเนินงานจ้างผู้ควบคุมงานก่อสร้างโดยวิธีประกาศเชิญชวนทั่วไป,นายธรรมโรจน์ เงาฉาย,5,2026-07-03 16:28:46,สุกัญญา จิตรากุล,กลุ่มงานปราบปรามการทุจริตในภาครัฐ 3,สำนักงานป้องกันและปราบปรามการทุจริตในภาครัฐ เขต 4,จองสำเร็จ,2026-07-03 18:11:56
2837,2026-07-07,12:30-16:45,ห้องประชุม 2 (ห้องเล็ก),คณะอนุกรรมการพิจารณากลั่นกรองการเปิดเผยข้อมูลข่าวสาร,,15,2026-06-12 15:21:01,อานนท์ ชนประชา,กลุ่มงานความเห็นแย้ง,กองกฎหมาย,จองสำเร็จ,2026-06-12 15:21:01
2838,2026-07-07,13:00-17:00,OneConferenceRoom 1,ประชุมคณะอนุกรรมการไต่สวน,ร.อ.นิสิต วิพลชัย,3,2026-07-06 12:01:23,ศรีสมเกียรติ แท่นทอง,กลุ่มงานปราบปรามการทุจริตในภาครัฐ 2,สำนักงานป้องกันและปราบปรามการทุจริตในภาครัฐ เขต 8,จองสำเร็จ,2026-07-06 13:39:05
2839,2026-07-08,08:00-17:30,ห้องไต่สวน1,ประชุม กพร.,,4,2026-06-05 07:48:02,วิทยา สีดา,กลุ่มพัฒนาระบบบริหาร,กลุ่มพัฒนาระบบบริหาร,จองสำเร็จ,2026-06-05 07:48:02
2840,2026-07-08,08:00-16:30,Zoom Meeting Room 8,ประชุมคณะอนุพิจารณาคัดเลือกเครือข่ายต้นแบบ,นายวิเชียร พุฒิวิญญู,1,2026-06-13 09:10:23,ญาณัชชา นนทจันทร์,กลุ่มงานเครือข่ายภาคประชาสังคมป้องกันการทุจริต,กองป้องกันการทุจริตในภาครัฐ,จองสำเร็จ,2026-06-13 09:10:23
2841,2026-07-08,08:15-16:30,ห้องไต่สวน3,สอบถ้อยคำพยาน,พ.ต.ท. จิระเดช สอนเต็ม,4,2026-06-19 11:42:30,สุนิสา รักษา,กลุ่มงานปราบปรามการทุจริตในองค์กรปกครองส่วนท้องถิ่น 1,กองปราบปรามการทุจริตในภาครัฐ 4,จองสำเร็จ,2026-06-19 11:42:30
2842,2026-07-08,08:30-16:30,ห้องไต่สวน2,สอบถ้อยคำพยาน,พ.ต.ท. จิระเดช สอนเต็ม,4,2026-06-19 11:41:40,สุนิสา รักษา,กลุ่มงานปราบปรามการทุจริตในองค์กรปกครองส่วนท้องถิ่น 1,กองปราบปรามการทุจริตในภาครัฐ 4,จองสำเร็จ,2026-06-19 11:41:40
2843,2026-07-08,08:30-16:30,ห้องไต่สวน4,ไต่สวน,,4,2026-06-17 13:49:37,วิชาญ พิเนตรเสถียร,กลุ่มงานปราบปรามการทุจริตหน่วยงานไม่สังกัดกระทรวง ทบวง สำนักนายกรัฐมนตรี,กองปราบปรามการทุจริตในภาครัฐ 5,จองสำเร็จ,2026-06-17 13:49:37
2844,2026-07-08,08:30-16:00,ห้องประชุม 1 (ห้องใหญ่),ประชุมคณะอนุพิจารณาคัดเลือกเครือข่ายต้นแบบ,นายวิเชียร พุฒิวิญญู,1,2026-06-13 09:09:08,ญาณัชชา นนทจันทร์,กลุ่มงานเครือข่ายภาคประชาสังคมป้องกันการทุจริต,กองป้องกันการทุจริตในภาครัฐ,จองสำเร็จ,2026-06-13 09:09:08
2845,2026-07-08,08:30-12:30,OneConferenceRoom 1,ประชุม คกก ป.ป.ท. เดือนกรกฎาคม 2569 ครั้งที่ 51/2569,,20,2026-06-26 08:45:06,ลลิตตา พานิชผล,กลุ่มงานบริหารคดีและบริหารทั่วไป,กองบริหารคดี,จองสำเร็จ,2026-06-26 08:45:06
2846,2026-07-08,08:30-12:30,ห้องประชุมคณะกรรมการ,ประชุม คกก ป.ป.ท. เดือนกรกฎาคม 2569 ครั้งที่ 51/2569,,20,2026-06-26 08:44:18,ลลิตตา พานิชผล,กลุ่มงานบริหารคดีและบริหารทั่วไป,กองบริหารคดี,จองสำเร็จ,2026-06-26 08:44:18
2847,2026-07-08,09:00-12:00,ห้องประชุม 2 (ห้องเล็ก),การประชุมคณะทำงานบริหารงบประมาณ,ท่านรองเลขาธิการ ป.ป.ท. พันตำรวจโท สิริพงษ์  ศรีตุลา,20,2026-07-02 09:16:40,ศราวุฒิ ทับทิมพลาย,ฝ่ายบริหารทั่วไป,กองยุทธศาสตร์และแผนงาน,จองสำเร็จ,2026-07-02 09:16:40
2848,2026-07-08,09:00-12:00,ห้องประชุม(ห้องเล็ก 31),ประชุมคณะกรรมการจัดจ้าง ศบช ครั้งที่ 3,นางสาวพัชรียา ต่อประดิษฐ์7,5,2026-06-22 13:33:23,แพรววนิต เวียงมูล,กลุ่มความร่วมมือและพัฒนานวัตกรรมความโปร่งใสในภาครัฐ,กองการต่างประเทศ,จองสำเร็จ,2026-06-22 13:33:23
2849,2026-07-08,12:00-16:00,ห้องประชุม 2 (ห้องเล็ก),ประกอบการประชุม คณะทำงานการบริหารงบประมาณรายจ่าย ประจำปีงบประมาณ พ.ศ. 2569  ครั้งที่ 3/2569,พ.ต.ท. สิริพงษ์ ศรีตุลา ผู้ช่วยเลขาธิการคณะกรรมการ ป.ป.ท.,20,2026-07-07 10:19:44,รัชดาภรณ์ เทพพุทธา,กลุ่มงานแผนงานและงบประมาณ,กองยุทธศาสตร์และแผนงาน,จองสำเร็จ,2026-07-07 10:19:44
2850,2026-07-08,13:00-16:30,ห้องประชุม (กปท.4),ประชุมคดีไต่สวน,พันตำรวจโท ทนง เพิ่มพูล,5,2026-07-06 09:37:26,นวีนา วัฒนประดิษฐ์,กลุ่มงานปราบปรามการทุจริตในองค์กรปกครองส่วนท้องถิ่น 1,กองปราบปรามการทุจริตในภาครัฐ 4,จองสำเร็จ,2026-07-06 09:37:26
2851,2026-07-09,08:00-17:00,Zoom Meeting Room 1,โครงการพัฒนาคุณภาพการบริหารจัดการภาครัฐ ตามมาตรฐานสากล PMQA 4.0 ของสำนักงาน ป.ป.ท. ประจำปีงบประมาณ พ.ศ. 2569 กิจกรรมที่ 2 (ครั้งที่ 1) ประชุมเชิงปฏิบัติการ,พันตำรวจโท สิริพงษ์ ศรีตุลา,40,2026-07-02 13:37:14,ศักดิ์ดา สารจันทร์,กลุ่มพัฒนาระบบบริหาร,กลุ่มพัฒนาระบบบริหาร,จองสำเร็จ,2026-07-02 13:37:14
2852,2026-07-09,08:00-16:30,ห้องประชุม 2 (ห้องเล็ก),โครงการพัฒนาคุณภาพการบริหารจัดการภาครัฐ ตามมาตรฐานสากล PMQA 4.0 ของสำนักงาน ป.ป.ท. ประจำปีงบประมาณ พ.ศ. 2569 กิจกรรมที่ 2 (ครั้งที่ 1),พันตำรวจโท สิริพงษ์ ศรีตุลา,10,2026-07-02 14:48:06,ศักดิ์ดา สารจันทร์,กลุ่มพัฒนาระบบบริหาร,กลุ่มพัฒนาระบบบริหาร,จองสำเร็จ,2026-07-02 14:48:06
2853,2026-07-09,08:00-17:30,ห้องไต่สวน1,ประชุม กพร.,,4,2026-06-05 07:48:02,วิทยา สีดา,กลุ่มพัฒนาระบบบริหาร,กลุ่มพัฒนาระบบบริหาร,จองสำเร็จ,2026-06-05 07:48:02
2854,2026-07-09,08:00-17:00,ห้องไต่สวน3,ไต่สวน,พ.ต.อ.ประหยัด เงางาม,1,2026-06-05 11:54:12,ตระกูล บุญทัน,กลุ่มงานปราบปรามการทุจริตหน่วยงานในสังกัดสำนักนายกรัฐมนตรี,กองปราบปรามการทุจริตในภาครัฐ 5,จองสำเร็จ,2026-06-05 11:54:12
2855,2026-07-09,08:00-17:00,ห้องไต่สวน4,ไต่สวน,พ.ต.อ.ประหยัด เงางาม,1,2026-06-05 11:55:28,ตระกูล บุญทัน,กลุ่มงานปราบปรามการทุจริตหน่วยงานในสังกัดสำนักนายกรัฐมนตรี,กองปราบปรามการทุจริตในภาครัฐ 5,จองสำเร็จ,2026-06-05 11:55:28
2856,2026-07-09,08:00-14:00,Zoom Meeting Room 6,ประชุมตรวจราชการติดตามการตรวจสำนวน ปปท. เขต 4,,30,2026-07-07 14:25:44,เพชรรัตน์ เครือศิริกุล,กลุ่มงานบริหารคดีและบริหารทั่วไป,สำนักงานป้องกันและปราบปรามการทุจริตในภาครัฐ เขต 4,จองสำเร็จ,2026-07-07 14:57:22
2857,2026-07-09,08:30-17:00,ห้องไต่สวน2,สอบผู้ร้อง,-,2,2026-06-17 11:43:38,ระวิพรรณ จินดาดวง,กลุ่มงานปราบปรามการทุจริตกระทรวงด้านความมั่นคง 1,กองปราบปรามการทุจริตในภาครัฐ 1,จองสำเร็จ,2026-06-17 11:43:38
2858,2026-07-09,08:30-16:30,ห้องประชุม(ห้องเล็ก 31),ไต่สวน,,4,2026-06-17 14:14:04,วิชาญ พิเนตรเสถียร,กลุ่มงานปราบปรามการทุจริตหน่วยงานไม่สังกัดกระทรวง ทบวง สำนักนายกรัฐมนตรี,กองปราบปรามการทุจริตในภาครัฐ 5,จองสำเร็จ,2026-06-17 14:14:04
2859,2026-07-09,10:00-12:15,ห้องอบรม (กพบ),ประชุมทีมไอทีของรัฐบาล,,10,2026-07-07 08:54:26,วันพรรษา รัตนประทุม,กลุ่มงานบริหารคดีและบริหารทั่วไป,กองบริหารคดี,จองสำเร็จ,2026-07-07 08:56:54
2860,2026-07-09,10:00-12:00,Zoom Meeting Room 2,ประชุมพิจารณาร่างรายละเอียดคุณลักษณะฯ ตามข้อวิจารณ์,นายภูเบศ แท่นนิล,4,2026-07-08 09:23:54,รัญชนะ น้อยอิ่ม,กลุ่มงานปราบปรามคดีพิเศษ,กองอำนวยการต่อต้านการทุจริต,จองสำเร็จ,2026-07-08 11:09:47
2861,2026-07-09,12:00-16:00,ห้องประชุม 1 (ห้องใหญ่),ประชุมคณะกรรมการตรวจรับร่วมกับมหาวิทยาลัยธรรมศาสตร์,กิตวิภา สุวรรณรัตน์,12,2026-07-02 16:41:29,สรพงษ์ กุ้ยบำรุง,กลุ่มความร่วมมือและพัฒนานวัตกรรมความโปร่งใสในภาครัฐ,กองการต่างประเทศ,จองสำเร็จ,2026-07-02 16:41:29
2862,2026-07-10,08:00-17:00,ห้องไต่สวน1,ประชุม กพร.,,1,2026-06-05 07:48:02,วิทยา สีดา,กลุ่มพัฒนาระบบบริหาร,กลุ่มพัฒนาระบบบริหาร,จองสำเร็จ,2026-06-05 07:48:02
2863,2026-07-10,08:00-12:15,ห้องประชุม(ห้องเล็ก 31),ไต่สวน,,4,2026-07-08 14:34:34,สัณหภณ พงษ์ประเสริฐ,กลุ่มงานปราบปรามการทุจริตกระทรวงด้านความมั่นคง 2,กองปราบปรามการทุจริตในภาครัฐ 1,จองสำเร็จ,2026-07-08 14:34:34
2864,2026-07-10,08:30-16:30,Zoom Meeting Room 1,ประชุมติดตามเร่งรัดการใช้จ่ายงบประมาณ ประจำปีงบประมาณ พ.ศ. 2569,รองเลขาธิการคณะกรรมการ ป.ป.ท. (พันตำรวจโท สิริพงษ์  ศรีตุลา),1,2026-06-18 12:35:04,ศิริรัตน์ สีชมภู,กลุ่มงานติดตามและประเมินผล,กองยุทธศาสตร์และแผนงาน,จองสำเร็จ,2026-06-18 13:07:14
2865,2026-07-10,08:30-16:30,ห้องไต่สวน3,ไต่สวนเบื้องต้น,,3,2026-06-24 10:28:51,พรรณนิภา อารยะทรงศักดิ์,กลุ่มงานปราบปรามการทุจริตหน่วยงานไม่สังกัดกระทรวง ทบวง สำนักนายกรัฐมนตรี,กองปราบปรามการทุจริตในภาครัฐ 5,จองสำเร็จ,2026-06-24 10:28:51
2866,2026-07-10,08:30-16:30,ห้องไต่สวน4,ไต่สวน,,4,2026-06-17 13:52:56,วิชาญ พิเนตรเสถียร,กลุ่มงานปราบปรามการทุจริตหน่วยงานไม่สังกัดกระทรวง ทบวง สำนักนายกรัฐมนตรี,กองปราบปรามการทุจริตในภาครัฐ 5,จองสำเร็จ,2026-06-17 13:52:56
2867,2026-07-10,08:30-16:30,ห้องประชุม 1 (ห้องใหญ่),ประชุมติดตามเร่งรัดการใช้จ่ายงบประมาณ ประจำปีงบประมาณ พ.ศ. 2569,รองเลขาธิการคณะกรรมการ ป.ป.ท. (พันตำรวจโท สิริพงษ์  ศรีตุลา),1,2026-06-18 12:34:01,ศิริรัตน์ สีชมภู,กลุ่มงานติดตามและประเมินผล,กองยุทธศาสตร์และแผนงาน,จองสำเร็จ,2026-06-18 12:34:01
2868,2026-07-10,08:30-10:00,OneConferenceRoom 1,ประชุมคณะอนุกรรมการไต่สวน สำนวนเรื่องที่ 0105/2565,นายสุภาพ ศิริ,3,2026-07-08 13:37:44,จารวี ฉัตรเสถียรศักดิ์,กลุ่มงานปราบปรามการทุจริตในภาครัฐ 3,สำนักงานป้องกันและปราบปรามการทุจริตในภาครัฐ เขต 6,จองสำเร็จ,2026-07-08 13:37:44
2869,2026-07-10,09:00-16:30,ห้องไต่สวน2,ไต่สวน,,3,2026-06-25 16:19:50,พูนทรัพย์ เตชะเกียรติสุจิตร,กลุ่มงานปราบปรามการทุจริตกระทรวงด้านความมั่นคง 1,กองปราบปรามการทุจริตในภาครัฐ 1,จองสำเร็จ,2026-06-25 16:19:50
2870,2026-07-10,13:00-15:00,ห้องประชุม (กปท.4),ไต่สวน,,3,2026-07-10 11:53:59,สัณหภณ พงษ์ประเสริฐ,กลุ่มงานปราบปรามการทุจริตกระทรวงด้านความมั่นคง 2,กองปราบปรามการทุจริตในภาครัฐ 1,จองสำเร็จ,2026-07-10 11:53:59
2871,2026-07-10,13:45-16:30,OneConferenceRoom 1,ประชุมคณะอนุกรรมการไต่สวน สำนวนเรื่องที่ 0105/1565,นายสุภาพ ศิริ,1,2026-07-10 09:01:10,จารวี ฉัตรเสถียรศักดิ์,กลุ่มงานปราบปรามการทุจริตในภาครัฐ 3,สำนักงานป้องกันและปราบปรามการทุจริตในภาครัฐ เขต 6,จองสำเร็จ,2026-07-10 09:01:10
2872,2026-07-13,08:00-17:00,Zoom Meeting Room 1,อบรมเชิงปฏิบัติการ การจัดทำชุดข้อมูลตามแนวทางธรรมาภิบาลข้อมูลภาครัฐ สำนักงาน ป.ป.ท.,รองฯ สิริพงษ์ ศรีตุลา,40,2026-06-30 10:02:12,อรวรรณ ผดุงเกียรติ,กลุ่มงานคอมพิวเตอร์และการสื่อสาร,ศูนย์เทคโนโลยีสารสนเทศและการสื่อสาร,จองสำเร็จ,2026-06-30 13:14:03
2873,2026-07-13,08:00-17:00,ห้องไต่สวน1,ประชุม กพร.,,1,2026-06-05 07:48:02,วิทยา สีดา,กลุ่มพัฒนาระบบบริหาร,กลุ่มพัฒนาระบบบริหาร,จองสำเร็จ,2026-06-05 07:48:02
2874,2026-07-13,08:00-17:00,ห้องไต่สวน4,ไต่สวน สอบปากคำพยาน,,3,2026-06-30 14:38:23,รัตติกาล ณ ราช,กลุ่มงานปราบปรามการทุจริตหน่วยงานในสังกัดสำนักนายกรัฐมนตรี,กองปราบปรามการทุจริตในภาครัฐ 5,จองสำเร็จ,2026-06-30 14:38:23
2875,2026-07-13,08:00-10:00,ห้องประชุม(ห้องเล็ก 31),ประชุมคณะกรรมการจัดจ้าง (ศบช.),นางสาวพัชรียา ต่อประดิษฐ์,5,2026-07-09 11:07:14,แพรววนิต เวียงมูล,กลุ่มความร่วมมือและพัฒนานวัตกรรมความโปร่งใสในภาครัฐ,กองการต่างประเทศ,จองสำเร็จ,2026-07-09 11:07:35
2876,2026-07-13,08:30-16:30,ห้องไต่สวน3,ไต่สวนเบื้องต้น,,3,2026-06-30 16:32:51,พรรณนิภา อารยะทรงศักดิ์,กลุ่มงานปราบปรามการทุจริตหน่วยงานไม่สังกัดกระทรวง ทบวง สำนักนายกรัฐมนตรี,กองปราบปรามการทุจริตในภาครัฐ 5,จองสำเร็จ,2026-06-30 16:32:51
2877,2026-07-13,08:30-16:30,ห้องอบรม (กพบ),หลักสูตร “การพัฒนาสมรรถนะด้านการบริหารทรัพยากรบุคคลสำหรับบุคลากรสำนักงานเลขาธิการ”,ผอ. สลธ.,20,2026-06-29 08:57:46,ณัฏฐ์รินทร์ กรรณสูต,กลุ่มงานพัฒนาบุคลากร,สำนักงานเลขาธิการ,จองสำเร็จ,2026-06-29 08:57:46
2878,2026-07-13,08:30-12:15,ห้องประชุม (กปท.4),สอบปากคำพยาน,,4,2026-07-02 15:30:39,สัณหภณ พงษ์ประเสริฐ,กลุ่มงานปราบปรามการทุจริตกระทรวงด้านความมั่นคง 2,กองปราบปรามการทุจริตในภาครัฐ 1,จองสำเร็จ,2026-07-02 15:30:39
2879,2026-07-13,08:45-16:00,ห้องไต่สวน2,สอบปากคำผู้กล่าวหา พยาน,-,4,2026-06-23 16:01:34,ตระกูล บุญทัน,กลุ่มงานปราบปรามการทุจริตหน่วยงานในสังกัดสำนักนายกรัฐมนตรี,กองปราบปรามการทุจริตในภาครัฐ 5,จองสำเร็จ,2026-06-23 16:01:34
2880,2026-07-13,09:00-12:00,ห้องประชุม 2 (ห้องเล็ก),ประชุม กปก.,,6,2026-07-13 08:50:36,สุริยะ พรหมแก้ว,ฝ่ายบริหารทั่วไป,กองป้องกันการทุจริตในภาครัฐ,จองสำเร็จ,2026-07-13 08:50:36
2881,2026-07-13,09:30-11:30,OneConferenceRoom 2,ประชุมคณะอนุกรรมการไต่สวน เรื่องที่ 1596/2568 ตามคำสั่ง คณะกรรมการ ป.ป.ท. ลับ ที่ 34/2569 ล.ว. 11  มี.ค. 69  (ครั้งที่ 2-2/2569),นายสุภาพ ศิริ,5,2026-07-07 15:39:39,วริษา รุ่มจิตร,กลุ่มงานปราบปรามการทุจริตในภาครัฐ 1,สำนักงานป้องกันและปราบปรามการทุจริตในภาครัฐ เขต 8,จองสำเร็จ,2026-07-07 15:54:18
2882,2026-07-13,10:00-16:00,ห้องประชุม(ห้องเล็ก 31),ประชุมพิจารณาและให้ข้อเสนอต่อร่างงานงวดที่ 2,คณะกรรมการตรวจรับงานพัสดุ,7,2026-07-08 13:59:11,กิริยา พิชยวัฒน์,กลุ่มความร่วมมือและพัฒนานวัตกรรมความโปร่งใสในภาครัฐ,กองการต่างประเทศ,จองสำเร็จ,2026-07-08 13:59:11
2883,2026-07-13,10:00-16:00,Zoom Meeting Room 3,ประชุมพิจารณาและให้ข้อเสนอต่อร่างงานงวดที่ 2,คณะกรรมการตรวจรับพัสดุ,7,2026-07-08 14:00:30,กิริยา พิชยวัฒน์,กลุ่มความร่วมมือและพัฒนานวัตกรรมความโปร่งใสในภาครัฐ,กองการต่างประเทศ,จองสำเร็จ,2026-07-08 15:38:12
2884,2026-07-13,10:45-15:00,Zoom Meeting Room 6,หารือกรณีเพลิงไหม้,นายภูมิวิศาล เกษมศุข,30,2026-07-13 10:08:05,ประภัศษร ครองงาม,กลุ่มงานติดตามและประเมินผล,กองยุทธศาสตร์และแผนงาน,จองสำเร็จ,2026-07-13 10:11:17
2885,2026-07-13,11:00-12:00,ห้องประชุม 1 (ห้องใหญ่),การประชุม,้เลขาธิการ ปปท.,20,2026-07-13 10:03:30,สุกัญญา แก่นสุวรรณ,กลุ่มอำนวยการผู้บริหาร,สำนักงานเลขาธิการ,จองสำเร็จ,2026-07-13 10:03:30
2886,2026-07-13,12:00-16:30,ห้องประชุม 1 (ห้องใหญ่),ประชุมตรวจรับ e-cmis ครั้งที่ 4/2569,,30,2026-06-30 17:03:10,ลลิตตา พานิชผล,กลุ่มงานบริหารคดีและบริหารทั่วไป,กองบริหารคดี,จองสำเร็จ,2026-06-30 17:03:10
2887,2026-07-13,12:30-16:30,Zoom Meeting Room 2,ประชุมตรวจรับ e-cmis ครั้งที่ 4/2569,,20,2026-06-30 17:03:47,ลลิตตา พานิชผล,กลุ่มงานบริหารคดีและบริหารทั่วไป,กองบริหารคดี,จองสำเร็จ,2026-06-30 17:10:19
2888,2026-07-14,08:00-17:00,Zoom Meeting Room 1,อบรมเชิงปฏิบัติการ การจัดทำชุดข้อมูลตามแนวทางธรรมาภิบาลข้อมูลภาครัฐ สำนักงาน ป.ป.ท.,รองฯ สิริพงษ์ ศรีตุลา,40,2026-06-30 10:03:18,อรวรรณ ผดุงเกียรติ,กลุ่มงานคอมพิวเตอร์และการสื่อสาร,ศูนย์เทคโนโลยีสารสนเทศและการสื่อสาร,จองสำเร็จ,2026-06-30 13:15:13
2889,2026-07-14,08:00-17:00,ห้องไต่สวน1,ประชุม กพร.,,1,2026-06-05 07:48:02,วิทยา สีดา,กลุ่มพัฒนาระบบบริหาร,กลุ่มพัฒนาระบบบริหาร,จองสำเร็จ,2026-06-05 07:48:02
2890,2026-07-14,08:00-17:00,ห้องไต่สวน2,ไต่สวน สอบปากคำพยาน,,3,2026-06-26 12:53:38,รัตติกาล ณ ราช,กลุ่มงานปราบปรามการทุจริตหน่วยงานในสังกัดสำนักนายกรัฐมนตรี,กองปราบปรามการทุจริตในภาครัฐ 5,จองสำเร็จ,2026-06-26 12:53:38
2891,2026-07-14,08:00-16:30,ห้องไต่สวน3,ไต่สวน,,3,2026-06-29 11:36:01,ณัฏฐพล ศุรธีร์โกศล,กลุ่มงานปราบปรามการทุจริตหน่วยงานในสังกัดสำนักนายกรัฐมนตรี,กองปราบปรามการทุจริตในภาครัฐ 5,จองสำเร็จ,2026-06-29 11:36:01
2892,2026-07-14,08:30-16:00,ห้องไต่สวน4,ไต่สวน,,3,2026-06-18 15:41:18,มะลิไล แก้วมาดีงาม,กลุ่มงานปราบปรามการทุจริตหน่วยงานไม่สังกัดกระทรวง ทบวง สำนักนายกรัฐมนตรี,กองปราบปรามการทุจริตในภาครัฐ 5,จองสำเร็จ,2026-06-18 15:41:18
2893,2026-07-14,08:30-12:00,ห้องประชุม(ห้องเล็ก 31),สอบถ้อยคำพยาน,,4,2026-06-30 18:34:30,ศิริพักร์ แก้วจันทร์,กลุ่มงานปราบปรามการทุจริตในองค์กรปกครองส่วนท้องถิ่น 2,กองปราบปรามการทุจริตในภาครัฐ 4,จองสำเร็จ,2026-06-30 18:34:30
2894,2026-07-14,08:30-12:00,OneConferenceRoom 1,ประชุม คกก ป.ป.ท. เดือนกรกฎาคม 2569 ครั้งที่ 52/2569,,20,2026-06-26 08:47:19,ลลิตตา พานิชผล,กลุ่มงานบริหารคดีและบริหารทั่วไป,กองบริหารคดี,จองสำเร็จ,2026-06-26 08:47:19
2895,2026-07-14,08:30-12:30,ห้องประชุมคณะกรรมการ,ประชุม คกก ป.ป.ท. เดือนกรกฎาคม 2569 ครั้งที่ 52/2569,,20,2026-06-26 08:46:16,ลลิตตา พานิชผล,กลุ่มงานบริหารคดีและบริหารทั่วไป,กองบริหารคดี,จองสำเร็จ,2026-06-26 08:46:16
2896,2026-07-14,09:00-12:00,ห้องประชุม (กปท.4),สอบผู้ร้องเรียน,,3,2026-06-29 14:46:10,สหราช เกษอินทร์,กลุ่มงานปราบปรามการทุจริตในองค์กรปกครองส่วนท้องถิ่น 1,กองปราบปรามการทุจริตในภาครัฐ 4,จองสำเร็จ,2026-06-29 14:46:10
2897,2026-07-14,12:00-16:30,ห้องประชุม 2 (ห้องเล็ก),ประชุมคณะทำงาน ITA,,25,2026-06-30 15:46:55,พัทธนันท์ ประสิทธิวงษ์,กลุ่มงานจริยธรรม,ศูนย์ปฏิบัติการต่อต้านการทุจริต,จองสำเร็จ,2026-06-30 15:46:55
2898,2026-07-14,12:00-16:30,Zoom Meeting Room 2,ประชุมคณะทำงาน ITA,,50,2026-06-30 15:51:17,พัทธนันท์ ประสิทธิวงษ์,กลุ่มงานจริยธรรม,ศูนย์ปฏิบัติการต่อต้านการทุจริต,จองสำเร็จ,2026-06-30 16:06:48
2899,2026-07-14,12:15-16:30,ห้องประชุม (กปท.4),สอบพยาน,,4,2026-07-03 15:29:03,นวีนา วัฒนประดิษฐ์,กลุ่มงานปราบปรามการทุจริตในองค์กรปกครองส่วนท้องถิ่น 1,กองปราบปรามการทุจริตในภาครัฐ 4,จองสำเร็จ,2026-07-03 15:29:03
2900,2026-07-14,13:00-17:00,ห้องประชุม(ห้องเล็ก 31),พิจารณาเอกสารเครือข่ายต้นแบบ,,4,2026-07-12 12:31:26,ญาณัชชา นนทจันทร์,กลุ่มงานเครือข่ายภาคประชาสังคมป้องกันการทุจริต,กองป้องกันการทุจริตในภาครัฐ,จองสำเร็จ,2026-07-12 12:31:26
2901,2026-07-15,06:30-18:00,ห้องไต่สวน2,ไต่สวนข้อเท็จจริง,,1,2026-06-16 15:00:14,อภิรักษ์ คงคาเพชร,กลุ่มงานปราบปรามการทุจริตในองค์กรปกครองส่วนท้องถิ่น 2,กองปราบปรามการทุจริตในภาครัฐ 4,จองสำเร็จ,2026-06-16 15:00:14
2902,2026-07-15,08:00-17:00,ห้องไต่สวน1,ประชุม กพร.,,1,2026-06-05 07:48:02,วิทยา สีดา,กลุ่มพัฒนาระบบบริหาร,กลุ่มพัฒนาระบบบริหาร,จองสำเร็จ,2026-06-05 07:48:02
2903,2026-07-15,08:00-17:00,ห้องไต่สวน3,นัดสอบสวนพยาน,พ.ต.ต.จิระเดช สอนเต็ม,1,2026-06-17 12:07:02,จิระเดช สอนเต็ม,กลุ่มงานปราบปรามการทุจริตในองค์กรปกครองส่วนท้องถิ่น 1,กองปราบปรามการทุจริตในภาครัฐ 4,จองสำเร็จ,2026-06-17 12:07:02
2904,2026-07-15,08:00-12:00,ห้องประชุม(ห้องเล็ก 31),ประชุมคดีไต่สวน,,5,2026-07-10 15:40:23,สุนิสา รักษา,กลุ่มงานปราบปรามการทุจริตในองค์กรปกครองส่วนท้องถิ่น 1,กองปราบปรามการทุจริตในภาครัฐ 4,จองสำเร็จ,2026-07-10 15:40:23
2905,2026-07-15,08:00-12:00,ห้องประชุม (กปท.4),สอบพยาน,,3,2026-07-03 11:19:31,ประภัสรา นิลจันทึก,กลุ่มงานปราบปรามการทุจริตในองค์กรปกครองส่วนท้องถิ่น 2,กองปราบปรามการทุจริตในภาครัฐ 4,จองสำเร็จ,2026-07-03 11:19:31
2906,2026-07-15,08:30-16:00,ห้องไต่สวน4,ไต่สวน,,3,2026-06-18 15:41:57,มะลิไล แก้วมาดีงาม,กลุ่มงานปราบปรามการทุจริตหน่วยงานไม่สังกัดกระทรวง ทบวง สำนักนายกรัฐมนตรี,กองปราบปรามการทุจริตในภาครัฐ 5,จองสำเร็จ,2026-06-18 15:41:57
2907,2026-07-15,08:30-11:00,Zoom Meeting Room 2,ประชุมประเมินบุคคลและผลงานฯ,-,6,2026-07-02 07:18:15,ตติยา แก้วละเอียด,กลุ่มงานบริหารงานบุคคล,สำนักงานเลขาธิการ,จองสำเร็จ,2026-07-03 18:07:32
2908,2026-07-15,08:30-12:30,OneConferenceRoom 2,ประชุม คกก ป.ป.ท. เดือนกรกฎาคม 2569 ครั้งที่ 53/2569,,20,2026-06-26 09:00:42,ลลิตตา พานิชผล,กลุ่มงานบริหารคดีและบริหารทั่วไป,กองบริหารคดี,จองสำเร็จ,2026-06-26 09:00:42
2909,2026-07-15,08:30-12:30,ห้องประชุมคณะกรรมการ,ประชุม คกก ป.ป.ท. เดือนกรกฎาคม 2569 ครั้งที่ 53/2569,,20,2026-06-26 08:49:01,ลลิตตา พานิชผล,กลุ่มงานบริหารคดีและบริหารทั่วไป,กองบริหารคดี,จองสำเร็จ,2026-06-26 08:49:01
2910,2026-07-15,09:00-16:30,ห้องประชุม 2 (ห้องเล็ก),การประชุมคณะอนุกรรมการกลั่นกรองฯ คณะที่ 4,พลโท กิตติยุทธ  กิตติยุทธโยธิน,9,2026-06-15 14:27:37,ณัฐฐพิชา นาวินธรรม,กลุ่มงานคำวินิจฉัยและมติคณะกรรมการ,กองบริหารคดี,จองสำเร็จ,2026-06-15 14:27:37
2911,2026-07-15,09:00-16:30,OneConferenceRoom 1,การประชุมคณะอนุกรรมการกลั่นกรองฯ คณะที่ 4,พลโท กิตติยุทธ  กิตติยุทธโยธิน,9,2026-06-15 14:27:37,ณัฐฐพิชา นาวินธรรม,กลุ่มงานคำวินิจฉัยและมติคณะกรรมการ,กองบริหารคดี,จองสำเร็จ,2026-06-15 14:27:37
2912,2026-07-15,12:00-16:30,Zoom Meeting Room 1,การประชุมคณะอนุกรรมการประเมินผลแผนปฏิบัติราชการรายปี พ.ศ. 2568 สำนักงาน ป.ป.ท. ครั้งที่ 3/2569,วิเชียร  จันทรโณทัย,14,2026-07-02 14:35:25,จิราวัฒน์ ตู้ไม้ป่า,กลุ่มงานติดตามและประเมินผล,กองยุทธศาสตร์และแผนงาน,จองสำเร็จ,2026-07-02 17:53:25
2913,2026-07-15,12:00-16:30,ห้องประชุม 1 (ห้องใหญ่),การประชุมคณะอนุกรรมการประเมินผลการขับเคลื่อนแผนปฏิบัติราชการรายปี (พ.ศ. 2568) สำนักงาน ป.ป.ท. ครั้งที่ 3/2569,วิเชียร  จันทรโณทัย,14,2026-06-26 10:53:06,จิราวัฒน์ ตู้ไม้ป่า,กลุ่มงานติดตามและประเมินผล,กองยุทธศาสตร์และแผนงาน,จองสำเร็จ,2026-06-26 10:53:06
2914,2026-07-15,12:00-16:30,ห้องประชุม(ห้องเล็ก 31),ตอบแบบวัด IIT โดยสำนักงาน ป.ป.ช.,,10,2026-07-09 08:30:08,เสาวณีย์ แจ้งอักษร,กลุ่มงานป้องกันและปราบปรามการทุจริตและประพฤติมิชอบ,ศูนย์ปฏิบัติการต่อต้านการทุจริต,จองสำเร็จ,2026-07-09 08:30:08
2915,2026-07-15,13:00-17:30,ห้องประชุม (กปท.4),สอบผู้ร้อง เรื่องที่ 1240/2569,,1,2026-07-02 13:20:40,ดารณี ปฐมโยธิน,กลุ่มงานปราบปรามการทุจริตกระทรวงด้านความมั่นคง 2,กองปราบปรามการทุจริตในภาครัฐ 1,จองสำเร็จ,2026-07-02 13:20:40
2916,2026-07-16,06:00-17:30,ห้องไต่สวน2,ไต่สวน,,1,2026-06-16 16:27:32,อภิรักษ์ คงคาเพชร,กลุ่มงานปราบปรามการทุจริตในองค์กรปกครองส่วนท้องถิ่น 2,กองปราบปรามการทุจริตในภาครัฐ 4,จองสำเร็จ,2026-06-16 16:27:32
2917,2026-07-16,08:00-17:00,ห้องไต่สวน1,นัดสอบสวนพยาน,,1,2026-07-15 09:42:14,จิระเดช สอนเต็ม,กลุ่มงานปราบปรามการทุจริตในองค์กรปกครองส่วนท้องถิ่น 1,กองปราบปรามการทุจริตในภาครัฐ 4,จองสำเร็จ,2026-07-15 09:42:14
2918,2026-07-16,08:00-16:30,ห้องไต่สวน3,ประชุมคดี,นางนรินยา สุภาพพูล,7,2026-06-25 15:08:28,จิราพรรณ ทาบุราญ,กลุ่มงานปราบปรามการทุจริตในองค์กรปกครองส่วนท้องถิ่น 2,กองปราบปรามการทุจริตในภาครัฐ 4,จองสำเร็จ,2026-06-25 15:08:28
2919,2026-07-16,08:00-18:00,ห้องประชุม (กปท.4),สอบปากคำ โรงเบียร์ ณ ลาดพร้าว,,10,2026-07-14 11:24:58,กฤษฏ์ ธวัชชัยวิสุทธิ์,กลุ่มงานปราบปรามการทุจริตหน่วยงานไม่สังกัดกระทรวง ทบวง สำนักนายกรัฐมนตรี,กองปราบปรามการทุจริตในภาครัฐ 5,จองสำเร็จ,2026-07-14 11:24:58
2920,2026-07-16,08:30-16:00,ห้องไต่สวน4,ไต่สวน,,3,2026-06-18 15:42:41,มะลิไล แก้วมาดีงาม,กลุ่มงานปราบปรามการทุจริตหน่วยงานไม่สังกัดกระทรวง ทบวง สำนักนายกรัฐมนตรี,กองปราบปรามการทุจริตในภาครัฐ 5,จองสำเร็จ,2026-06-18 15:42:41
2921,2026-07-16,08:30-16:30,ห้องประชุม(ห้องเล็ก 31),ประชุมพิจารณาเครือข่ายต้นแบบฯ (เตรียมข้อมูลในการประชุมคณะอนุกรรมการพิจารณาและคัดเลือกเครือข่ายต้นแบบฯ,ผอ.กลุ่มงานเครือข่ายภาครประชาสังคมฯ,5,2026-07-12 12:37:51,เกศรารัตติ์ บุนนท์,กลุ่มงานเครือข่ายภาคประชาสังคมป้องกันการทุจริต,กองป้องกันการทุจริตในภาครัฐ,จองสำเร็จ,2026-07-12 12:37:51
2922,2026-07-16,09:00-12:00,Zoom Meeting Room 1,ประชุมการเปิดระบบสารบรรณ GDCC (งานคดี),นางสาวณฐพร  สิทธิชัย,40,2026-07-08 16:10:39,ชุติกาญจน์ อรรถศิริปัญญา,กลุ่มงานสารบรรณ,สำนักงานเลขาธิการ,จองสำเร็จ,2026-07-13 15:39:09
2923,2026-07-16,09:00-12:00,ห้องประชุม 1 (ห้องใหญ่),ประชุมการเปิดระบบสารบรรณ GDCC (งานคดี),นางสาวณฐพร  สิทธิชัย,40,2026-07-08 16:10:39,ชุติกาญจน์ อรรถศิริปัญญา,กลุ่มงานสารบรรณ,สำนักงานเลขาธิการ,จองสำเร็จ,2026-07-13 15:39:09
2924,2026-07-16,09:30-15:30,ห้องประชุม 2 (ห้องเล็ก),ประชุมคณะอนุกรรมการกลั่นกรองฯ คณะที่ 1,พลโท นพพร โควหกุล,9,2026-06-22 14:58:09,ปิยะนุช ชูเมือง,กลุ่มงานคำวินิจฉัยและมติคณะกรรมการ,กองบริหารคดี,จองสำเร็จ,2026-06-23 11:31:06
2925,2026-07-16,09:30-15:30,OneConferenceRoom 1,ประชุมคณะอนุกรรมการกลั่นกรองฯ คณะที่ 1,พลโท นพพร โควหกุล,9,2026-06-22 14:59:00,ปิยะนุช ชูเมือง,กลุ่มงานคำวินิจฉัยและมติคณะกรรมการ,กองบริหารคดี,จองสำเร็จ,2026-06-23 11:30:40
2926,2026-07-16,10:00-16:00,OneConferenceRoom 2,ขออนุมัติจัดประชุมคณะอนุกรรมการไต่สวนข้อเท็จจริง ผ่านอิเล็กทรอนิกส์ One Conference,นายภาวี โพธิ์ยี่,1,2026-07-16 08:48:05,ใหม่ วงศ์สร้างทรัพย์,กลุ่มงานปราบปรามการทุจริตกระทรวงด้านเศรษฐกิจ,กองปราบปรามการทุจริตในภาครัฐ 2,จองสำเร็จ,2026-07-16 13:12:50
2927,2026-07-17,08:00-17:00,ห้องไต่สวน2,สอบผู้ร้อง,,1,2026-06-29 10:18:13,ศรัทธา ศรมณี,กลุ่มงานปราบปรามการทุจริตหน่วยงานไม่สังกัดกระทรวง ทบวง สำนักนายกรัฐมนตรี,กองปราบปรามการทุจริตในภาครัฐ 5,จองสำเร็จ,2026-06-29 10:18:13
2928,2026-07-17,08:00-17:00,ห้องไต่สวน3,ไต่สวน,,3,2026-06-29 11:39:16,ณัฏฐพล ศุรธีร์โกศล,กลุ่มงานปราบปรามการทุจริตหน่วยงานในสังกัดสำนักนายกรัฐมนตรี,กองปราบปรามการทุจริตในภาครัฐ 5,จองสำเร็จ,2026-06-29 11:39:16
2929,2026-07-17,08:00-18:00,ห้องประชุม (กปท.4),สอบปากคำ โรงเบียร์ ณ ลาดพร้าว,,10,2026-07-14 11:25:38,กฤษฏ์ ธวัชชัยวิสุทธิ์,กลุ่มงานปราบปรามการทุจริตหน่วยงานไม่สังกัดกระทรวง ทบวง สำนักนายกรัฐมนตรี,กองปราบปรามการทุจริตในภาครัฐ 5,จองสำเร็จ,2026-07-14 11:25:38
2930,2026-07-17,08:30-16:00,ห้องประชุม 2 (ห้องเล็ก),ประชุมคณะอนุกรรมการพิจารณาและคัดเลือกเครือข่ายต้นแบบฯ ครั้งที่ 2/2569,รองเลขาธิการคณะกรรมการ ป.ป.ท. (นายเอกชัย เกษมสุขธวัชป,20,2026-07-05 22:03:56,เกศรารัตติ์ บุนนท์,กลุ่มงานเครือข่ายภาคประชาสังคมป้องกันการทุจริต,กองป้องกันการทุจริตในภาครัฐ,จองสำเร็จ,2026-07-05 22:03:56
2931,2026-07-17,08:30-16:30,ห้องไต่สวน1,สอบปากคำ,,1,2026-07-16 09:32:13,กฤษฏ์ ธวัชชัยวิสุทธิ์,กลุ่มงานปราบปรามการทุจริตหน่วยงานไม่สังกัดกระทรวง ทบวง สำนักนายกรัฐมนตรี,กองปราบปรามการทุจริตในภาครัฐ 5,จองสำเร็จ,2026-07-16 09:32:13
2932,2026-07-17,08:30-16:00,ห้องไต่สวน4,ไต่สวน,,3,2026-06-18 15:43:48,มะลิไล แก้วมาดีงาม,กลุ่มงานปราบปรามการทุจริตหน่วยงานไม่สังกัดกระทรวง ทบวง สำนักนายกรัฐมนตรี,กองปราบปรามการทุจริตในภาครัฐ 5,จองสำเร็จ,2026-06-18 15:43:48
2933,2026-07-17,08:30-17:00,Zoom Meeting Room 8,ประชุมคณะอนุกรรมการพิจารณาและคัดเลือกเครือข่ายฯ ครั้งที่ 2/2569,,5,2026-07-05 23:47:23,ญาณัชชา นนทจันทร์,กลุ่มงานเครือข่ายภาคประชาสังคมป้องกันการทุจริต,กองป้องกันการทุจริตในภาครัฐ,จองสำเร็จ,2026-07-06 14:50:20
2934,2026-07-17,08:30-16:30,ห้องประชุมคณะกรรมการ,ประชุมคณะอนุกรรมการกลั่นกรองฯ คณะที่ 3 ครั้งที่ 4-4/2569,นายภาส ภาสสัทธา,9,2026-06-22 15:38:07,นงค์ลักษณ์ ยั่งยืน,กลุ่มงานคำวินิจฉัยและมติคณะกรรมการ,กองบริหารคดี,จองสำเร็จ,2026-06-25 14:23:30
2935,2026-07-17,10:00-12:00,ห้องประชุม(กยผ),ประชุมติดตามการพัฒนาระบบฯ ประจำไตรมาสที่ 3,,8,2026-07-16 09:30:09,ศุภนิดา มาพบ,-,กองกำกับและขับเคลื่อนการดำเนินงานนโยบายภาครัฐ,จองสำเร็จ,2026-07-16 09:30:09
2936,2026-07-17,12:00-16:30,Zoom Meeting Room 2,การประชุมคณะกรรมการพัฒนาคุณภาพการบริหารจัดการภาครัฐ 4.0 (PMQA 4.0) ของสำนักงาน ป.ป.ท. ประจำปีงบประมาณ พ.ศ. 2569 ครั้งที่ 2/2569,พันตำรวจโท สิริพงษ์ ศรีตุลา,1,2026-07-11 19:14:11,ศักดิ์ดา สารจันทร์,กลุ่มพัฒนาระบบบริหาร,กลุ่มพัฒนาระบบบริหาร,จองสำเร็จ,2026-07-11 19:20:11
2937,2026-07-17,13:00-15:00,ห้องประชุม(ห้องเล็ก 31),ประชุมคณะกรรมการประเมินผลงานฯ,ผอ.กยผ.,1,2026-07-03 16:44:38,พัชร์ณิษา ภูมิพิริยะไชย,กลุ่มงานบริหารงานบุคคล,สำนักงานเลขาธิการ,จองสำเร็จ,2026-07-03 16:44:38
2938,2026-07-17,14:00-16:30,ห้องประชุม 1 (ห้องใหญ่),การประชุมคณะกรรมการพัฒนาคุณภาพการบริหารจัดการภาครัฐ 4.0 (PMQA 4.0) ของสำนักงาน ป.ป.ท. ประจำปีงบประมาณ พ.ศ. 2569 ครั้งที่ 2/2569,พันตำรวจโท สิริพงษ์ ศรีตุลา,1,2026-07-11 22:30:12,ศักดิ์ดา สารจันทร์,กลุ่มพัฒนาระบบบริหาร,กลุ่มพัฒนาระบบบริหาร,จองสำเร็จ,2026-07-11 22:30:12
2939,2026-07-20,08:00-18:00,ห้องไต่สวน2,ไต่สวน,,3,2026-06-22 16:27:08,อภิรักษ์ คงคาเพชร,กลุ่มงานปราบปรามการทุจริตในองค์กรปกครองส่วนท้องถิ่น 2,กองปราบปรามการทุจริตในภาครัฐ 4,จองสำเร็จ,2026-06-22 16:27:33
2940,2026-07-20,08:00-17:00,ห้องไต่สวน4,สอบพยาน,,3,2026-07-14 15:05:03,กชมน สุธีรวัฒนกุล,กลุ่มงานปราบปรามการทุจริตในองค์กรปกครองส่วนท้องถิ่น 1,กองปราบปรามการทุจริตในภาครัฐ 4,จองสำเร็จ,2026-07-14 15:05:03
2941,2026-07-20,08:00-12:00,Zoom Meeting Room 3,ประชุมเรื่องพิจารณา กรณีการทบทวนมติ,ณรงค์ รัตนานุกุล,5,2026-07-17 17:00:49,ณปภัช ศศิชาณฐมณ,กลุ่มงานปราบปรามการทุจริตในรัฐวิสาหกิจ 1,กองปราบปรามการทุจริตในภาครัฐ 3,จองสำเร็จ,2026-07-17 17:00:49
2942,2026-07-20,08:30-12:00,Zoom Meeting Room 1,คณะอนุกรรมการพิจารณากลั่นกรองการเปิดเผยข้อมูลข่าวสาร,,10,2026-07-08 10:33:43,อานนท์ ชนประชา,กลุ่มงานความเห็นแย้ง,กองกฎหมาย,จองสำเร็จ,2026-07-08 11:41:25
2943,2026-07-20,08:30-12:00,ห้องประชุม 2 (ห้องเล็ก),คณะอนุกรรมการพิจารณากลั่นกรองการเปิดเผยข้อมูลข่าวสาร,,15,2026-07-08 10:33:08,อานนท์ ชนประชา,กลุ่มงานความเห็นแย้ง,กองกฎหมาย,จองสำเร็จ,2026-07-08 10:33:08
2944,2026-07-20,09:00-12:00,OneConferenceRoom 2,ประชุมอนุไต่สวนฯ,ณรงค์ รัตนานุกูล,1,2026-07-17 14:26:45,ณปภัช ศศิชาณฐมณ,กลุ่มงานปราบปรามการทุจริตในรัฐวิสาหกิจ 1,กองปราบปรามการทุจริตในภาครัฐ 3,จองสำเร็จ,2026-07-17 14:26:45
2945,2026-07-20,09:30-16:30,OneConferenceRoom 1,ประชุมคณะอนุกรรมการสนับสนุนเลขาธิการคณะกรรมการ ป.ป.ท.ฯ คณะที่ 2 ครั้งที่ 65-7/2569,พันตำรวจโท ชัยวิณ เสมาทอง,13,2026-06-30 16:00:13,กฤติยาวดี ณ ถลาง,กลุ่มงานกิจการคณะกรรมการ,กองบริหารคดี,จองสำเร็จ,2026-06-30 16:00:13
2946,2026-07-20,09:30-16:30,ห้องประชุมคณะกรรมการ,ประชุมคณะอนุกรรมการสนับสนุนเลขาธิการคณะกรรมการ ป.ป.ท.ฯ คณะที่ 2 ครั้งที่ 65-7/2569,พันตำรวจโท ชัยวิณ เสมาทอง,13,2026-06-30 16:00:13,กฤติยาวดี ณ ถลาง,กลุ่มงานกิจการคณะกรรมการ,กองบริหารคดี,จองสำเร็จ,2026-06-30 16:00:13
2947,2026-07-20,10:00-12:00,ห้องอบรม (กพบ),ประชุมติดตามระบบบริหารงานคลังงบประมาณและสินทรัพย์,,1,2026-07-17 12:30:10,อรวรรณ บุตรรัด,กลุ่มงานคลัง,สำนักงานเลขาธิการ,จองสำเร็จ,2026-07-17 12:30:10
2948,2026-07-20,13:30-17:30,ห้องประชุม(ห้องเล็ก 31),พิจารณาเอกสารเครือข่ายต้นแบบ,,4,2026-07-12 12:38:47,ญาณัชชา นนทจันทร์,กลุ่มงานเครือข่ายภาคประชาสังคมป้องกันการทุจริต,กองป้องกันการทุจริตในภาครัฐ,จองสำเร็จ,2026-07-12 12:38:47
2949,2026-07-20,14:00-16:30,Zoom Meeting Room 1,ประชุมคณะกรรมการพิจารณาข้อมูลข่าวสารของสำนักงาน ป.ป.ท.,รองเลขาธิการคณะกรรมการ ป.ป.ท 1,15,2026-07-06 11:17:14,จิรวดี จินดาพล,กลุ่มงานกฎหมาย,กองกฎหมาย,จองสำเร็จ,2026-07-06 14:53:10
2950,2026-07-20,14:00-16:30,ห้องประชุม(กยผ),ให้สัมภาษณ์ สำนักงาน ป.ป.ช. ประเมินผลการดำเนินโครงการตามแผนปฏิบัติการด้านการต่อต้านการทุจริตและประพฤติมิชอบ,,5,2026-07-15 15:56:39,นพณัช นิลสนธิ,กลุ่มความร่วมมือและพัฒนานวัตกรรมความโปร่งใสในภาครัฐ,กองการต่างประเทศ,จองสำเร็จ,2026-07-15 15:56:53
2951,2026-07-20,14:30-16:30,ห้องประชุม 2 (ห้องเล็ก),ประชุมคณะกรรมการพิจารณาข้อมูลข่าวสารของสำนักงาน ป.ป.ท.,รองเลขาธิการคณะกรรมการ ป.ป.ท. 1,15,2026-07-06 11:15:49,จิรวดี จินดาพล,กลุ่มงานกฎหมาย,กองกฎหมาย,จองสำเร็จ,2026-07-06 11:15:49
2952,2026-07-21,08:00-12:00,ห้องไต่สวน1,สอบถ้อยคำพยาน,,3,2026-07-17 16:44:31,ศิริพักร์ แก้วจันทร์,กลุ่มงานปราบปรามการทุจริตในองค์กรปกครองส่วนท้องถิ่น 2,กองปราบปรามการทุจริตในภาครัฐ 4,จองสำเร็จ,2026-07-17 16:44:31
2953,2026-07-21,08:00-17:00,ห้องไต่สวน2,สอบพยาน,ระวิพรรณ จินดาดวง,5,2026-07-08 11:03:21,ระวิพรรณ จินดาดวง,กลุ่มงานปราบปรามการทุจริตกระทรวงด้านความมั่นคง 1,กองปราบปรามการทุจริตในภาครัฐ 1,จองสำเร็จ,2026-07-08 11:03:21
2954,2026-07-21,08:00-12:00,ห้องประชุม 1 (ห้องใหญ่),ประชุม อ.ก.พ. สำนักงาน ป.ป.ท.,เลขาธิการคณะกรรมการ ป.ป.ท.,10,2026-07-01 17:06:42,ญาดา คชาชาติ,กลุ่มงานบริหารงานบุคคล,สำนักงานเลขาธิการ,จองสำเร็จ,2026-07-01 17:06:42
2955,2026-07-21,08:30-16:30,ห้องประชุม 2 (ห้องเล็ก),ประชุมคณะอนุกรรมการกลั่นกรองฯ คณะที่ 7,นายพิพัฒน์ วงศาโรจน์,9,2026-06-30 15:25:02,ศิริวิมล พิมพ์โคตร,กลุ่มงานกิจการคณะกรรมการ,กองบริหารคดี,จองสำเร็จ,2026-06-30 15:25:02
2956,2026-07-21,08:30-16:30,ห้องไต่สวน3,สอบพยาน,-,1,2026-07-09 10:21:58,วิสุทธิ์ แสนสำราญ,กลุ่มงานปราบปรามการทุจริตในภาครัฐ 1,สำนักงานป้องกันและปราบปรามการทุจริตในภาครัฐ เขต 6,จองสำเร็จ,2026-07-09 10:21:58
2957,2026-07-21,08:30-16:30,ห้องไต่สวน4,ไต่สวนเบื้องต้น,,2,2026-06-30 13:34:07,โรสนา ศักดิ์นภาพรเลิศ,กลุ่มงานปราบปรามการทุจริตหน่วยงานไม่สังกัดกระทรวง ทบวง สำนักนายกรัฐมนตรี,กองปราบปรามการทุจริตในภาครัฐ 5,จองสำเร็จ,2026-06-30 13:34:07
2958,2026-07-21,08:30-12:00,OneConferenceRoom 1,ประชุม คกก ป.ป.ท. เดือนกรกฎาคม 2569 ครั้งที่ 54/2569,,20,2026-06-26 08:50:48,ลลิตตา พานิชผล,กลุ่มงานบริหารคดีและบริหารทั่วไป,กองบริหารคดี,จองสำเร็จ,2026-06-26 08:50:48
2959,2026-07-21,08:30-12:00,ห้องประชุมคณะกรรมการ,ประชุม คกก ป.ป.ท. เดือนกรกฎาคม 2569 ครั้งที่ 54/2569,,20,2026-06-26 08:50:10,ลลิตตา พานิชผล,กลุ่มงานบริหารคดีและบริหารทั่วไป,กองบริหารคดี,จองสำเร็จ,2026-06-26 08:50:10
2960,2026-07-21,09:00-16:30,ห้องประชุม(ห้องเล็ก 31),พิจารณาเอกสารเครือข่ายต้นแบบ,,4,2026-07-12 12:39:25,ญาณัชชา นนทจันทร์,กลุ่มงานเครือข่ายภาคประชาสังคมป้องกันการทุจริต,กองป้องกันการทุจริตในภาครัฐ,จองสำเร็จ,2026-07-12 12:39:25
2961,2026-07-21,09:00-12:00,ห้องประชุม (กปท.4),สอบคำให้การ,,3,2026-07-14 10:12:48,ภัทร คงคาทิพย์,กลุ่มงานปราบปรามการทุจริตในองค์กรปกครองส่วนท้องถิ่น 1,กองปราบปรามการทุจริตในภาครัฐ 4,จองสำเร็จ,2026-07-14 10:12:48
2962,2026-07-21,13:00-15:30,ห้องไต่สวน1,สอบพยาน,,4,2026-07-15 09:39:17,นวีนา วัฒนประดิษฐ์,กลุ่มงานปราบปรามการทุจริตในองค์กรปกครองส่วนท้องถิ่น 1,กองปราบปรามการทุจริตในภาครัฐ 4,จองสำเร็จ,2026-07-15 09:39:17
2963,2026-07-22,08:00-16:30,ห้องประชุม 1 (ห้องใหญ่),"หลักสูตร ""วิชาชีพพนักงาน ป.ป.ท. ชั้นที่ 1"" รุ่นที่ 9",เลขาธิการคณะกรรมการ ป.ป.ท.,30,2026-07-14 16:02:49,ณัฏฐ์รินทร์ กรรณสูต,กลุ่มงานพัฒนาบุคลากร,สำนักงานเลขาธิการ,จองสำเร็จ,2026-07-14 16:02:49
2964,2026-07-22,08:00-17:00,Zoom Meeting Room 7,ฝึกอบรมหลักสูตรวิชาชีพพนักงาน ป.ป.ท. ชั้น 1 รุ่นที่ 9 ระหว่างวันที่ 22 กรกฎาคม - 21 สิงหาคม 2569,,10,2026-07-19 21:58:49,เลอสันต์ หมู่หมื่นศรี,กลุ่มงานคอมพิวเตอร์และการสื่อสาร,ศูนย์เทคโนโลยีสารสนเทศและการสื่อสาร,จองสำเร็จ,2026-07-19 21:58:49
2965,2026-07-22,08:30-16:30,ห้องไต่สวน1,สอบปากคำ,,5,2026-07-16 14:11:03,กฤษฏ์ ธวัชชัยวิสุทธิ์,กลุ่มงานปราบปรามการทุจริตหน่วยงานไม่สังกัดกระทรวง ทบวง สำนักนายกรัฐมนตรี,กองปราบปรามการทุจริตในภาครัฐ 5,จองสำเร็จ,2026-07-16 14:11:03
2966,2026-07-22,08:30-16:30,ห้องไต่สวน2,สอบพยาน,,4,2026-07-14 08:21:07,อนาวิล เกตพันธ์,กลุ่มงานปราบปรามการทุจริตในองค์กรปกครองส่วนท้องถิ่น 1,กองปราบปรามการทุจริตในภาครัฐ 4,จองสำเร็จ,2026-07-14 08:21:07
2967,2026-07-22,08:30-16:00,ห้องไต่สวน4,ไต่สวน,,2,2026-06-26 09:18:08,มะลิไล แก้วมาดีงาม,กลุ่มงานปราบปรามการทุจริตหน่วยงานไม่สังกัดกระทรวง ทบวง สำนักนายกรัฐมนตรี,กองปราบปรามการทุจริตในภาครัฐ 5,จองสำเร็จ,2026-06-26 09:18:08
2968,2026-07-22,08:30-16:30,ห้องประชุม(ห้องเล็ก 31),ประชุมฯหารือ,,15,2026-07-03 14:25:09,สุริยะ พรหมแก้ว,ฝ่ายบริหารทั่วไป,กองป้องกันการทุจริตในภาครัฐ,จองสำเร็จ,2026-07-03 14:25:09
2969,2026-07-22,08:30-12:00,OneConferenceRoom 1,ประชุม คกก ป.ป.ท. เดือนกรกฎาคม 2569 ครั้งที่ 55/2569,,20,2026-06-26 09:05:32,ลลิตตา พานิชผล,กลุ่มงานบริหารคดีและบริหารทั่วไป,กองบริหารคดี,จองสำเร็จ,2026-06-26 09:05:32
2970,2026-07-22,08:30-12:00,ห้องประชุมคณะกรรมการ,ประชุม คกก ป.ป.ท. เดือนกรกฎาคม 2569 ครั้งที่ 55/2569,,20,2026-06-26 08:57:37,ลลิตตา พานิชผล,กลุ่มงานบริหารคดีและบริหารทั่วไป,กองบริหารคดี,จองสำเร็จ,2026-06-26 08:57:37
2971,2026-07-22,09:00-13:00,ห้องประชุม 2 (ห้องเล็ก),ประชุมคณะอนุกรรมการพิจารณากลั่นกรองข้อเท็จจริง กรณีหน่วยงาน ก.พ.ค. ส่งคำวินิจฉัยเพื่อพิจารณาทบทวนมติคณะกรรมการ ป.ป.ท. ที่ชี้มูลความผิดทางวินัย ครั้งที่ 1-1/2569,นายอดิศักดิ์ ปัตรวลี,1,2026-07-09 15:21:59,อนุวรรณ ทองหัตถา,กลุ่มงานบริหารติดตามคดี,กองบริหารคดี,จองสำเร็จ,2026-07-09 15:21:59
2972,2026-07-22,09:00-16:30,ห้องไต่สวน3,สอบพยาน,,5,2026-07-15 09:51:22,ศิรินทร์ทิพย์ โพธิมาศ,กลุ่มงานปราบปรามการทุจริตหน่วยงานไม่สังกัดกระทรวง ทบวง สำนักนายกรัฐมนตรี,กองปราบปรามการทุจริตในภาครัฐ 5,จองสำเร็จ,2026-07-15 09:51:22
2973,2026-07-22,09:00-15:00,ห้องประชุม (กปท.4),ประชุมคณะทำงานความเสี่ยง/ประชุมคณะกรรมการสวัสดิการ ป.ป.ท. ครั้งที่ 2/2569,,1,2026-07-21 19:37:29,นรินยา สุภาพพูล,กลุ่มงานปราบปรามการทุจริตในองค์กรปกครองส่วนท้องถิ่น 2,กองปราบปรามการทุจริตในภาครัฐ 4,จองสำเร็จ,2026-07-21 19:37:29
2974,2026-07-22,10:00-14:00,Zoom Meeting Room 4,ประชุมหารือ กำกับ การจ้าง MA,,1,2026-07-22 09:33:44,เลอสันต์ หมู่หมื่นศรี,กลุ่มงานคอมพิวเตอร์และการสื่อสาร,ศูนย์เทคโนโลยีสารสนเทศและการสื่อสาร,จองสำเร็จ,2026-07-22 09:33:44
2975,2026-07-22,11:00-17:00,Zoom Meeting Room 2,การรับโอนข้าราชการ,เลขาธิการคณะกรรมการ ป.ป.ท.,1,2026-07-21 13:45:52,พัชร์ณิษา ภูมิพิริยะไชย,กลุ่มงานบริหารงานบุคคล,สำนักงานเลขาธิการ,จองสำเร็จ,2026-07-21 15:05:34
2976,2026-07-22,12:00-16:30,Zoom Meeting Room 9,ประชุมคณะกรรมการสวัสดิการฯ,พ.ต.ท.สิริพงษ์ ศรีตุลา,15,2026-07-14 16:12:42,ตะวัน ราชไลกิจ,กลุ่มงานบริหารงานบุคคล,สำนักงานเลขาธิการ,จองสำเร็จ,2026-07-14 16:12:42
2977,2026-07-22,12:45-16:30,Zoom Meeting Room 1,ประชุมระบบ E-Cmis,,20,2026-07-16 15:53:04,ลลิตตา พานิชผล,กลุ่มงานบริหารคดีและบริหารทั่วไป,กองบริหารคดี,จองสำเร็จ,2026-07-16 15:53:04
2978,2026-07-22,13:00-16:30,ห้องประชุม 2 (ห้องเล็ก),ประชุมระบบ E-Cmis,,20,2026-07-15 16:33:13,ลลิตตา พานิชผล,กลุ่มงานบริหารคดีและบริหารทั่วไป,กองบริหารคดี,จองสำเร็จ,2026-07-16 15:51:50
2979,2026-07-22,13:00-15:00,OneConferenceRoom 3,ประชุมคดีศูนย์คุ้มครองฯ เชียงใหม่ คำสั่ง 87/2561 เรื่องที่ 100388/256,นายกฤษณ์  กระแสเวส,6,2026-07-15 18:30:38,ภัคภิณญา อุตสาย,กลุ่มงานบริหารคดีและบริหารทั่วไป,สำนักงานป้องกันและปราบปรามการทุจริตในภาครัฐ เขต 5,จองสำเร็จ,2026-07-15 18:30:38
2980,2026-07-22,15:00-17:00,ห้องอบรม (กพบ),การรับโอนข้าราชการ,เลขาธิการคณะกรรมการ ป.ป.ท.,1,2026-07-21 13:44:45,พัชร์ณิษา ภูมิพิริยะไชย,กลุ่มงานบริหารงานบุคคล,สำนักงานเลขาธิการ,จองสำเร็จ,2026-07-21 13:44:45
2981,2026-07-23,08:00-17:00,ห้องไต่สวน2,ไต่สวนข้อเท็จริง,,4,2026-07-14 09:54:20,รัตติกาล ณ ราช,กลุ่มงานปราบปรามการทุจริตหน่วยงานในสังกัดสำนักนายกรัฐมนตรี,กองปราบปรามการทุจริตในภาครัฐ 5,จองสำเร็จ,2026-07-14 09:54:20
2982,2026-07-23,08:30-16:30,ห้องไต่สวน3,ไต่สวน,,4,2026-07-08 15:19:51,วิชาญ พิเนตรเสถียร,กลุ่มงานปราบปรามการทุจริตหน่วยงานไม่สังกัดกระทรวง ทบวง สำนักนายกรัฐมนตรี,กองปราบปรามการทุจริตในภาครัฐ 5,จองสำเร็จ,2026-07-08 15:19:51
2983,2026-07-23,08:30-16:30,ห้องประชุม(ห้องเล็ก 31),ประชุมฯหารือ,,15,2026-07-03 14:25:54,สุริยะ พรหมแก้ว,ฝ่ายบริหารทั่วไป,กองป้องกันการทุจริตในภาครัฐ,จองสำเร็จ,2026-07-03 14:25:54
2984,2026-07-23,09:00-16:30,ห้องไต่สวน4,ไต่สวนเบื้องต้น,,2,2026-07-08 13:20:03,โรสนา ศักดิ์นภาพรเลิศ,กลุ่มงานปราบปรามการทุจริตหน่วยงานไม่สังกัดกระทรวง ทบวง สำนักนายกรัฐมนตรี,กองปราบปรามการทุจริตในภาครัฐ 5,จองสำเร็จ,2026-07-08 13:20:03
2985,2026-07-23,09:00-17:00,Zoom Meeting Room 7,ฝึกอบรมหลักสูตรวิชาชีพพนักงาน ป.ป.ท. ชั้น 1 รุ่นที่ 9 ระหว่างวันที่ 22 กรกฎาคม - 21 สิงหาคม 2569,,10,2026-07-19 21:58:49,เลอสันต์ หมู่หมื่นศรี,กลุ่มงานคอมพิวเตอร์และการสื่อสาร,ศูนย์เทคโนโลยีสารสนเทศและการสื่อสาร,จองสำเร็จ,2026-07-22 16:23:08
2986,2026-07-23,09:30-19:00,ห้องประชุม 2 (ห้องเล็ก),ห้องประชุม 2 (ห้องเล็ก) เพื่อ ภารกิจ ว.5,-,20,2026-07-23 09:13:35,มนัชญา เกตุสุทธิ,กลุ่มงานช่วยอำนวยการ,สำนักงานเลขาธิการ,จองสำเร็จ,2026-07-23 09:13:35
2987,2026-07-23,09:30-16:30,OneConferenceRoom 1,ประชุมคณะอนุกรรมการกลั่นกรองฯ คณะที่ 2 ครั้งที่ 4-4/2569,นายพิทักษ์ คงจันทร์,9,2026-07-03 14:53:44,ฤาฤทธิ์ เริงสมุทร์,กลุ่มงานคำวินิจฉัยและมติคณะกรรมการ,กองบริหารคดี,จองสำเร็จ,2026-07-03 14:53:44
2988,2026-07-23,09:30-16:30,ห้องประชุมคณะกรรมการ,ประชุมคณะอนุกรรมการกลั่นกรองฯ คณะที่ 2 ครั้งที่ 4-4/2569,นายพิทักษ์ คงจันทร์,9,2026-07-03 14:53:44,ฤาฤทธิ์ เริงสมุทร์,กลุ่มงานคำวินิจฉัยและมติคณะกรรมการ,กองบริหารคดี,จองสำเร็จ,2026-07-03 14:53:44
2989,2026-07-24,08:00-17:00,Zoom Meeting Room 7,ฝึกอบรมหลักสูตรวิชาชีพพนักงาน ป.ป.ท. ชั้น 1 รุ่นที่ 9 ระหว่างวันที่ 22 กรกฎาคม - 21 สิงหาคม 2569,,10,2026-07-19 21:58:49,เลอสันต์ หมู่หมื่นศรี,กลุ่มงานคอมพิวเตอร์และการสื่อสาร,ศูนย์เทคโนโลยีสารสนเทศและการสื่อสาร,จองสำเร็จ,2026-07-19 21:58:49
2990,2026-07-24,08:30-16:30,ห้องประชุม 2 (ห้องเล็ก),ประชุมคณะอนุกรรมการกลั่นกรองฯ คณะที่ 6 ครั้งที่ 5-5/2569,พลตำรวจตรี นพรัตน์ รินทพล,9,2026-06-29 13:39:34,นงค์ลักษณ์ ยั่งยืน,กลุ่มงานคำวินิจฉัยและมติคณะกรรมการ,กองบริหารคดี,จองสำเร็จ,2026-07-03 12:57:01
2991,2026-07-24,08:30-16:30,ห้องไต่สวน1,สอบพยาน,,3,2026-07-23 21:44:26,พิพัฒน์ เพียราชโยธา,กลุ่มงานปราบปรามการทุจริตหน่วยงานในสังกัดสำนักนายกรัฐมนตรี,กองปราบปรามการทุจริตในภาครัฐ 5,จองสำเร็จ,2026-07-23 21:44:26
2992,2026-07-24,08:30-16:00,ห้องไต่สวน4,ไต่สวน,,3,2026-06-26 10:53:46,มะลิไล แก้วมาดีงาม,กลุ่มงานปราบปรามการทุจริตหน่วยงานไม่สังกัดกระทรวง ทบวง สำนักนายกรัฐมนตรี,กองปราบปรามการทุจริตในภาครัฐ 5,จองสำเร็จ,2026-06-26 10:53:46
2993,2026-07-24,08:30-12:00,Zoom Meeting Room 8,ประชุมคณะอนุกรรมการคัดเลือกกรรมการ สปท. ครั้งที่ 1/69,รองเลขาธิการ คณะกรรมการ ป.ป.ท.,12,2026-07-14 11:43:35,ณรากร สุขสว่าง,กลุ่มงานเครือข่ายภาคประชาสังคมป้องกันการทุจริต,กองป้องกันการทุจริตในภาครัฐ,จองสำเร็จ,2026-07-14 11:43:35
2994,2026-07-24,09:00-16:30,ห้องประชุม(ห้องเล็ก 31),พิจารณาเอกสารเครือข่ายต้นแบบ,,4,2026-07-12 12:46:44,ญาณัชชา นนทจันทร์,กลุ่มงานเครือข่ายภาคประชาสังคมป้องกันการทุจริต,กองป้องกันการทุจริตในภาครัฐ,จองสำเร็จ,2026-07-12 12:46:44
2995,2026-07-24,09:00-16:30,OneConferenceRoom 2,การประชุมคณะอนุกรรมการกลั่นกรองฯ คณะที่ 8,นายอดิศักดิ์ ปัตรวลี,9,2026-06-22 15:46:46,ณัฐฐพิชา นาวินธรรม,กลุ่มงานคำวินิจฉัยและมติคณะกรรมการ,กองบริหารคดี,จองสำเร็จ,2026-06-22 15:46:46
2996,2026-07-24,09:00-16:30,ห้องประชุมคณะกรรมการ,การประชุมคณะอนุกรรมการกลั่นกรองฯ คณะที่ 8,นายอดิศักดิ์ ปัตรวลี,9,2026-06-22 15:46:46,ณัฐฐพิชา นาวินธรรม,กลุ่มงานคำวินิจฉัยและมติคณะกรรมการ,กองบริหารคดี,จองสำเร็จ,2026-06-22 15:46:46
2997,2026-07-24,09:30-12:00,ห้องประชุม 1 (ห้องใหญ่),ประชุมอนุกรรมการพิจารณาคัดเลือกกรรมการ สปท.ครัั้งที่ 1/69,รองเลขาธิการคณะกรรมการ  ป.ป.ท. (รอง1),12,2026-07-14 11:40:01,ณรากร สุขสว่าง,กลุ่มงานเครือข่ายภาคประชาสังคมป้องกันการทุจริต,กองป้องกันการทุจริตในภาครัฐ,จองสำเร็จ,2026-07-14 11:40:01
2998,2026-07-24,10:00-12:00,ห้องประชุม(กยผ),ประชุมติดตามระบบบริหารงานคลังงบประมาณและสินทรัพย์,,10,2026-07-17 12:26:14,อรวรรณ บุตรรัด,กลุ่มงานคลัง,สำนักงานเลขาธิการ,จองสำเร็จ,2026-07-17 12:26:14
2999,2026-07-24,13:00-16:30,Zoom Meeting Room 8,ประชุมเตรียมความพร้อมการมอบรางวัลเครือข่ายฯ ประจำปี 2569,ผอ.กลุ่มงานเครือข่ายภาคประชาสังคมฯ,10,2026-07-21 10:30:24,เกศรารัตติ์ บุนนท์,กลุ่มงานเครือข่ายภาคประชาสังคมป้องกันการทุจริต,กองป้องกันการทุจริตในภาครัฐ,จองสำเร็จ,2026-07-21 10:30:24
3000,2026-07-24,14:00-16:00,Zoom Meeting Room 2,เชิญประชุมคกก.พนักงานราชการฯ,,5,2026-07-17 09:00:28,ตติยา แก้วละเอียด,กลุ่มงานบริหารงานบุคคล,สำนักงานเลขาธิการ,จองสำเร็จ,2026-07-17 09:00:28
3001,2026-07-24,16:00-18:00,Zoom Meeting Room 1,ประชุมไต่สวน ฯ,ทนง,4,2026-07-24 15:40:37,รัศนันท์ พินธุประดิษฐกร,กลุ่มงานบริหารคดีและบริหารทั่วไป,สำนักงานป้องกันและปราบปรามการทุจริตในภาครัฐ เขต 7,จองสำเร็จ,2026-07-24 15:40:37
3002,2026-07-27,08:00-17:00,Zoom Meeting Room 7,ฝึกอบรมหลักสูตรวิชาชีพพนักงาน ป.ป.ท. ชั้น 1 รุ่นที่ 9 ระหว่างวันที่ 22 กรกฎาคม - 21 สิงหาคม 2569,,10,2026-07-19 22:04:25,เลอสันต์ หมู่หมื่นศรี,กลุ่มงานคอมพิวเตอร์และการสื่อสาร,ศูนย์เทคโนโลยีสารสนเทศและการสื่อสาร,จองสำเร็จ,2026-07-19 22:04:25
3003,2026-07-27,08:30-16:30,ห้องไต่สวน3,สอบพยาน,,3,2026-07-20 14:29:11,ณัฏฐ์นนท์ จารุวนาลัย,กลุ่มงานปราบปรามการทุจริตหน่วยงานไม่สังกัดกระทรวง ทบวง สำนักนายกรัฐมนตรี,กองปราบปรามการทุจริตในภาครัฐ 5,จองสำเร็จ,2026-07-20 14:29:11
3004,2026-07-27,08:30-16:30,ห้องไต่สวน4,ไต่สวนเบื้องต้น,,3,2026-07-17 11:01:47,โรสนา ศักดิ์นภาพรเลิศ,กลุ่มงานปราบปรามการทุจริตหน่วยงานไม่สังกัดกระทรวง ทบวง สำนักนายกรัฐมนตรี,กองปราบปรามการทุจริตในภาครัฐ 5,จองสำเร็จ,2026-07-17 11:01:47
3005,2026-07-27,08:30-12:00,ห้องประชุม 1 (ห้องใหญ่),ประชุม สปท. ป.ป.ท. ครั้งที่ 7/2569,เลขาธิการ ป.ป.ท.,15,2026-06-26 13:28:11,ณรากร สุขสว่าง,กลุ่มงานเครือข่ายภาคประชาสังคมป้องกันการทุจริต,กองป้องกันการทุจริตในภาครัฐ,จองสำเร็จ,2026-06-26 13:28:11
3006,2026-07-27,08:30-12:00,Zoom Meeting Room 8,ประชุม สปท. ป.ป.ท. ครั้งที่ 7/2569,เลขาธิการ ป.ป.ท.,15,2026-06-26 13:32:58,ณรากร สุขสว่าง,กลุ่มงานเครือข่ายภาคประชาสังคมป้องกันการทุจริต,กองป้องกันการทุจริตในภาครัฐ,จองสำเร็จ,2026-06-26 17:11:19
3007,2026-07-27,09:00-17:00,ห้องไต่สวน1,สอบผู้ร้องเรื่องที่ 1730/2569,,1,2026-07-16 16:35:07,ดารณี ปฐมโยธิน,กลุ่มงานปราบปรามการทุจริตกระทรวงด้านความมั่นคง 2,กองปราบปรามการทุจริตในภาครัฐ 1,จองสำเร็จ,2026-07-16 16:35:07
3008,2026-07-27,09:30-16:30,Zoom Meeting Room 1,ประชุมคณะกรรมการตรวจรับพัสดุในงานจ้างที่ปรึกษาฯ ครั้งที่ 3/2569,นางสาวกิตวิภา สุวรรณรัตน์,9,2026-07-14 15:10:59,กิริยา พิชยวัฒน์,กลุ่มความร่วมมือและพัฒนานวัตกรรมความโปร่งใสในภาครัฐ,กองการต่างประเทศ,จองสำเร็จ,2026-07-14 15:10:59
3009,2026-07-27,09:30-16:30,ห้องประชุม(กยผ),ประชุมคณะกรรมการตรวจรับพัสดุในงานจ้างที่ปรึกษาฯ ครั้งที่ 3/2569,นางสาวกิตวิภา สุวรรณรัตน์,8,2026-07-14 10:48:26,กิริยา พิชยวัฒน์,กลุ่มความร่วมมือและพัฒนานวัตกรรมความโปร่งใสในภาครัฐ,กองการต่างประเทศ,จองสำเร็จ,2026-07-14 10:48:26
3010,2026-07-27,12:00-16:30,ห้องประชุม 2 (ห้องเล็ก),ประชุมคณะอนุกรรมการพิจารณาและคัดเลือกเครือข่ายต้นแบบฯ ครั้งที่ 3/2569,รองเลขาธิการคณะกรรมการ ป.ป.ท. (นายเอกชัย เกษมสุขธวัช),20,2026-07-15 15:38:34,เกศรารัตติ์ บุนนท์,กลุ่มงานเครือข่ายภาคประชาสังคมป้องกันการทุจริต,กองป้องกันการทุจริตในภาครัฐ,จองสำเร็จ,2026-07-15 15:38:34
3011,2026-07-27,12:00-16:00,ห้องประชุม(ห้องเล็ก 31),นิเทศ นศ.,อาจารย์สวนดุสิต,6,2026-07-21 14:44:24,ปิยพัชร์ ชาญชัยพิบูลนนท์,ฝ่ายบริหารทั่วไป,กองป้องกันการทุจริตในภาครัฐ,จองสำเร็จ,2026-07-21 14:44:24
3012,2026-07-27,12:30-17:00,Zoom Meeting Room 8,ประชุมคณะอนุพิจารณาและคัดเลือกเครือข่ายต้นแบบฯ ครั้งที่ ๓/๒๕๖๙,นายวิเชียร  พุฒิวิญญู,15,2026-07-16 14:25:51,ญาณัชชา นนทจันทร์,กลุ่มงานเครือข่ายภาคประชาสังคมป้องกันการทุจริต,กองป้องกันการทุจริตในภาครัฐ,จองสำเร็จ,2026-07-16 14:25:51
3013,2026-07-27,13:00-16:30,ห้องไต่สวน2,สอบพยาน,,1,2026-07-15 10:13:28,มานพ ธงชัย,กลุ่มงานปราบปรามการทุจริตในองค์กรปกครองส่วนท้องถิ่น 2,กองปราบปรามการทุจริตในภาครัฐ 4,จองสำเร็จ,2026-07-15 10:13:28
3014,2026-07-27,13:00-16:30,ห้องประชุม 1 (ห้องใหญ่),ประชุมคณะกรรมการตรวจรับพัสดุ การจ้างก่อสร้างอาคารสำนักงาน ป.ป.ท. (ส่วนกลาง) ครั้งที่ 3/2569,พันตำรวจโท ทนง เพิ่มพูล,40,2026-07-15 15:41:56,พิชาภัค นิลมณี,กลุ่มงานพัสดุและอาคารสถานที่,สำนักงานเลขาธิการ,จองสำเร็จ,2026-07-15 15:41:56
3015,2026-07-27,13:00-16:30,Zoom Meeting Room 2,ประชุมคณะกรรมการตรวจรับพัสดุ การจ้างก่อสร้างอาคารสำนักงาน ป.ป.ท. (ส่วนกลาง) ครั้งที่ 3/2569,พันตำรวจโท ทนง เพิ่มพูล,40,2026-07-15 15:41:56,พิชาภัค นิลมณี,กลุ่มงานพัสดุและอาคารสถานที่,สำนักงานเลขาธิการ,จองสำเร็จ,2026-07-15 15:41:56
3016,2026-07-31,08:00-16:30,ห้องไต่สวน1,สอบถ้อยคำ,,1,2026-07-21 14:39:43,ออมทอง นันตา,กลุ่มงานปราบปรามการทุจริตหน่วยงานในสังกัดสำนักนายกรัฐมนตรี,กองปราบปรามการทุจริตในภาครัฐ 5,จองสำเร็จ,2026-07-21 14:39:43
3017,2026-07-31,08:00-17:00,Zoom Meeting Room 7,ฝึกอบรมหลักสูตรวิชาชีพพนักงาน ป.ป.ท. ชั้น 1 รุ่นที่ 9 ระหว่างวันที่ 22 กรกฎาคม - 21 สิงหาคม 2569,,10,2026-07-19 22:04:25,เลอสันต์ หมู่หมื่นศรี,กลุ่มงานคอมพิวเตอร์และการสื่อสาร,ศูนย์เทคโนโลยีสารสนเทศและการสื่อสาร,จองสำเร็จ,2026-07-19 22:04:25
3018,2026-07-31,08:30-16:30,ห้องไต่สวน2,สอบพยาน,,3,2026-07-20 14:29:59,ณัฏฐ์นนท์ จารุวนาลัย,กลุ่มงานปราบปรามการทุจริตหน่วยงานไม่สังกัดกระทรวง ทบวง สำนักนายกรัฐมนตรี,กองปราบปรามการทุจริตในภาครัฐ 5,จองสำเร็จ,2026-07-20 14:29:59
3019,2026-07-31,08:30-16:30,ห้องไต่สวน4,สอบปากคำผู้กล่าวหา พยาน,-,5,2026-07-09 13:55:47,ตระกูล บุญทัน,กลุ่มงานปราบปรามการทุจริตหน่วยงานในสังกัดสำนักนายกรัฐมนตรี,กองปราบปรามการทุจริตในภาครัฐ 5,จองสำเร็จ,2026-07-09 13:55:47
3020,2026-07-31,09:00-17:00,ห้องไต่สวน3,ไต่สวน,,3,2026-07-08 20:29:29,พูนทรัพย์ เตชะเกียรติสุจิตร,กลุ่มงานปราบปรามการทุจริตกระทรวงด้านความมั่นคง 1,กองปราบปรามการทุจริตในภาครัฐ 1,จองสำเร็จ,2026-07-08 20:29:29
3021,2026-07-31,10:30-12:00,ห้องประชุม 1 (ห้องใหญ่),ประชุมคณะทำงานตรวจสอบเพลิงไหม้โรงเบียร์ ณ ลาดพร้าว,เลขาธิการคณะกรรมการ ป.ป.ท.,15,2026-07-22 13:58:02,อำนาจ อรุณเลิศ,กองกฎหมาย,กองกฎหมาย,จองสำเร็จ,2026-07-31 09:01:16
3022,2026-07-31,10:30-11:15,OneConferenceRoom 1,เทส,เทสระบบ,5,2026-07-27 14:14:27,จิตรพล อินกุณา,กลุ่มงานคอมพิวเตอร์และการสื่อสาร,ศูนย์เทคโนโลยีสารสนเทศและการสื่อสาร,จองสำเร็จ,2026-07-27 14:14:27
3023,2026-07-31,13:00-15:00,ห้องประชุม(กยผ),ประชุมติดตามระบบบริหารงานคลังงบประมาณและสินทรัพย์,,10,2026-07-17 12:29:17,อรวรรณ บุตรรัด,กลุ่มงานคลัง,สำนักงานเลขาธิการ,จองสำเร็จ,2026-07-17 12:29:17
3024,2026-08-03,08:00-17:00,ห้องไต่สวน1,ไต่สวนเบื้องต้น,,3,2026-07-23 10:38:51,พรพรรณ พรมมา,กลุ่มงานปราบปรามการทุจริตหน่วยงานในสังกัดสำนักนายกรัฐมนตรี,กองปราบปรามการทุจริตในภาครัฐ 5,จองสำเร็จ,2026-07-23 10:38:51
3025,2026-08-03,08:00-17:00,ห้องไต่สวน2,สอบพยานบุคคล,,3,2026-06-26 10:47:01,นรินยา สุภาพพูล,กลุ่มงานปราบปรามการทุจริตในองค์กรปกครองส่วนท้องถิ่น 2,กองปราบปรามการทุจริตในภาครัฐ 4,จองสำเร็จ,2026-06-26 10:47:25
3026,2026-08-03,08:00-17:00,ห้องไต่สวน4,ไต่สวนพยาน,พลเอก ปิยะพล วัฒนกุล,1,2026-07-03 14:57:35,ฌานปกรณ์ ขัติวงศ์พศวัฒน์,กลุ่มงานปราบปรามการทุจริตกระทรวงด้านความมั่นคง 2,กองปราบปรามการทุจริตในภาครัฐ 1,จองสำเร็จ,2026-07-03 14:57:35
3027,2026-08-03,08:00-17:00,Zoom Meeting Room 7,ฝึกอบรมหลักสูตรวิชาชีพพนักงาน ป.ป.ท. ชั้น 1 รุ่นที่ 9 ระหว่างวันที่ 22 กรกฎาคม - 21 สิงหาคม 2569,,10,2026-07-19 22:04:25,เลอสันต์ หมู่หมื่นศรี,กลุ่มงานคอมพิวเตอร์และการสื่อสาร,ศูนย์เทคโนโลยีสารสนเทศและการสื่อสาร,จองสำเร็จ,2026-07-19 22:04:25
3028,2026-08-03,08:00-17:00,Zoom Meeting Room 8,ประชุมคณะอนุพิจารณาคัดเลือกเครือข่ายต้นแบบฯ ครั้งที่ 4/2569,นายวิเชียร  พุฒิวิญญู,5,2026-07-19 20:19:56,ญาณัชชา นนทจันทร์,กลุ่มงานเครือข่ายภาคประชาสังคมป้องกันการทุจริต,กองป้องกันการทุจริตในภาครัฐ,จองสำเร็จ,2026-07-19 20:19:56
3029,2026-08-03,08:30-16:30,ห้องประชุม 1 (ห้องใหญ่),ประชุมคณะอนุกรรมการพิจารณาและคัดเลือกเครือข่ายต้นแบบฯ ครั้งที่ 4/2568,รองเลขาธิการคณะกรรมการ ป.ป.ท. (นายเอกชัย เกษมสุขธวัช),20,2026-07-09 09:13:14,เกศรารัตติ์ บุนนท์,กลุ่มงานเครือข่ายภาคประชาสังคมป้องกันการทุจริต,กองป้องกันการทุจริตในภาครัฐ,จองสำเร็จ,2026-07-09 09:13:14
3030,2026-08-03,08:30-12:30,OneConferenceRoom 1,ประชุมคณะกรรมการ ป.ป.ท. ประจำเดือนสิงหาคม ครั้งที่ 56/2569,,20,2026-07-24 16:48:56,ลลิตตา พานิชผล,กลุ่มงานบริหารคดีและบริหารทั่วไป,กองบริหารคดี,จองสำเร็จ,2026-07-24 16:48:56
3031,2026-08-03,09:00-17:00,ห้องประชุม (กปท.4),ไต่สวน,,1,2026-07-07 11:19:38,พูนทรัพย์ เตชะเกียรติสุจิตร,กลุ่มงานปราบปรามการทุจริตกระทรวงด้านความมั่นคง 1,กองปราบปรามการทุจริตในภาครัฐ 1,จองสำเร็จ,2026-07-07 11:19:38
3032,2026-08-03,09:30-16:30,ห้องประชุม 2 (ห้องเล็ก),ประชุมคณะอนุกรรมการกลั่นกรองฯ คณะที่ 5 ครั้งที่ 5-5/2569,นายประพาฬ อนมาน,9,2026-07-23 16:41:33,พิศาล เฝื่อชาติ,กลุ่มงานคำวินิจฉัยและมติคณะกรรมการ,กองบริหารคดี,จองสำเร็จ,2026-07-23 16:41:33
3033,2026-08-03,09:30-17:00,ห้องไต่สวน3,ไต่สวนเบื้องต้น,,4,2026-07-02 15:52:06,เริงจิตร ฉิมพินิจ,กลุ่มงานปราบปรามการทุจริตกระทรวงด้านความมั่นคง 1,กองปราบปรามการทุจริตในภาครัฐ 1,จองสำเร็จ,2026-07-02 15:52:06
3034,2026-08-03,09:30-16:30,ห้องประชุมคณะกรรมการ,ประชุมคณะอนุกรรมการกลั่นกรองฯ คณะที่ 5 ครั้งที่ 5-5/2569,นายประพาฬ อนมาน,9,2026-06-22 15:34:57,พิศาล เฝื่อชาติ,กลุ่มงานคำวินิจฉัยและมติคณะกรรมการ,กองบริหารคดี,จองสำเร็จ,2026-06-22 15:34:57
3035,2026-08-03,13:00-16:00,ห้องประชุม(ห้องเล็ก 31),ประชุมกอง กปท.3,นางสาวอรณิช สุขบาล ผอ.กปท.2 รกท. ผอ.กปท.3,13,2026-07-24 09:34:10,ลภัสรดา แก้วทองมี,กองปราบปรามการทุจริตในภาครัฐ 3,กองปราบปรามการทุจริตในภาครัฐ 3,จองสำเร็จ,2026-07-24 09:34:10
3036,2026-08-04,08:00-17:00,ห้องไต่สวน2,สอบพยานบุคคล,,3,2026-06-26 10:40:12,นรินยา สุภาพพูล,กลุ่มงานปราบปรามการทุจริตในองค์กรปกครองส่วนท้องถิ่น 2,กองปราบปรามการทุจริตในภาครัฐ 4,จองสำเร็จ,2026-06-26 10:40:33
3037,2026-08-04,08:00-17:00,ห้องไต่สวน3,ไต่สวนพยาน,พลเอก ปิยะพล วัฒนกุล,1,2026-07-03 15:11:35,ฌานปกรณ์ ขัติวงศ์พศวัฒน์,กลุ่มงานปราบปรามการทุจริตกระทรวงด้านความมั่นคง 2,กองปราบปรามการทุจริตในภาครัฐ 1,จองสำเร็จ,2026-07-03 15:11:35
3038,2026-08-04,08:00-13:00,ห้องไต่สวน4,ประชุมคณะอนุกรรมการไต่สวน,,5,2026-07-01 10:01:34,ศรัทธา ศรมณี,กลุ่มงานปราบปรามการทุจริตหน่วยงานไม่สังกัดกระทรวง ทบวง สำนักนายกรัฐมนตรี,กองปราบปรามการทุจริตในภาครัฐ 5,จองสำเร็จ,2026-07-01 10:01:34
3039,2026-08-04,08:00-17:00,Zoom Meeting Room 7,ฝึกอบรมหลักสูตรวิชาชีพพนักงาน ป.ป.ท. ชั้น 1 รุ่นที่ 9 ระหว่างวันที่ 22 กรกฎาคม - 21 สิงหาคม 2569,,10,2026-07-19 22:04:25,เลอสันต์ หมู่หมื่นศรี,กลุ่มงานคอมพิวเตอร์และการสื่อสาร,ศูนย์เทคโนโลยีสารสนเทศและการสื่อสาร,จองสำเร็จ,2026-07-19 22:04:25
3040,2026-08-04,08:30-13:00,ห้องประชุม(ห้องเล็ก 31),ไต่สวน,,3,2026-07-16 09:05:49,มะลิไล แก้วมาดีงาม,กลุ่มงานปราบปรามการทุจริตหน่วยงานไม่สังกัดกระทรวง ทบวง สำนักนายกรัฐมนตรี,กองปราบปรามการทุจริตในภาครัฐ 5,จองสำเร็จ,2026-07-16 09:05:49
3041,2026-08-04,09:00-17:00,ห้องไต่สวน1,ประชุม,,1,2026-07-15 13:40:02,พูนทรัพย์ เตชะเกียรติสุจิตร,กลุ่มงานปราบปรามการทุจริตกระทรวงด้านความมั่นคง 1,กองปราบปรามการทุจริตในภาครัฐ 1,จองสำเร็จ,2026-07-15 13:40:02
3042,2026-08-04,09:00-16:00,ห้องประชุม (กปท.4),ไต่สวน,,3,2026-07-22 15:43:41,รัตติกาล ณ ราช,กลุ่มงานปราบปรามการทุจริตหน่วยงานในสังกัดสำนักนายกรัฐมนตรี,กองปราบปรามการทุจริตในภาครัฐ 5,จองสำเร็จ,2026-07-22 15:43:41
3043,2026-08-04,09:30-12:00,Zoom Meeting Room 8,หารือการมอบรางวัลเครือข่ายต้นแบบ,,1,2026-07-31 10:59:44,ญาณัชชา นนทจันทร์,กลุ่มงานเครือข่ายภาคประชาสังคมป้องกันการทุจริต,กองป้องกันการทุจริตในภาครัฐ,จองสำเร็จ,2026-07-31 10:59:44
3044,2026-08-04,12:30-16:00,ห้องประชุม 2 (ห้องเล็ก),การกำกับติดตามประเมินผลโครงการขนาดใหญ่,-,15,2026-08-03 15:09:25,ปิยพัชร์ ชาญชัยพิบูลนนท์,ฝ่ายบริหารทั่วไป,กองป้องกันการทุจริตในภาครัฐ,จองสำเร็จ,2026-08-03 15:09:25
3045,2026-08-04,12:30-16:00,Zoom Meeting Room 8,การกำกับติดตามประเมินผลโครงการขนาดใหญ่,-,15,2026-08-03 15:10:52,ปิยพัชร์ ชาญชัยพิบูลนนท์,ฝ่ายบริหารทั่วไป,กองป้องกันการทุจริตในภาครัฐ,จองสำเร็จ,2026-08-03 15:10:52
3046,2026-08-04,13:00-17:00,ห้องประชุม(ห้องเล็ก 31),ไต่สวนข้อเท็จจริง,,1,2026-08-04 12:18:38,รัญชนะ น้อยอิ่ม,กลุ่มงานปราบปรามคดีพิเศษ,กองอำนวยการต่อต้านการทุจริต,จองสำเร็จ,2026-08-04 12:18:38
3047,2026-08-04,13:30-16:30,ห้องไต่สวน4,สอบผู้ร้องเรีย,,1,2026-07-06 12:27:13,นันทการ มีเหม,กลุ่มงานปราบปรามการทุจริตในภาครัฐ 1,สำนักงานป้องกันและปราบปรามการทุจริตในภาครัฐ เขต 1,จองสำเร็จ,2026-07-06 12:27:13
3048,2026-08-04,15:30-19:00,Zoom Meeting Room 4,ประชุมอนุไต่สวนฯ,ณรงค์ รัตนานุกูล,5,2026-08-03 15:51:16,ณปภัช ศศิชาณฐมณ,กลุ่มงานปราบปรามการทุจริตในรัฐวิสาหกิจ 1,กองปราบปรามการทุจริตในภาครัฐ 3,จองสำเร็จ,2026-08-03 15:51:16
3049,2026-08-05,08:00-17:00,ห้องไต่สวน1,สอบพยานคดีไต่สวน,,3,2026-07-17 18:04:31,ปิยพนธ์ เปรมโยธิน,กลุ่มงานอำนวยการด้านคุ้มครองพยาน,กองอำนวยการต่อต้านการทุจริต,จองสำเร็จ,2026-07-17 18:04:31
3050,2026-08-05,08:00-17:00,ห้องไต่สวน2,สอบพยานบุคคล,,3,2026-06-26 10:41:36,นรินยา สุภาพพูล,กลุ่มงานปราบปรามการทุจริตในองค์กรปกครองส่วนท้องถิ่น 2,กองปราบปรามการทุจริตในภาครัฐ 4,จองสำเร็จ,2026-06-26 10:41:36
3051,2026-08-05,08:00-17:00,ห้องไต่สวน4,ไต่สวน สอบปากคำพยาน,,3,2026-06-18 13:54:59,รัตติกาล ณ ราช,กลุ่มงานปราบปรามการทุจริตหน่วยงานในสังกัดสำนักนายกรัฐมนตรี,กองปราบปรามการทุจริตในภาครัฐ 5,จองสำเร็จ,2026-06-18 13:54:59
3052,2026-08-05,08:00-17:00,ห้องประชุม(ห้องเล็ก 31),ไต่สวน,,1,2026-07-23 15:50:34,พรพรรณ พรมมา,กลุ่มงานปราบปรามการทุจริตหน่วยงานในสังกัดสำนักนายกรัฐมนตรี,กองปราบปรามการทุจริตในภาครัฐ 5,จองสำเร็จ,2026-07-23 15:50:34
3053,2026-08-05,08:00-17:00,ห้องประชุม (กปท.4),ไต่สวนพยาน,พลเอก ปิยะพล วัฒนกุล,1,2026-07-03 15:13:21,ฌานปกรณ์ ขัติวงศ์พศวัฒน์,กลุ่มงานปราบปรามการทุจริตกระทรวงด้านความมั่นคง 2,กองปราบปรามการทุจริตในภาครัฐ 1,จองสำเร็จ,2026-07-03 15:13:21
3054,2026-08-05,08:00-17:00,Zoom Meeting Room 7,ฝึกอบรมหลักสูตรวิชาชีพพนักงาน ป.ป.ท. ชั้น 1 รุ่นที่ 9 ระหว่างวันที่ 22 กรกฎาคม - 21 สิงหาคม 2569,,10,2026-07-19 22:04:25,เลอสันต์ หมู่หมื่นศรี,กลุ่มงานคอมพิวเตอร์และการสื่อสาร,ศูนย์เทคโนโลยีสารสนเทศและการสื่อสาร,จองสำเร็จ,2026-07-19 22:04:25
3055,2026-08-05,08:30-16:30,ห้องไต่สวน3,ไต่สวน,,4,2026-06-22 15:04:35,วิชาญ พิเนตรเสถียร,กลุ่มงานปราบปรามการทุจริตหน่วยงานไม่สังกัดกระทรวง ทบวง สำนักนายกรัฐมนตรี,กองปราบปรามการทุจริตในภาครัฐ 5,จองสำเร็จ,2026-06-22 15:04:35
3056,2026-08-05,09:00-16:30,Zoom Meeting Room 1,ประชุมคณะอนุกรรมการปรับปรุงแก้ไขและยกร่างอนุบัญญัติกฎหมายลำดับรอง คณะที่ี ๑,นายอำนาจ พวงชมภู,1,2026-07-23 09:46:00,จิรวดี จินดาพล,กลุ่มงานกฎหมาย,กองกฎหมาย,จองสำเร็จ,2026-07-23 09:46:00
3057,2026-08-05,09:00-16:30,ห้องประชุมคณะกรรมการ,ประชุมคณะอนุกรรมการปรับปรุงแก้ไขและยกร่างอนุบัญญัติกฎหมายลำดับรอง คณะที่ี ๑,นายอำนาจ พวงชมภู,15,2026-07-23 09:41:46,จิรวดี จินดาพล,กลุ่มงานกฎหมาย,กองกฎหมาย,จองสำเร็จ,2026-07-23 09:41:46
3058,2026-08-05,12:00-16:30,ห้องประชุม 1 (ห้องใหญ่),ประชุมคณะทำงานอำนวยการและคณะตรวจสอบข้อกฎหมายและข้อเท็จริงฯ อำเภอหาดใหญ่ และบริเวณโดยรอบ,นายภูมิวิศาล เกษมศุข,30,2026-08-03 10:26:58,สลักจิต ณ ลำพูน,ฝ่ายบริหารทั่วไป,กองยุทธศาสตร์และแผนงาน,จองสำเร็จ,2026-08-03 10:26:58
3059,2026-08-05,13:00-15:30,Zoom Meeting Room 9,ประชุมคณะทำงานฯ กรณีการใช้จ่ายงบประมาณรายจ่าย งบกลาง ฯ โครงการฟื้นฟูเมืองหลังวิกฤตน้ำท่วมอำเภอหาดใหญ่,นายภูมิวิศาล เกษมศุข,10,2026-08-03 10:32:58,รัชดาภรณ์ เทพพุทธา,กลุ่มงานแผนงานและงบประมาณ,กองยุทธศาสตร์และแผนงาน,จองสำเร็จ,2026-08-03 10:32:58
3060,2026-08-06,08:00-17:00,ห้องไต่สวน2,สอบพยานบุคคล,,3,2026-06-26 10:42:21,นรินยา สุภาพพูล,กลุ่มงานปราบปรามการทุจริตในองค์กรปกครองส่วนท้องถิ่น 2,กองปราบปรามการทุจริตในภาครัฐ 4,จองสำเร็จ,2026-06-26 10:42:21
3061,2026-08-06,08:00-17:00,ห้องไต่สวน3,ไต่สวนพยาน,พลเอก ปิยะพล วัฒนกุล,1,2026-07-03 15:14:51,ฌานปกรณ์ ขัติวงศ์พศวัฒน์,กลุ่มงานปราบปรามการทุจริตกระทรวงด้านความมั่นคง 2,กองปราบปรามการทุจริตในภาครัฐ 1,จองสำเร็จ,2026-07-03 15:14:51
3062,2026-08-06,08:00-17:00,ห้องประชุม 1 (ห้องใหญ่),การตรวจสุขภาพจิตของบุคลากรสำนักงาน ป.ป.ท.,,70,2026-06-23 09:49:46,ตะวัน ราชไลกิจ,กลุ่มงานบริหารงานบุคคล,สำนักงานเลขาธิการ,จองสำเร็จ,2026-06-23 09:49:46
3063,2026-08-06,08:00-17:00,Zoom Meeting Room 7,ฝึกอบรมหลักสูตรวิชาชีพพนักงาน ป.ป.ท. ชั้น 1 รุ่นที่ 9 ระหว่างวันที่ 22 กรกฎาคม - 21 สิงหาคม 2569,,10,2026-07-19 22:04:25,เลอสันต์ หมู่หมื่นศรี,กลุ่มงานคอมพิวเตอร์และการสื่อสาร,ศูนย์เทคโนโลยีสารสนเทศและการสื่อสาร,จองสำเร็จ,2026-07-19 22:04:25
3064,2026-08-06,08:30-12:00,ห้องประชุม 2 (ห้องเล็ก),ประชุมคณะอนุกรรมการขับเคลื่อนงานป้องกันและเฝ้าระวังการทุจริต ครั้งที่ 5/2569,พลเอก อรชัย บุญสุขจิตเสรี,13,2026-06-26 15:24:12,รมณ วิริยะประกอบ,กลุ่มงานวิชาการและพัฒนานวัตกรรมด้านการป้องกัน,กองป้องกันการทุจริตในภาครัฐ,จองสำเร็จ,2026-06-26 15:24:12
3065,2026-08-06,08:30-16:30,ห้องไต่สวน1,สอบพยาน,,3,2026-07-20 09:28:20,กฤษฏ์ ธวัชชัยวิสุทธิ์,กลุ่มงานปราบปรามการทุจริตหน่วยงานไม่สังกัดกระทรวง ทบวง สำนักนายกรัฐมนตรี,กองปราบปรามการทุจริตในภาครัฐ 5,จองสำเร็จ,2026-07-20 09:28:20
3066,2026-08-06,08:30-16:30,ห้องไต่สวน4,ไต่สวน,,4,2026-06-22 17:10:02,วิชาญ พิเนตรเสถียร,กลุ่มงานปราบปรามการทุจริตหน่วยงานไม่สังกัดกระทรวง ทบวง สำนักนายกรัฐมนตรี,กองปราบปรามการทุจริตในภาครัฐ 5,จองสำเร็จ,2026-06-22 17:10:02
3067,2026-08-06,08:30-12:00,Zoom Meeting Room 9,ประชุมคณะอนุกรรมการขับเคลื่อนงานป้องกันและเฝ้าระวังการทุจริต ครั้งที่ 5/2569,พลเอก อรชัย บุญสุขจิตเสรี,13,2026-06-26 15:25:35,รมณ วิริยะประกอบ,กลุ่มงานวิชาการและพัฒนานวัตกรรมด้านการป้องกัน,กองป้องกันการทุจริตในภาครัฐ,จองสำเร็จ,2026-06-26 17:09:11
3068,2026-08-06,09:30-13:00,ห้องประชุม (กปท.4),สอบปากคำพยาน,,5,2026-08-04 11:50:16,จักรภพ ขันทะวงศ์,กลุ่มงานปราบปรามการทุจริตหน่วยงานไม่สังกัดกระทรวง ทบวง สำนักนายกรัฐมนตรี,กองปราบปรามการทุจริตในภาครัฐ 5,จองสำเร็จ,2026-08-04 11:50:16
3069,2026-08-06,09:30-12:00,OneConferenceRoom 1,ประชุมคณะอนุกรรมการไต่สวน เรื่องที่ 0018/2567,นายสุภาพ ศิริ,3,2026-07-20 10:15:59,ชุติมน แปงคำเรือง,กลุ่มงานปราบปรามการทุจริตในภาครัฐ 2,สำนักงานป้องกันและปราบปรามการทุจริตในภาครัฐ เขต 6,จองสำเร็จ,2026-07-20 10:15:59
3070,2026-08-07,07:30-13:00,OneConferenceRoom 1,ประชุมคณะกรรมการ ป.ป.ท. ประจำเดือนสิงหาคม ครั้งที่ 57/2569,,20,2026-07-20 14:08:06,ลลิตตา พานิชผล,กลุ่มงานบริหารคดีและบริหารทั่วไป,กองบริหารคดี,จองสำเร็จ,2026-07-20 14:08:06
3071,2026-08-07,07:45-18:00,ห้องไต่สวน1,ไต่สวน,,5,2026-07-21 13:23:17,อภิรักษ์ คงคาเพชร,กลุ่มงานปราบปรามการทุจริตในองค์กรปกครองส่วนท้องถิ่น 2,กองปราบปรามการทุจริตในภาครัฐ 4,จองสำเร็จ,2026-07-21 13:23:17
3072,2026-08-07,08:00-17:00,Zoom Meeting Room 1,หารือตัวชี้วัดกรม ร่วมกับ กปก.,รองเลขาธิการคณะกรรมการ ป.ป.ท.,8,2026-07-24 10:26:05,นิลมณี จิรอร่าม,กลุ่มพัฒนาระบบบริหาร,กลุ่มพัฒนาระบบบริหาร,จองสำเร็จ,2026-07-24 10:26:05
3073,2026-08-07,08:00-17:00,ห้องไต่สวน2,พยานบุคคล,,3,2026-06-26 10:44:21,นรินยา สุภาพพูล,กลุ่มงานปราบปรามการทุจริตในองค์กรปกครองส่วนท้องถิ่น 2,กองปราบปรามการทุจริตในภาครัฐ 4,จองสำเร็จ,2026-06-26 10:44:21
3074,2026-08-07,08:00-17:00,ห้องไต่สวน3,ไต่สวนพยาน,พลเอก ปิยะพล วัฒนกุล,1,2026-07-03 15:17:20,ฌานปกรณ์ ขัติวงศ์พศวัฒน์,กลุ่มงานปราบปรามการทุจริตกระทรวงด้านความมั่นคง 2,กองปราบปรามการทุจริตในภาครัฐ 1,จองสำเร็จ,2026-07-03 15:17:20
3075,2026-08-07,08:00-17:00,ห้องประชุม 1 (ห้องใหญ่),การตรวจสุขภาพจิตของบุคลากรสำนักงาน ป.ป.ท.,,70,2026-06-23 09:50:29,ตะวัน ราชไลกิจ,กลุ่มงานบริหารงานบุคคล,สำนักงานเลขาธิการ,จองสำเร็จ,2026-06-23 09:50:29
3076,2026-08-07,08:00-17:00,ห้องประชุม(ห้องเล็ก 31),หารือตัวชี้วัดกรม ร่วมกับ กปก.,รองเลขาธิการคณะกรรมการ ป.ป.ท.,1,2026-07-24 10:09:06,นิลมณี จิรอร่าม,กลุ่มพัฒนาระบบบริหาร,กลุ่มพัฒนาระบบบริหาร,จองสำเร็จ,2026-07-24 10:09:06
3077,2026-08-07,08:00-17:00,Zoom Meeting Room 7,ฝึกอบรมหลักสูตรวิชาชีพพนักงาน ป.ป.ท. ชั้น 1 รุ่นที่ 9 ระหว่างวันที่ 22 กรกฎาคม - 21 สิงหาคม 2569,,10,2026-07-19 22:04:25,เลอสันต์ หมู่หมื่นศรี,กลุ่มงานคอมพิวเตอร์และการสื่อสาร,ศูนย์เทคโนโลยีสารสนเทศและการสื่อสาร,จองสำเร็จ,2026-07-19 22:04:25
3078,2026-08-07,08:00-17:00,Zoom Meeting Room 8,ประชุมคณะอนุพิจารณาคัดเลือกเครือข่ายต้นแบบฯ ครั้งที่ ๕/๒๕๖๙,นายวิเชียร  พุฒิวิญญู,6,2026-08-03 12:47:17,ญาณัชชา นนทจันทร์,กลุ่มงานเครือข่ายภาคประชาสังคมป้องกันการทุจริต,กองป้องกันการทุจริตในภาครัฐ,จองสำเร็จ,2026-08-03 12:47:17
3079,2026-08-07,08:30-16:30,ห้องไต่สวน4,ไต่สวน,,4,2026-06-22 17:17:39,วิชาญ พิเนตรเสถียร,กลุ่มงานปราบปรามการทุจริตหน่วยงานไม่สังกัดกระทรวง ทบวง สำนักนายกรัฐมนตรี,กองปราบปรามการทุจริตในภาครัฐ 5,จองสำเร็จ,2026-06-22 17:17:39
3080,2026-08-07,08:30-12:00,ห้องประชุมคณะกรรมการ,ประชุมคณะกรรมการ ป.ป.ท. ประจำเดือนสิงหาคม ครั้งที่ 57/2569,,20,2026-07-20 14:09:39,ลลิตตา พานิชผล,กลุ่มงานบริหารคดีและบริหารทั่วไป,กองบริหารคดี,จองสำเร็จ,2026-07-20 14:09:39
3081,2026-08-07,09:00-16:30,ห้องประชุม 2 (ห้องเล็ก),การเข้าร่วมโครงการอบรมเชิงปฏิบัติการ “ยกระดับการให้บริการประชาชนด้วยคู่มือสำหรับประชาชนตามกฎหมายว่าด้วยการอำนวยความสะดวกในการพิจารณาอนุญาตของทางราชการสำหรับองค์กรปกครองส่วนท้องถิ่น”,ผู้ที่ได้รับมอบหมาย,300,2026-06-24 14:42:18,มาลี ขุมทอง,-,กองกำกับและขับเคลื่อนการดำเนินงานนโยบายภาครัฐ,จองสำเร็จ,2026-07-01 14:32:37
3082,2026-08-07,09:00-16:30,Zoom Meeting Room 9,การเข้าร่วมโครงการอบรมเชิงปฏิบัติการ “ยกระดับการให้บริการประชาชนด้วยคู่มือสำหรับประชาชนตามกฎหมายว่าด้วยการอำนวยความสะดวกในการพิจารณาอนุญาตของทางราชการสำหรับองค์กรปกครองส่วนท้องถิ่น”,ผู้ที่ได้รับมอบหมาย,300,2026-06-24 14:38:55,มาลี ขุมทอง,-,กองกำกับและขับเคลื่อนการดำเนินงานนโยบายภาครัฐ,จองสำเร็จ,2026-07-01 14:32:58
3083,2026-08-07,09:30-16:30,ห้องประชุม (กปท.4),สอบผู้ร้อง,,1,2026-07-23 11:42:13,ระวิพรรณ จินดาดวง,กลุ่มงานปราบปรามการทุจริตกระทรวงด้านความมั่นคง 1,กองปราบปรามการทุจริตในภาครัฐ 1,จองสำเร็จ,2026-07-23 11:42:13
3084,2026-08-07,10:30-12:00,ห้องประชุม(กยผ),ประชุมติดตามระบบบริหารงานคลังงบประมาณและสินทรัพย์,,10,2026-08-07 10:03:51,อรวรรณ บุตรรัด,กลุ่มงานคลัง,สำนักงานเลขาธิการ,จองสำเร็จ,2026-08-07 10:03:51
3085,2026-08-10,08:00-17:00,ห้องไต่สวน1,สอบพยานคดีไต่สวน,,3,2026-07-17 18:06:07,ปิยพนธ์ เปรมโยธิน,กลุ่มงานอำนวยการด้านคุ้มครองพยาน,กองอำนวยการต่อต้านการทุจริต,จองสำเร็จ,2026-07-17 18:06:07
3086,2026-08-10,08:00-17:00,ห้องไต่สวน4,ไต่สวนพยาน,พลเอก ปิยะพล วัฒนกุล,1,2026-07-03 15:19:23,ฌานปกรณ์ ขัติวงศ์พศวัฒน์,กลุ่มงานปราบปรามการทุจริตกระทรวงด้านความมั่นคง 2,กองปราบปรามการทุจริตในภาครัฐ 1,จองสำเร็จ,2026-07-03 15:19:23
3087,2026-08-10,08:00-17:00,Zoom Meeting Room 7,ฝึกอบรมหลักสูตรวิชาชีพพนักงาน ป.ป.ท. ชั้น 1 รุ่นที่ 9 ระหว่างวันที่ 22 กรกฎาคม - 21 สิงหาคม 2569,,10,2026-07-19 22:09:01,เลอสันต์ หมู่หมื่นศรี,กลุ่มงานคอมพิวเตอร์และการสื่อสาร,ศูนย์เทคโนโลยีสารสนเทศและการสื่อสาร,จองสำเร็จ,2026-07-19 22:09:01
3088,2026-08-10,08:30-12:00,OneConferenceRoom 1,ประชุมคณะกรรมการ ป.ป.ท. ประจำเดือนสิงหาคม ครั้งที่ 58/2569,,120,2026-07-20 14:58:40,ลลิตตา พานิชผล,กลุ่มงานบริหารคดีและบริหารทั่วไป,กองบริหารคดี,จองสำเร็จ,2026-07-20 14:58:40
3089,2026-08-10,08:30-12:00,ห้องประชุมคณะกรรมการ,ประชุมคณะกรรมการ ป.ป.ท. ประจำเดือนสิงหาคม ครั้งที่ 58/2569,,20,2026-07-20 14:39:49,ลลิตตา พานิชผล,กลุ่มงานบริหารคดีและบริหารทั่วไป,กองบริหารคดี,จองสำเร็จ,2026-07-20 14:39:49
3090,2026-08-10,09:30-16:00,ห้องไต่สวน3,สอบปากคำพยาน,จักรภพ ขันทะวงศ์,5,2026-07-09 14:22:35,จักรภพ ขันทะวงศ์,กลุ่มงานปราบปรามการทุจริตหน่วยงานไม่สังกัดกระทรวง ทบวง สำนักนายกรัฐมนตรี,กองปราบปรามการทุจริตในภาครัฐ 5,จองสำเร็จ,2026-07-09 14:22:35
3091,2026-08-10,10:00-13:00,ห้องไต่สวน2,ไต่สวนพยาน,-,3,2026-07-22 11:04:05,ศรีสมเกียรติ แท่นทอง,กลุ่มงานปราบปรามการทุจริตในภาครัฐ 2,สำนักงานป้องกันและปราบปรามการทุจริตในภาครัฐ เขต 8,จองสำเร็จ,2026-07-22 11:04:05
3092,2026-08-10,13:00-16:30,Zoom Meeting Room 1,ประชุมคณะกรรมการตรวจรับพัสดุ การจ้างก่อสร้างอาคารสำนักงาน ป.ป.ท. (ส่วนกลาง) ครั้งที่ 4/2569,,35,2026-08-04 10:16:26,พิชาภัค นิลมณี,กลุ่มงานพัสดุและอาคารสถานที่,สำนักงานเลขาธิการ,จองสำเร็จ,2026-08-04 10:17:47
3093,2026-08-10,13:00-17:00,ห้องไต่สวน2,ไต่สวนข้อเท็จจริง,,1,2026-08-04 10:15:48,รัญชนะ น้อยอิ่ม,กลุ่มงานปราบปรามคดีพิเศษ,กองอำนวยการต่อต้านการทุจริต,จองสำเร็จ,2026-08-04 10:15:48
3094,2026-08-10,13:00-16:30,ห้องประชุม 1 (ห้องใหญ่),ประชุมคณะกรรมการตรวจรับพัสดุ การจ้างก่อสร้างอาคารสำนักงาน ป.ป.ท. (ส่วนกลาง) ครั้งที่ 4/2569,พันตำรวจโท ทนง เพิ่มพูล,35,2026-08-04 10:16:26,พิชาภัค นิลมณี,กลุ่มงานพัสดุและอาคารสถานที่,สำนักงานเลขาธิการ,จองสำเร็จ,2026-08-04 10:17:46
3095,2026-08-10,13:00-16:00,ห้องประชุม(กยผ),ประชุมคณะจัดทำร่างขอบเขตของงานจ้างที่ปรึกษา ศบช. ปีงบ69 ครั้งที่9,,5,2026-08-07 14:21:31,นพณัช นิลสนธิ,กลุ่มความร่วมมือและพัฒนานวัตกรรมความโปร่งใสในภาครัฐ,กองการต่างประเทศ,จองสำเร็จ,2026-08-07 14:21:31
3096,2026-08-10,13:00-16:30,Zoom Meeting Room 2,ประชุมคณะอนุกรรมการปรับปรุงแก้ไขและยกร่างอนุบัญญัติกฎหมายลำดับรอง คณะที่ี ๑,นายอำนาจ พวงชมภู,10,2026-08-05 13:43:38,จิรวดี จินดาพล,กลุ่มงานกฎหมาย,กองกฎหมาย,จองสำเร็จ,2026-08-05 13:43:38
3097,2026-08-10,13:00-16:30,ห้องประชุมคณะกรรมการ,ประชุมคณะอนุกรรมการปรับปรุงแก้ไขและยกร่างอนุบัญญัติกฎหมายลำดับรอง คณะที่ี ๑,นายอำนาจ พวงชมภู,1,2026-08-05 13:41:22,จิรวดี จินดาพล,กลุ่มงานกฎหมาย,กองกฎหมาย,จองสำเร็จ,2026-08-05 13:41:22
3098,2026-08-11,08:00-12:00,Zoom Meeting Room 1,ประชุมคณะทำงานอำนวยการและคณะตรวจสอบข้อกฎหมายและข้อเท็จจริงฯ อำเภอหาดใหญ่ และบริเวณโดยรอบ ครั้งที่ 2/2569,นายภูมิวิศาล เกษมศุข,20,2026-08-05 15:16:44,สลักจิต ณ ลำพูน,ฝ่ายบริหารทั่วไป,กองยุทธศาสตร์และแผนงาน,จองสำเร็จ,2026-08-05 15:16:44
3099,2026-08-11,08:00-17:00,ห้องไต่สวน1,สอบพยานคดีไต่สวน,,3,2026-07-17 18:06:56,ปิยพนธ์ เปรมโยธิน,กลุ่มงานอำนวยการด้านคุ้มครองพยาน,กองอำนวยการต่อต้านการทุจริต,จองสำเร็จ,2026-07-17 18:06:56
3100,2026-08-11,08:00-17:00,ห้องไต่สวน3,ไต่สวนพยาน,พลเอก ปิยะพล วัฒนกุล,1,2026-07-03 15:20:34,ฌานปกรณ์ ขัติวงศ์พศวัฒน์,กลุ่มงานปราบปรามการทุจริตกระทรวงด้านความมั่นคง 2,กองปราบปรามการทุจริตในภาครัฐ 1,จองสำเร็จ,2026-07-03 15:20:34
3101,2026-08-11,08:00-17:00,ห้องไต่สวน4,ไต่สวน สอบปากคำพยาน,,3,2026-07-03 09:59:59,รัตติกาล ณ ราช,กลุ่มงานปราบปรามการทุจริตหน่วยงานในสังกัดสำนักนายกรัฐมนตรี,กองปราบปรามการทุจริตในภาครัฐ 5,จองสำเร็จ,2026-07-03 09:59:59
3102,2026-08-11,08:00-12:00,ห้องประชุม 1 (ห้องใหญ่),ประชุมคณะทำงานอำนวยการและคณะตรวจสอบข้อกฎหมายและข้อเท็จจริงฯ อำเภอหาดใหญ่ และบริเวณโดยรอบ ครั้งที่ 2/2569,นายภูมิวิศาล เกษมศุข,30,2026-08-05 15:13:48,สลักจิต ณ ลำพูน,ฝ่ายบริหารทั่วไป,กองยุทธศาสตร์และแผนงาน,จองสำเร็จ,2026-08-05 15:13:48
3103,2026-08-11,08:00-17:00,Zoom Meeting Room 7,ฝึกอบรมหลักสูตรวิชาชีพพนักงาน ป.ป.ท. ชั้น 1 รุ่นที่ 9 ระหว่างวันที่ 22 กรกฎาคม - 21 สิงหาคม 2569,,10,2026-07-19 22:09:01,เลอสันต์ หมู่หมื่นศรี,กลุ่มงานคอมพิวเตอร์และการสื่อสาร,ศูนย์เทคโนโลยีสารสนเทศและการสื่อสาร,จองสำเร็จ,2026-07-19 22:09:01
3104,2026-08-11,08:30-16:45,ห้องไต่สวน2,ไต่สวนเบื้องต้น,,3,2026-07-08 11:26:16,มะลิไล แก้วมาดีงาม,กลุ่มงานปราบปรามการทุจริตหน่วยงานไม่สังกัดกระทรวง ทบวง สำนักนายกรัฐมนตรี,กองปราบปรามการทุจริตในภาครัฐ 5,จองสำเร็จ,2026-07-08 11:26:16
3105,2026-08-11,08:30-12:00,OneConferenceRoom 1,ประชุมคณะกรรมการ ป.ป.ท. ประจำเดือนสิงหาคม ครั้งที่ 59/2569,,20,2026-07-20 15:04:50,ลลิตตา พานิชผล,กลุ่มงานบริหารคดีและบริหารทั่วไป,กองบริหารคดี,จองสำเร็จ,2026-07-20 17:59:56
3106,2026-08-11,08:30-12:00,ห้องประชุมคณะกรรมการ,ประชุมคณะกรรมการ ป.ป.ท. ประจำเดือนสิงหาคม ครั้งที่ 59/2569,,20,2026-07-20 15:00:15,ลลิตตา พานิชผล,กลุ่มงานบริหารคดีและบริหารทั่วไป,กองบริหารคดี,จองสำเร็จ,2026-07-20 15:00:15
3107,2026-08-11,10:00-12:00,Zoom Meeting Room 5,ปปท. เขต 3 ประชุมโครงการขนาดใหญ่,,7,2026-08-10 09:09:30,แก้วกาญจน์ ป้อมอุ่นเรือน,กลุ่มงานบริหารคดีและบริหารทั่วไป,สำนักงานป้องกันและปราบปรามการทุจริตในภาครัฐ เขต 3,จองสำเร็จ,2026-08-10 09:09:30
3108,2026-08-11,13:00-17:00,Zoom Meeting Room 1,ประชุมอนุที่ปรึกษากฎหมาย,,10,2026-08-04 10:13:24,วรางคณา นนทแก้ว,กลุ่มงานกฎหมาย,กองกฎหมาย,จองสำเร็จ,2026-08-04 10:13:47
3109,2026-08-11,13:00-17:00,ห้องประชุม 2 (ห้องเล็ก),ประชุมอนุที่ปรึกษากฎหมายฯ,,8,2026-08-04 10:06:09,วรางคณา นนทแก้ว,กลุ่มงานกฎหมาย,กองกฎหมาย,จองสำเร็จ,2026-08-04 10:06:09
3110,2026-08-11,13:00-16:00,ห้องประชุม(ห้องเล็ก 31),ประชุมอนุกรรมการพิจารณาคัดเลือกกรรมการ สปท.ครัั้งที่ 1/69,นายพรเทพ อัมพรกลิ่นแก้ว,14,2026-08-05 15:28:51,ณรากร สุขสว่าง,กลุ่มงานเครือข่ายภาคประชาสังคมป้องกันการทุจริต,กองป้องกันการทุจริตในภาครัฐ,จองสำเร็จ,2026-08-05 15:28:51
3111,2026-08-11,13:00-16:00,Zoom Meeting Room 8,ประชุมอนุกรรมการพิจารณาคัดเลือกกรรมการ สปท.ครัั้งที่ 1/69,นายพรเทพ อัมพรกลิ่นแก้ว,14,2026-08-03 13:15:51,ณรากร สุขสว่าง,กลุ่มงานเครือข่ายภาคประชาสังคมป้องกันการทุจริต,กองป้องกันการทุจริตในภาครัฐ,จองสำเร็จ,2026-08-05 15:32:22
3112,2026-08-13,08:00-16:30,ห้องไต่สวน1,ไต่สวน,,4,2026-07-27 08:37:01,ณัฏฐพล ศุรธีร์โกศล,กลุ่มงานปราบปรามการทุจริตหน่วยงานในสังกัดสำนักนายกรัฐมนตรี,กองปราบปรามการทุจริตในภาครัฐ 5,จองสำเร็จ,2026-07-27 08:37:01
3113,2026-08-13,08:00-17:15,ห้องไต่สวน2,ไต่สวนเบื้องต้น,,3,2026-07-02 15:45:25,เริงจิตร ฉิมพินิจ,กลุ่มงานปราบปรามการทุจริตกระทรวงด้านความมั่นคง 1,กองปราบปรามการทุจริตในภาครัฐ 1,จองสำเร็จ,2026-07-02 15:45:25
3114,2026-08-13,08:00-17:00,ห้องไต่สวน3,สอบปากคำพยาน,,1,2026-07-23 14:23:39,ชรินดา มีแป้น,กลุ่มงานปราบปรามการทุจริตหน่วยงานในสังกัดสำนักนายกรัฐมนตรี,กองปราบปรามการทุจริตในภาครัฐ 5,จองสำเร็จ,2026-07-23 14:23:39
3115,2026-08-13,08:00-17:00,ห้องไต่สวน4,ไต่สวนพยาน,พลเอก ปิยะพล วัฒนกุล,1,2026-07-03 15:24:10,ฌานปกรณ์ ขัติวงศ์พศวัฒน์,กลุ่มงานปราบปรามการทุจริตกระทรวงด้านความมั่นคง 2,กองปราบปรามการทุจริตในภาครัฐ 1,จองสำเร็จ,2026-07-03 15:24:10
3116,2026-08-13,08:00-17:00,ห้องประชุม(ห้องเล็ก 31),สอบปากคำพยาน,,4,2026-08-11 08:07:58,จักรภพ ขันทะวงศ์,กลุ่มงานปราบปรามการทุจริตหน่วยงานไม่สังกัดกระทรวง ทบวง สำนักนายกรัฐมนตรี,กองปราบปรามการทุจริตในภาครัฐ 5,จองสำเร็จ,2026-08-11 08:07:58
3117,2026-08-13,08:00-17:00,Zoom Meeting Room 7,ฝึกอบรมหลักสูตรวิชาชีพพนักงาน ป.ป.ท. ชั้น 1 รุ่นที่ 9 ระหว่างวันที่ 22 กรกฎาคม - 21 สิงหาคม 2569,,10,2026-07-19 22:09:01,เลอสันต์ หมู่หมื่นศรี,กลุ่มงานคอมพิวเตอร์และการสื่อสาร,ศูนย์เทคโนโลยีสารสนเทศและการสื่อสาร,จองสำเร็จ,2026-07-19 22:09:01
3118,2026-08-13,08:30-16:00,ห้องประชุม 2 (ห้องเล็ก),ประชุมคณะอนุกรรมการพิจารณากลั่นกรองฯ คณะที่ 7,นายพิพัฒน์ วงศาโรจน์,9,2026-07-21 15:10:03,ศิริวิมล พิมพ์โคตร,กลุ่มงานกิจการคณะกรรมการ,กองบริหารคดี,จองสำเร็จ,2026-07-21 15:10:03
3119,2026-08-13,09:00-12:00,ห้องประชุม 1 (ห้องใหญ่),คณะอนุกรรมการพิจารณากลั่นกรองการเปิดเผยข้อมูลข่าวสาร,,16,2026-07-31 16:14:48,อานนท์ ชนประชา,กลุ่มงานความเห็นแย้ง,กองกฎหมาย,จองสำเร็จ,2026-08-03 15:41:06
3120,2026-08-13,12:00-16:45,Zoom Meeting Room 1,คณะอนุกรรมการพิจารณากลั่นกรองการเปิดเผยข้อมูลข่าวสาร,,16,2026-08-04 10:37:24,อานนท์ ชนประชา,กลุ่มงานความเห็นแย้ง,กองกฎหมาย,จองสำเร็จ,2026-08-04 10:37:24
3121,2026-08-13,12:00-17:00,ห้องประชุม 1 (ห้องใหญ่),ประชุมคณะอนุกรรมการพิจารณษข้อมูลข่าวสาร,อนุพงศ์ สุขเกษม,14,2026-08-03 18:18:53,อรวรรณ ทูลมณี,กลุ่มงานความเห็นแย้ง,กองกฎหมาย,จองสำเร็จ,2026-08-03 18:18:53
3122,2026-08-13,12:00-16:00,ห้องประชุม (กปท.4),ประชุมคดีไต่สวน,,1,2026-08-13 11:19:38,นวีนา วัฒนประดิษฐ์,กลุ่มงานปราบปรามการทุจริตในองค์กรปกครองส่วนท้องถิ่น 1,กองปราบปรามการทุจริตในภาครัฐ 4,จองสำเร็จ,2026-08-13 11:19:38
3123,2026-08-13,15:00-16:30,Zoom Meeting Room 5,ปปท. เขต 3 ประชุมโครงการขนาดใหญ่,,6,2026-08-11 10:53:56,แก้วกาญจน์ ป้อมอุ่นเรือน,กลุ่มงานบริหารคดีและบริหารทั่วไป,สำนักงานป้องกันและปราบปรามการทุจริตในภาครัฐ เขต 3,จองสำเร็จ,2026-08-11 10:53:56
3124,2026-08-14,08:00-17:00,ห้องไต่สวน1,สอบผู้ร้อง,,3,2026-08-03 10:13:01,ระวิพรรณ จินดาดวง,กลุ่มงานปราบปรามการทุจริตกระทรวงด้านความมั่นคง 1,กองปราบปรามการทุจริตในภาครัฐ 1,จองสำเร็จ,2026-08-03 10:13:01
3125,2026-08-14,08:00-17:15,ห้องไต่สวน2,ไต่สวนเบื้องต้น,,3,2026-07-02 15:45:25,เริงจิตร ฉิมพินิจ,กลุ่มงานปราบปรามการทุจริตกระทรวงด้านความมั่นคง 1,กองปราบปรามการทุจริตในภาครัฐ 1,จองสำเร็จ,2026-07-02 15:45:25
3126,2026-08-14,08:00-17:00,ห้องไต่สวน3,สอบปากคำพยาน,,1,2026-07-23 14:24:19,ชรินดา มีแป้น,กลุ่มงานปราบปรามการทุจริตหน่วยงานในสังกัดสำนักนายกรัฐมนตรี,กองปราบปรามการทุจริตในภาครัฐ 5,จองสำเร็จ,2026-07-23 14:24:19
3127,2026-08-14,08:00-17:00,ห้องไต่สวน4,ไต่สวนพยาน,พลเอก ปิยะพล วัฒนกุล,1,2026-07-03 15:25:42,ฌานปกรณ์ ขัติวงศ์พศวัฒน์,กลุ่มงานปราบปรามการทุจริตกระทรวงด้านความมั่นคง 2,กองปราบปรามการทุจริตในภาครัฐ 1,จองสำเร็จ,2026-07-03 15:25:42
3128,2026-08-14,08:00-17:00,Zoom Meeting Room 7,ฝึกอบรมหลักสูตรวิชาชีพพนักงาน ป.ป.ท. ชั้น 1 รุ่นที่ 9 ระหว่างวันที่ 22 กรกฎาคม - 21 สิงหาคม 2569,,10,2026-07-19 22:09:01,เลอสันต์ หมู่หมื่นศรี,กลุ่มงานคอมพิวเตอร์และการสื่อสาร,ศูนย์เทคโนโลยีสารสนเทศและการสื่อสาร,จองสำเร็จ,2026-07-19 22:09:01
3129,2026-08-14,08:30-16:30,ห้องประชุม (กปท.4),ประชุมคดี,นางนรินยา สุภาพพูล,7,2026-08-06 10:43:21,จิราพรรณ ทาบุราญ,กลุ่มงานปราบปรามการทุจริตในองค์กรปกครองส่วนท้องถิ่น 2,กองปราบปรามการทุจริตในภาครัฐ 4,จองสำเร็จ,2026-08-06 10:43:21
3130,2026-08-14,09:00-16:30,ห้องประชุม 2 (ห้องเล็ก),การประชุมคณะอนุกรรมการกลั่นกรองฯ คณะที่ 4,พลโท กิตติยุทธ  กิตติยุทธโยธิน,9,2026-07-16 15:31:42,ณัฐฐพิชา นาวินธรรม,กลุ่มงานคำวินิจฉัยและมติคณะกรรมการ,กองบริหารคดี,จองสำเร็จ,2026-07-16 15:31:42
3131,2026-08-14,09:00-16:00,ห้องประชุม(ห้องเล็ก 31),สอบปากคำพยาน,,3,2026-08-06 13:10:57,ใหม่ วงศ์สร้างทรัพย์,กลุ่มงานปราบปรามการทุจริตกระทรวงด้านเศรษฐกิจ,กองปราบปรามการทุจริตในภาครัฐ 2,จองสำเร็จ,2026-08-06 13:13:42
3132,2026-08-14,09:00-16:30,OneConferenceRoom 1,การประชุมคณะอนุกรรมการกลั่นกรองฯ คณะที่ 4,พลโท กิตติยุทธ  กิตติยุทธโยธิน,9,2026-07-16 15:31:42,ณัฐฐพิชา นาวินธรรม,กลุ่มงานคำวินิจฉัยและมติคณะกรรมการ,กองบริหารคดี,จองสำเร็จ,2026-07-16 15:31:42
3133,2026-08-14,13:00-16:00,ห้องประชุม(กยผ),ประชุมสมาชิกองค์กรต่อต้านคอร์รัปชัน (ACT),,1,2026-08-04 10:38:39,สรพงษ์ กุ้ยบำรุง,กลุ่มความร่วมมือและพัฒนานวัตกรรมความโปร่งใสในภาครัฐ,กองการต่างประเทศ,จองสำเร็จ,2026-08-04 10:38:39
3134,2026-08-17,08:00-17:00,Zoom Meeting Room 1,หลักสูตรพัฒนาสมรรถนะด้านทักษะดิจิทัล : Prompt AI,,50,2026-07-14 10:52:31,ลินจง ดาวเรือง,กลุ่มงานบริหารงานบุคคล,สำนักงานเลขาธิการ,จองสำเร็จ,2026-07-14 10:54:25
3135,2026-08-17,08:00-17:00,ห้องไต่สวน3,ไต่สวนเบื้องต้น,,3,2026-07-02 15:56:32,เริงจิตร ฉิมพินิจ,กลุ่มงานปราบปรามการทุจริตกระทรวงด้านความมั่นคง 1,กองปราบปรามการทุจริตในภาครัฐ 1,จองสำเร็จ,2026-07-02 15:56:32
3136,2026-08-17,08:00-17:00,ห้องไต่สวน4,ไต่สวนพยาน,พลเอก ปิยะพล วัฒนกุล,1,2026-07-03 15:27:54,ฌานปกรณ์ ขัติวงศ์พศวัฒน์,กลุ่มงานปราบปรามการทุจริตกระทรวงด้านความมั่นคง 2,กองปราบปรามการทุจริตในภาครัฐ 1,จองสำเร็จ,2026-07-03 15:27:54
3137,2026-08-17,08:00-17:00,ห้องประชุม 1 (ห้องใหญ่),หลักสูตรพัฒนาสมรรถนะด้านทักษะดิจิทัล : Prompt AI,,35,2026-07-14 10:48:06,ลินจง ดาวเรือง,กลุ่มงานบริหารงานบุคคล,สำนักงานเลขาธิการ,จองสำเร็จ,2026-07-14 10:54:44
3138,2026-08-17,08:00-17:00,ห้องประชุม(ห้องเล็ก 31),ประชุมคณะอนุกรรมการไต่สวนและสอบปากคำพยาน,,1,2026-08-03 10:26:44,ชรินดา มีแป้น,กลุ่มงานปราบปรามการทุจริตหน่วยงานในสังกัดสำนักนายกรัฐมนตรี,กองปราบปรามการทุจริตในภาครัฐ 5,จองสำเร็จ,2026-08-03 10:26:44
3139,2026-08-17,08:00-17:00,ห้องประชุม(กยผ),ประชุมชี้แจงกฎหมาย,,5,2026-08-14 09:28:36,วรางคณา นนทแก้ว,กลุ่มงานกฎหมาย,กองกฎหมาย,จองสำเร็จ,2026-08-14 09:28:36
3140,2026-08-17,08:00-17:00,Zoom Meeting Room 7,ฝึกอบรมหลักสูตรวิชาชีพพนักงาน ป.ป.ท. ชั้น 1 รุ่นที่ 9 ระหว่างวันที่ 22 กรกฎาคม - 21 สิงหาคม 2569,,10,2026-07-19 22:11:49,เลอสันต์ หมู่หมื่นศรี,กลุ่มงานคอมพิวเตอร์และการสื่อสาร,ศูนย์เทคโนโลยีสารสนเทศและการสื่อสาร,จองสำเร็จ,2026-07-19 22:11:49
3141,2026-08-17,08:30-17:00,ห้องประชุม 2 (ห้องเล็ก),ประชุม TOR,,3,2026-08-07 15:30:34,ณัฏฐ์นนท์ จารุวนาลัย,กลุ่มงานปราบปรามการทุจริตหน่วยงานไม่สังกัดกระทรวง ทบวง สำนักนายกรัฐมนตรี,กองปราบปรามการทุจริตในภาครัฐ 5,จองสำเร็จ,2026-08-07 15:30:34
3142,2026-08-17,08:30-16:30,ห้องไต่สวน2,แจ้งข้อกล่าวหา,พ.ต.ท. ณัฐพล อินทรารักษ์,8,2026-06-26 16:27:09,สาริกา หันจางสิทธิ์,กลุ่มงานปราบปรามการทุจริตในองค์กรปกครองส่วนท้องถิ่น 2,กองปราบปรามการทุจริตในภาครัฐ 4,จองสำเร็จ,2026-06-26 16:27:09
3143,2026-08-17,08:30-16:30,ห้องประชุม (กปท.4),สอบพยาน 1533/2569,จิราพรรณ ทาบุราญ,4,2026-08-03 11:25:26,จิราพรรณ ทาบุราญ,กลุ่มงานปราบปรามการทุจริตในองค์กรปกครองส่วนท้องถิ่น 2,กองปราบปรามการทุจริตในภาครัฐ 4,จองสำเร็จ,2026-08-03 11:25:26
3144,2026-08-17,08:30-10:30,Zoom Meeting Room 8,การประชุมคณะทำงานอำนวยการเเละคณะตรวจสอบข้อเท็จจริงเเละข้อกฎหมาย กรณีงบกลางโครงการฟื้นฟูเมืองฯ หลังน้ำท่วมหาดใหญ่ฯ,เลขาธิการ,15,2026-08-13 19:30:20,รัชดาภรณ์ เทพพุทธา,กลุ่มงานแผนงานและงบประมาณ,กองยุทธศาสตร์และแผนงาน,จองสำเร็จ,2026-08-13 19:30:20
3145,2026-08-17,09:00-15:30,ห้องไต่สวน1,สอบผู้ร้อง และพยาน คดีไต่สวนเบื้องต้น,,1,2026-07-21 12:47:07,สุพงษ์ธนา อธิเดชไพบูลย์,กลุ่มงานปราบปรามการทุจริตในภาครัฐ 3,สำนักงานป้องกันและปราบปรามการทุจริตในภาครัฐ เขต 1,จองสำเร็จ,2026-07-21 12:47:07
3146,2026-08-17,09:00-16:30,Zoom Meeting Room 9,ประชุมหลักเกณฑ์และแนวทางการรับ–ส่ง และรายงานเรื่องกล่าวหา และแบบรายงานแนบท้ายหลักเกณฑ์,,300,2026-08-14 09:18:38,ภัคพิชา ชอบธรรม,กลุ่มงานกฎหมาย,กองกฎหมาย,จองสำเร็จ,2026-08-14 09:18:38
3147,2026-08-17,09:30-16:30,OneConferenceRoom 2,ประชุมคณะอนุกรรมการกลั่นกรองฯ คณะที่ 2 ครั้งที่ 5-5/2569,"นายพิทักษ์ คงจันทร์			ประธานอนุกรรมการ",9,2026-08-05 13:28:01,ฤาฤทธิ์ เริงสมุทร์,กลุ่มงานคำวินิจฉัยและมติคณะกรรมการ,กองบริหารคดี,จองสำเร็จ,2026-08-05 13:28:16
3148,2026-08-17,09:45-12:00,OneConferenceRoom 1,ประชุมคณะอนุกรรมการไต่สวนข้อเท็จจริง เรื่องที่ 123296/2560 ครั้งที่ 2-2/2569,พ.ต.ท.งามพล บุญลิ่มเต็ง,4,2026-08-03 14:37:29,วิชญะ จ้อนเมือง,กลุ่มงานปราบปรามการทุจริตในรัฐวิสาหกิจ 2,กองปราบปรามการทุจริตในภาครัฐ 3,จองสำเร็จ,2026-08-03 14:37:29
3149,2026-08-17,13:00-16:30,Zoom Meeting Room 2,การประชุมเตรียมความพร้อมเพื่อสนับสนุนการดำเนินงานของ คตท.,รองเลขาธิการคณะกรรมการ ป.ป.ท. (พ.ต.ท. สิริพงษ์  ศรีตุลา),10,2026-08-14 16:18:04,กฤตธี เผื่อนพงศ์,กลุ่มงานนโยบายและยุทธศาสตร์,กองยุทธศาสตร์และแผนงาน,จองสำเร็จ,2026-08-14 16:18:04
3150,2026-08-18,07:00-12:00,ห้องประชุม 1 (ห้องใหญ่),กิจกรรมฉีดวัคซีนไข้หวัดใหญ่,,100,2026-08-04 14:16:28,ตะวัน ราชไลกิจ,กลุ่มงานบริหารงานบุคคล,สำนักงานเลขาธิการ,จองสำเร็จ,2026-08-18 10:52:07
3151,2026-08-18,08:00-14:00,ห้องประชุม 2 (ห้องเล็ก),ประชุมเรื่องประสบการณ์ในงานที่หลากหลาย,,15,2026-08-07 13:42:49,กิตวิภา สุวรรณรัตน์,กลุ่มงานพัฒนาบุคลากร,สำนักงานเลขาธิการ,จองสำเร็จ,2026-08-07 13:42:49
3152,2026-08-18,08:00-17:00,ห้องไต่สวน4,ไต่สวนพยาน,พลเอก ปิยะพล วัฒนกุล,1,2026-07-03 15:30:58,ฌานปกรณ์ ขัติวงศ์พศวัฒน์,กลุ่มงานปราบปรามการทุจริตกระทรวงด้านความมั่นคง 2,กองปราบปรามการทุจริตในภาครัฐ 1,จองสำเร็จ,2026-07-03 15:30:58
3153,2026-08-18,08:00-17:00,ห้องประชุม(ห้องเล็ก 31),ประชุมคณะอนุกรรมการไต่สวนและสอบปากคำพยาน,,1,2026-08-03 16:38:08,ชรินดา มีแป้น,กลุ่มงานปราบปรามการทุจริตหน่วยงานในสังกัดสำนักนายกรัฐมนตรี,กองปราบปรามการทุจริตในภาครัฐ 5,จองสำเร็จ,2026-08-03 16:38:08
3154,2026-08-18,08:00-15:45,ห้องประชุม (กปท.4),สอบพยานบุคคล,พ.ต.ท.ทนง,1,2026-08-06 10:35:54,นรินยา สุภาพพูล,กลุ่มงานปราบปรามการทุจริตในองค์กรปกครองส่วนท้องถิ่น 2,กองปราบปรามการทุจริตในภาครัฐ 4,จองสำเร็จ,2026-08-06 10:35:54
3155,2026-08-18,08:00-15:00,Zoom Meeting Room 4,ประชุมหารือประสบการณ์ที่หลากหลาย,,20,2026-08-07 13:46:56,กิตวิภา สุวรรณรัตน์,กลุ่มงานพัฒนาบุคลากร,สำนักงานเลขาธิการ,จองสำเร็จ,2026-08-07 13:46:56
3156,2026-08-18,08:00-17:00,Zoom Meeting Room 7,ฝึกอบรมหลักสูตรวิชาชีพพนักงาน ป.ป.ท. ชั้น 1 รุ่นที่ 9 ระหว่างวันที่ 22 กรกฎาคม - 21 สิงหาคม 2569,,10,2026-07-19 22:11:49,เลอสันต์ หมู่หมื่นศรี,กลุ่มงานคอมพิวเตอร์และการสื่อสาร,ศูนย์เทคโนโลยีสารสนเทศและการสื่อสาร,จองสำเร็จ,2026-07-19 22:11:49
3157,2026-08-18,08:30-16:30,ห้องไต่สวน1,สอบพยาน,,4,2026-07-21 14:02:16,อนาวิล เกตพันธ์,กลุ่มงานปราบปรามการทุจริตในองค์กรปกครองส่วนท้องถิ่น 1,กองปราบปรามการทุจริตในภาครัฐ 4,จองสำเร็จ,2026-08-04 13:28:24
3158,2026-08-18,08:30-12:00,OneConferenceRoom 1,ประชุมคณะกรรมการ ป.ป.ท. ประจำเดือนสิงหาคม ครั้งที่ 60/2569,,20,2026-07-20 15:57:10,ลลิตตา พานิชผล,กลุ่มงานบริหารคดีและบริหารทั่วไป,กองบริหารคดี,จองสำเร็จ,2026-07-20 15:57:10
3159,2026-08-18,08:30-12:00,ห้องประชุมคณะกรรมการ,ประชุมคณะกรรมการ ป.ป.ท. ประจำเดือนสิงหาคม ครั้งที่ 60/2569,,20,2026-07-20 15:01:04,ลลิตตา พานิชผล,กลุ่มงานบริหารคดีและบริหารทั่วไป,กองบริหารคดี,จองสำเร็จ,2026-07-20 16:00:01
3160,2026-08-18,09:30-16:00,ห้องไต่สวน2,สอบปากคำพยาน,,3,2026-07-09 14:27:50,จักรภพ ขันทะวงศ์,กลุ่มงานปราบปรามการทุจริตหน่วยงานไม่สังกัดกระทรวง ทบวง สำนักนายกรัฐมนตรี,กองปราบปรามการทุจริตในภาครัฐ 5,จองสำเร็จ,2026-07-09 14:27:50
3161,2026-08-18,09:30-17:00,ห้องไต่สวน3,ไต่สวนเบื้องต้น,,3,2026-07-02 15:56:32,เริงจิตร ฉิมพินิจ,กลุ่มงานปราบปรามการทุจริตกระทรวงด้านความมั่นคง 1,กองปราบปรามการทุจริตในภาครัฐ 1,จองสำเร็จ,2026-07-02 15:56:32
3162,2026-08-18,09:30-16:30,ห้องประชุม(กยผ),ประชุมคณะอนุกรรมการกลั่นกรองฯ คณะที่ 2 ครั้งที่ 5-5/2569,"นายพิทักษ์ คงจันทร์			ประธานอนุกรรมการ",9,2026-08-13 15:32:12,ฤาฤทธิ์ เริงสมุทร์,กลุ่มงานคำวินิจฉัยและมติคณะกรรมการ,กองบริหารคดี,จองสำเร็จ,2026-08-13 15:32:12
3163,2026-08-18,09:30-16:30,OneConferenceRoom 2,ประชุมคณะอนุกรรมการกลั่นกรองฯ คณะที่ 2 ครั้งที่ 5-5/2569,"นายพิทักษ์ คงจันทร์			ประธานอนุกรรมการ",9,2026-08-13 15:32:12,ฤาฤทธิ์ เริงสมุทร์,กลุ่มงานคำวินิจฉัยและมติคณะกรรมการ,กองบริหารคดี,จองสำเร็จ,2026-08-13 15:32:12
3164,2026-08-18,13:00-16:30,ห้องประชุม 1 (ห้องใหญ่),การประชุมเตรียมความพร้อมเพื่อสนับสนุนการดำเนินงานของ คตท.,รองเลขาธิการคณะกรรมการ ป.ป.ท. (พ.ต.ท.สิริพงษ์),10,2026-08-18 10:59:40,กฤตธี เผื่อนพงศ์,กลุ่มงานนโยบายและยุทธศาสตร์,กองยุทธศาสตร์และแผนงาน,จองสำเร็จ,2026-08-18 10:59:40
3165,2026-08-18,13:30-16:00,Zoom Meeting Room 2,การประชุมเตรียมความพร้อมเพื่อสนับสนุนการดำเนินงานของ คตท.,รองเลขาธิการคณะกรรมการ ป.ป.ท. (พ.ต.ท.สิริพงษ์),9,2026-08-17 10:00:17,กฤตธี เผื่อนพงศ์,กลุ่มงานนโยบายและยุทธศาสตร์,กองยุทธศาสตร์และแผนงาน,จองสำเร็จ,2026-08-17 10:00:17
3166,2026-08-18,16:00-18:00,ห้องประชุม (กปท.4),ประชุมไต่สวน,นางนรินยา สุภาพพูล,5,2026-08-05 10:38:16,ศิริพักร์ แก้วจันทร์,กลุ่มงานปราบปรามการทุจริตในองค์กรปกครองส่วนท้องถิ่น 2,กองปราบปรามการทุจริตในภาครัฐ 4,จองสำเร็จ,2026-08-05 10:38:16
3167,2026-08-19,08:00-17:00,ห้องไต่สวน2,ประชุมคณะอนุกรรมการไต่สวนและสอบปากคำพยาน,,1,2026-08-03 16:38:54,ชรินดา มีแป้น,กลุ่มงานปราบปรามการทุจริตหน่วยงานในสังกัดสำนักนายกรัฐมนตรี,กองปราบปรามการทุจริตในภาครัฐ 5,จองสำเร็จ,2026-08-03 16:38:54
3168,2026-08-19,08:00-17:00,ห้องไต่สวน3,ไต่สวนเบื้องต้น,,3,2026-07-02 15:56:32,เริงจิตร ฉิมพินิจ,กลุ่มงานปราบปรามการทุจริตกระทรวงด้านความมั่นคง 1,กองปราบปรามการทุจริตในภาครัฐ 1,จองสำเร็จ,2026-07-02 15:56:32
3169,2026-08-19,08:00-17:00,ห้องไต่สวน4,ไต่สวนพยาน,พลเอก ปิยะพล วัฒนกุล,1,2026-07-03 15:32:14,ฌานปกรณ์ ขัติวงศ์พศวัฒน์,กลุ่มงานปราบปรามการทุจริตกระทรวงด้านความมั่นคง 2,กองปราบปรามการทุจริตในภาครัฐ 1,จองสำเร็จ,2026-07-03 15:32:14
3170,2026-08-19,08:00-16:30,ห้องประชุม (กปท.4),สอบพยานบุคคล,พ.ต.ท.ทนง,1,2026-08-06 10:36:59,นรินยา สุภาพพูล,กลุ่มงานปราบปรามการทุจริตในองค์กรปกครองส่วนท้องถิ่น 2,กองปราบปรามการทุจริตในภาครัฐ 4,จองสำเร็จ,2026-08-06 10:36:59
3171,2026-08-19,08:00-17:00,Zoom Meeting Room 7,ฝึกอบรมหลักสูตรวิชาชีพพนักงาน ป.ป.ท. ชั้น 1 รุ่นที่ 9 ระหว่างวันที่ 22 กรกฎาคม - 21 สิงหาคม 2569,,10,2026-07-19 22:11:49,เลอสันต์ หมู่หมื่นศรี,กลุ่มงานคอมพิวเตอร์และการสื่อสาร,ศูนย์เทคโนโลยีสารสนเทศและการสื่อสาร,จองสำเร็จ,2026-07-19 22:11:49
3172,2026-08-19,08:30-16:30,ห้องไต่สวน1,ประชุมคณะอนุกรรมการไต่สวน,,4,2026-08-05 12:46:05,อนาวิล เกตพันธ์,กลุ่มงานปราบปรามการทุจริตในองค์กรปกครองส่วนท้องถิ่น 1,กองปราบปรามการทุจริตในภาครัฐ 4,จองสำเร็จ,2026-08-05 12:46:05
3173,2026-08-19,08:30-13:00,OneConferenceRoom 1,ประชุมคณะกรรมการ ป.ป.ท. ประจำเดือนสิงหาคม ครั้งที่ 61/2569,,20,2026-07-20 16:00:54,ลลิตตา พานิชผล,กลุ่มงานบริหารคดีและบริหารทั่วไป,กองบริหารคดี,จองสำเร็จ,2026-07-20 16:00:54
3174,2026-08-19,08:30-12:00,ห้องประชุมคณะกรรมการ,ประชุมคณะกรรมการ ป.ป.ท. ประจำเดือนสิงหาคม ครั้งที่ 61/2569,,20,2026-07-20 15:57:50,ลลิตตา พานิชผล,กลุ่มงานบริหารคดีและบริหารทั่วไป,กองบริหารคดี,จองสำเร็จ,2026-07-20 15:57:50
3175,2026-08-19,10:00-12:00,ห้องประชุม(กยผ),ประชุมติดตามระบบบริหารงานคลังงบประมาณและสินทรัพย์,,10,2026-08-18 15:30:12,อรวรรณ บุตรรัด,กลุ่มงานคลัง,สำนักงานเลขาธิการ,จองสำเร็จ,2026-08-18 15:30:12
3176,2026-08-19,12:00-16:30,ห้องประชุม 1 (ห้องใหญ่),ประชุม อ.ก.พ. สำนักงาน ป.ป.ท. ครั้งที่ 6/2569,เลขาธิการคณะกรรมการ ป.ป.ท.,15,2026-07-31 10:35:20,ญาดา คชาชาติ,กลุ่มงานบริหารงานบุคคล,สำนักงานเลขาธิการ,จองสำเร็จ,2026-07-31 10:35:20
3177,2026-08-19,13:00-16:30,ห้องประชุม(ห้องเล็ก 31),แจ้งข้อกล่าวหา,,3,2026-08-07 09:41:08,รัญชนะ น้อยอิ่ม,กลุ่มงานปราบปรามคดีพิเศษ,กองอำนวยการต่อต้านการทุจริต,จองสำเร็จ,2026-08-07 09:41:08
3178,2026-08-19,14:00-16:30,Zoom Meeting Room 9,ประชุมภายใน คณะทำงานอำนวยการและคณะตรวจสอบข้อกฏหมายและข้อเท็จจริง กรณีการใช้จ่ายงบประมาณรายจ่าย งบกลาง รายการเงินสำรองจ่ายเพื่อกรณีฉุกเฉินหรือจำเป็น เพื่อดำเนินโครงการฟื้นฟูเมืองหลังวิกฤติน้ำท่วมอำเภอหาดใหญ่ และบริเวณโดยรอบ,ผอ.กยผ.,20,2026-08-19 12:59:42,รัชดาภรณ์ เทพพุทธา,กลุ่มงานแผนงานและงบประมาณ,กองยุทธศาสตร์และแผนงาน,จองสำเร็จ,2026-08-19 12:59:42
3179,2026-08-20,08:00-17:00,ห้องไต่สวน1,สอบปากคำพยาน,พลเอก ปิยะพล วัฒนกุล,1,2026-08-05 11:43:25,ฌานปกรณ์ ขัติวงศ์พศวัฒน์,กลุ่มงานปราบปรามการทุจริตกระทรวงด้านความมั่นคง 2,กองปราบปรามการทุจริตในภาครัฐ 1,จองสำเร็จ,2026-08-05 11:43:25
3180,2026-08-20,08:00-17:00,ห้องไต่สวน2,ไต่สวนพยาน,พลเอก ปิยะพล วัฒนกุล,1,2026-07-03 15:35:00,ฌานปกรณ์ ขัติวงศ์พศวัฒน์,กลุ่มงานปราบปรามการทุจริตกระทรวงด้านความมั่นคง 2,กองปราบปรามการทุจริตในภาครัฐ 1,จองสำเร็จ,2026-07-03 15:35:00
3181,2026-08-20,08:00-17:00,ห้องประชุม(กยผ),หารือตัวชี้วัด CPI,ผอ.กพร.,1,2026-08-19 10:01:17,นิลมณี จิรอร่าม,กลุ่มพัฒนาระบบบริหาร,กลุ่มพัฒนาระบบบริหาร,จองสำเร็จ,2026-08-19 10:01:17
3182,2026-08-20,08:00-17:00,Zoom Meeting Room 7,ฝึกอบรมหลักสูตรวิชาชีพพนักงาน ป.ป.ท. ชั้น 1 รุ่นที่ 9 ระหว่างวันที่ 22 กรกฎาคม - 21 สิงหาคม 2569,,10,2026-07-19 22:11:49,เลอสันต์ หมู่หมื่นศรี,กลุ่มงานคอมพิวเตอร์และการสื่อสาร,ศูนย์เทคโนโลยีสารสนเทศและการสื่อสาร,จองสำเร็จ,2026-07-19 22:11:49
3183,2026-08-20,08:30-16:30,ห้องไต่สวน3,สอบพยาน,,3,2026-08-11 13:54:08,กชมน สุธีรวัฒนกุล,กลุ่มงานปราบปรามการทุจริตในองค์กรปกครองส่วนท้องถิ่น 1,กองปราบปรามการทุจริตในภาครัฐ 4,จองสำเร็จ,2026-08-11 13:54:08
3184,2026-08-20,08:45-16:00,ห้องไต่สวน4,ไต่สวน,,3,2026-07-22 14:38:07,มะลิไล แก้วมาดีงาม,กลุ่มงานปราบปรามการทุจริตหน่วยงานไม่สังกัดกระทรวง ทบวง สำนักนายกรัฐมนตรี,กองปราบปรามการทุจริตในภาครัฐ 5,จองสำเร็จ,2026-07-22 14:38:07
3185,2026-08-20,09:00-13:00,ห้องประชุม (กปท.4),สอบพยาน,,4,2026-08-06 09:40:43,ชัยนาท น้อยสอน,กลุ่มงานปราบปรามการทุจริตหน่วยงานในสังกัดสำนักนายกรัฐมนตรี,กองปราบปรามการทุจริตในภาครัฐ 5,จองสำเร็จ,2026-08-06 09:40:43
3186,2026-08-20,12:00-16:30,Zoom Meeting Room 2,ประชุมคณะกรรมการจริยธรรม ประจำสำนักงาน ป.ป.ท.,,10,2026-07-23 14:00:23,พัทธนันท์ ประสิทธิวงษ์,กลุ่มงานจริยธรรม,ศูนย์ปฏิบัติการต่อต้านการทุจริต,จองสำเร็จ,2026-07-23 14:00:23
3187,2026-08-20,12:30-16:30,ห้องประชุม 2 (ห้องเล็ก),ประชุมคณะกรรมการจริยธรรม ประจำสำนักงาน ป.ป.ท.,,10,2026-07-22 13:11:56,พัทธนันท์ ประสิทธิวงษ์,กลุ่มงานจริยธรรม,ศูนย์ปฏิบัติการต่อต้านการทุจริต,จองสำเร็จ,2026-07-22 13:11:56
3188,2026-08-20,12:30-16:00,ห้องประชุม 1 (ห้องใหญ่),ความรู้ความสามารถ ทักษะ สมรรถนะ ครั้งที่ 3/2569,,30,2026-08-17 17:11:04,กิตวิภา สุวรรณรัตน์,กลุ่มงานพัฒนาบุคลากร,สำนักงานเลขาธิการ,จองสำเร็จ,2026-08-17 17:11:04
3189,2026-08-20,12:30-16:00,Zoom Meeting Room 9,ประชุมคณะกรรมการกำหนดมาตรฐานความรู้ฯ ครั้งที่ 3/2569,พ.ต.ท.สิริพงษ์ ศรีตุลา รองเลขาธิการคณะกรรมการ ป.ป.ท.,40,2026-08-17 16:22:58,วิทยา สีดา,กลุ่มพัฒนาระบบบริหาร,กลุ่มพัฒนาระบบบริหาร,จองสำเร็จ,2026-08-17 16:22:58
3190,2026-08-20,13:00-16:00,ห้องประชุม(ห้องเล็ก 31),กปท.2 ประชุมคณะกรรมการตรวจสอบข้อเท็จจริงฯ หาดใหญ่,,5,2026-08-19 16:36:22,ใหม่ วงศ์สร้างทรัพย์,กลุ่มงานปราบปรามการทุจริตกระทรวงด้านเศรษฐกิจ,กองปราบปรามการทุจริตในภาครัฐ 2,จองสำเร็จ,2026-08-19 16:36:22
3191,2026-08-20,13:00-16:15,ห้องประชุม (กปท.4),สอบพยานบุคคล,พ.ต.ท.ทนง,1,2026-08-06 10:42:33,นรินยา สุภาพพูล,กลุ่มงานปราบปรามการทุจริตในองค์กรปกครองส่วนท้องถิ่น 2,กองปราบปรามการทุจริตในภาครัฐ 4,จองสำเร็จ,2026-08-06 10:42:33
3192,2026-08-21,08:00-17:00,ห้องไต่สวน1,สอบปากคำพยาน,พลเอก ปิยะพล วัฒนกุล,1,2026-08-05 11:44:26,ฌานปกรณ์ ขัติวงศ์พศวัฒน์,กลุ่มงานปราบปรามการทุจริตกระทรวงด้านความมั่นคง 2,กองปราบปรามการทุจริตในภาครัฐ 1,จองสำเร็จ,2026-08-05 11:44:26
3193,2026-08-21,08:00-12:00,ห้องไต่สวน2,ประชุมอนุฯ,,5,2026-08-13 14:26:26,กรีฑา พิทักษ์วงศ์,กลุ่มงานปราบปรามการทุจริตในองค์กรปกครองส่วนท้องถิ่น 2,กองปราบปรามการทุจริตในภาครัฐ 4,จองสำเร็จ,2026-08-13 14:26:26
3194,2026-08-21,08:00-17:00,ห้องไต่สวน4,สอบปากคำผู้กล่าวหา พยาน,คณะไต่สวน,1,2026-08-04 14:45:20,ตระกูล บุญทัน,กลุ่มงานปราบปรามการทุจริตหน่วยงานในสังกัดสำนักนายกรัฐมนตรี,กองปราบปรามการทุจริตในภาครัฐ 5,จองสำเร็จ,2026-08-04 14:45:20
3195,2026-08-21,08:00-17:00,Zoom Meeting Room 7,ฝึกอบรมหลักสูตรวิชาชีพพนักงาน ป.ป.ท. ชั้น 1 รุ่นที่ 9 ระหว่างวันที่ 22 กรกฎาคม - 21 สิงหาคม 2569,,10,2026-07-19 22:11:49,เลอสันต์ หมู่หมื่นศรี,กลุ่มงานคอมพิวเตอร์และการสื่อสาร,ศูนย์เทคโนโลยีสารสนเทศและการสื่อสาร,จองสำเร็จ,2026-07-19 22:11:49
3196,2026-08-21,08:30-16:45,ห้องประชุม (กปท.4),สอบพยานบุคคล,พ.ต.ท.ทนง,1,2026-08-06 10:43:15,นรินยา สุภาพพูล,กลุ่มงานปราบปรามการทุจริตในองค์กรปกครองส่วนท้องถิ่น 2,กองปราบปรามการทุจริตในภาครัฐ 4,จองสำเร็จ,2026-08-06 10:43:15
3197,2026-08-21,08:30-16:30,ห้องประชุมคณะกรรมการ,ประชุมคณะอนุกรรมการกลั่นกรองฯ คณะที่ 3 ครั้งที่ 5-5/2569,นายภาส ภาสสัทธา,9,2026-07-17 10:11:53,นงค์ลักษณ์ ยั่งยืน,กลุ่มงานคำวินิจฉัยและมติคณะกรรมการ,กองบริหารคดี,จองสำเร็จ,2026-07-17 10:11:53
3198,2026-08-21,09:00-15:30,ห้องประชุม 2 (ห้องเล็ก),ประชุมคณะอนุกรรมการกลั่นกรองฯ คณะที่ 1,พลโท นพพร โควหกุล,9,2026-07-16 16:57:16,ปิยะนุช ชูเมือง,กลุ่มงานคำวินิจฉัยและมติคณะกรรมการ,กองบริหารคดี,จองสำเร็จ,2026-07-16 16:57:16
3199,2026-08-21,09:00-14:00,ห้องประชุม 1 (ห้องใหญ่),ประชุมอนุกรรมการรณรงค์ส่งเสริมประชาสัมพันธ์ภารกิจด้านการป้องกันทุจริต ครั้งที่ 2/2569,นายอภินันท์ จันทรังษี,27,2026-07-30 15:18:31,พลอยศมน เอี่ยมศิลา,กลุ่มงานส่งเสริมธรรมาภิบาลในภาครัฐ,กองป้องกันการทุจริตในภาครัฐ,จองสำเร็จ,2026-07-30 15:22:01
3200,2026-08-21,09:00-13:30,ห้องประชุม(ห้องเล็ก 31),ประชุมกำหนดแนวทางการแก้ไขปัญหาความเดือดร้อนของประชาชน,ผอ.กปท.3,1,2026-08-08 16:36:13,ทวีศักดิ์ นันทะพงษ์,กลุ่มงานปราบปรามการทุจริตในรัฐวิสาหกิจ 1,กองปราบปรามการทุจริตในภาครัฐ 3,จองสำเร็จ,2026-08-08 16:36:13
3201,2026-08-21,09:00-13:00,Zoom Meeting Room 10,ประชุมกำหนดแนวทางการแก้ไขปัญหาความเดือดร้อนของประชาชน,ผอ.กปท.3,1,2026-08-08 16:37:56,ทวีศักดิ์ นันทะพงษ์,กลุ่มงานปราบปรามการทุจริตในรัฐวิสาหกิจ 1,กองปราบปรามการทุจริตในภาครัฐ 3,จองสำเร็จ,2026-08-08 16:37:56
3202,2026-08-21,09:00-15:30,OneConferenceRoom 1,ประชุมคณะอนุกรรมการกลั่นกรองฯ คณะที่ 1,พลโท นพพร โควหกุล,9,2026-07-16 17:01:45,ปิยะนุช ชูเมือง,กลุ่มงานคำวินิจฉัยและมติคณะกรรมการ,กองบริหารคดี,จองสำเร็จ,2026-07-16 17:01:45
3203,2026-08-21,09:30-14:00,Zoom Meeting Room 1,ประชุมอนุกรรมการรณรงค์ส่งเสริมประชาสัมพันธ์ภารกิจด้านการป้องกันทุจริต ครั้งที่ 2/2569,นายอภินันท์ จันทรังษี,25,2026-07-21 10:40:52,พลอยศมน เอี่ยมศิลา,กลุ่มงานส่งเสริมธรรมาภิบาลในภาครัฐ,กองป้องกันการทุจริตในภาครัฐ,จองสำเร็จ,2026-07-30 15:24:10
3204,2026-08-21,10:00-12:00,OneConferenceRoom 2,ประชุมคณะอนุกรรมการไต่สวนเรื่องที่ 0750/2568,นายอธิปไตย ไกรราช,5,2026-08-17 12:50:00,โฆษิต เฮงจำรัส,กลุ่มงานปราบปรามการทุจริตในภาครัฐ 1,สำนักงานป้องกันและปราบปรามการทุจริตในภาครัฐ เขต 6,จองสำเร็จ,2026-08-17 12:51:03
3205,2026-08-21,11:30-14:00,OneConferenceRoom 3,ประชุมคณะอนุกรรมการไต่สวนข้อเท็จจริง สำนวนคดีเลขที่ 0753/2568 ครั้งที่ 4-1/2569,,5,2026-08-20 09:49:10,นริศรา หรุ่นสูงเนิน,กลุ่มงานปราบปรามการทุจริตกระทรวงด้านสังคม,กองปราบปรามการทุจริตในภาครัฐ 2,จองสำเร็จ,2026-08-20 11:53:40
3206,2026-08-21,13:30-17:00,Zoom Meeting Room 6,ประชุม กบส.,,30,2026-08-13 10:55:18,กชนัฑ สุขสวัสดิ์,กลุ่มบริหารความเสี่ยงและสกัดกั้นการทุจริตในภาครัฐ,กองป้องกันการทุจริตในภาครัฐ,จองสำเร็จ,2026-08-13 10:55:18
3207,2026-08-21,14:00-17:00,ห้องประชุม 1 (ห้องใหญ่),ประชุม กบส.,,30,2026-08-13 10:54:29,กชนัฑ สุขสวัสดิ์,กลุ่มบริหารความเสี่ยงและสกัดกั้นการทุจริตในภาครัฐ,กองป้องกันการทุจริตในภาครัฐ,จองสำเร็จ,2026-08-13 10:54:29
3208,2026-08-21,14:00-16:00,Zoom Meeting Room 4,ประชุมคณะกรรมการเพื่อพิจารณาคัดเลือกผู้สมัครเพื่อรับทุนรัฐบาล สำหรับกลุ่มกำลังคนคุณภาพ  (ทุนสำหรับผู้มีศักยภาพสูง : Talent Network),พ.ต.ท. สิริพงษ์ ศรีตุลา,9,2026-08-20 15:24:35,ณัฏฐ์รินทร์ กรรณสูต,กลุ่มงานพัฒนาบุคลากร,สำนักงานเลขาธิการ,จองสำเร็จ,2026-08-20 15:24:35
3209,2026-08-21,15:30-16:30,ห้องประชุม 2 (ห้องเล็ก),ประชุมคณะกรรมการเพื่อพิจารณาคัดเลือกผู้สมัครเพื่อรับทุนรัฐบาล สำหรับกลุ่มกำลังคนคุณภาพ  (ทุนสำหรับผู้มีศักยภาพสูง : Talent Network),พ.ต.ท. สิริพงษ์ ศรีตุลา,9,2026-08-20 15:36:44,ณัฏฐ์รินทร์ กรรณสูต,กลุ่มงานพัฒนาบุคลากร,สำนักงานเลขาธิการ,จองสำเร็จ,2026-08-20 15:36:44
3210,2026-08-24,07:30-17:00,ห้องไต่สวน1,ไต่สวนข้อเท็จจริง,,1,2026-07-31 12:51:56,อภิรักษ์ คงคาเพชร,กลุ่มงานปราบปรามการทุจริตในองค์กรปกครองส่วนท้องถิ่น 2,กองปราบปรามการทุจริตในภาครัฐ 4,จองสำเร็จ,2026-07-31 12:51:56
3211,2026-08-24,08:00-16:30,ห้องประชุม 2 (ห้องเล็ก),การประชุมเชิงปฏิบัติการตามโครงการพัฒนาคุณภาพการบริหารจัดการภาครัฐ ตามมาตรฐานสากล PMQA 4.0 ของสำนักงาน ป.ป.ท. ประจำปีงบประมาณ พ.ศ. 2569 กิจกรรมที่ 2 (ครั้งที่ 2),พ.ต.ท. สิริพงษ์ ศรีตุลา,1,2026-08-13 15:04:26,ศักดิ์ดา สารจันทร์,กลุ่มพัฒนาระบบบริหาร,กลุ่มพัฒนาระบบบริหาร,จองสำเร็จ,2026-08-13 15:04:26
3212,2026-08-24,08:00-17:00,ห้องไต่สวน2,ไต่สวนเบื้องต้น,,3,2026-07-08 13:43:27,เริงจิตร ฉิมพินิจ,กลุ่มงานปราบปรามการทุจริตกระทรวงด้านความมั่นคง 1,กองปราบปรามการทุจริตในภาครัฐ 1,จองสำเร็จ,2026-07-08 13:43:27
3213,2026-08-24,08:00-12:15,ห้องประชุม 1 (ห้องใหญ่),ประชุมอกพ.ครั้งที่ 6,,15,2026-08-17 16:18:08,กิตวิภา สุวรรณรัตน์,กลุ่มงานพัฒนาบุคลากร,สำนักงานเลขาธิการ,จองสำเร็จ,2026-08-17 16:18:08
3214,2026-08-24,08:30-16:00,ห้องไต่สวน3,สอบพยาน,,2,2026-08-03 14:12:03,นันทการ มีเหม,กลุ่มงานปราบปรามการทุจริตในภาครัฐ 1,สำนักงานป้องกันและปราบปรามการทุจริตในภาครัฐ เขต 1,จองสำเร็จ,2026-08-03 14:12:03
3215,2026-08-24,08:30-17:00,ห้องไต่สวน4,แจ้งข้อกล่าวหาเพิ่มเติม เรื่องที่ 0345/2567,,1,2026-08-04 10:29:25,ดารณี ปฐมโยธิน,กลุ่มงานปราบปรามการทุจริตกระทรวงด้านความมั่นคง 2,กองปราบปรามการทุจริตในภาครัฐ 1,จองสำเร็จ,2026-08-04 10:29:25
3216,2026-08-24,08:30-16:30,ห้องประชุม(ห้องเล็ก 31),ประชุมคณะอนุกรรมการไต่สวน,,9,2026-07-24 14:19:58,นวพร ปั้นจันทร์,กลุ่มงานปราบปรามการทุจริตหน่วยงานในสังกัดสำนักนายกรัฐมนตรี,กองปราบปรามการทุจริตในภาครัฐ 5,จองสำเร็จ,2026-07-24 14:20:16
3217,2026-08-24,08:30-16:30,ห้องประชุม (กปท.4),สอบพยาน,,3,2026-08-11 09:45:10,กชมน สุธีรวัฒนกุล,กลุ่มงานปราบปรามการทุจริตในองค์กรปกครองส่วนท้องถิ่น 1,กองปราบปรามการทุจริตในภาครัฐ 4,จองสำเร็จ,2026-08-11 09:45:10
3218,2026-08-24,08:30-16:30,Zoom Meeting Room 3,ประชุมเชิงปฏิบัติการตามโครงการพัฒนาคุณภาพการบริหารจัดการภาครัฐ ตามมาตรฐานสากล PMQA 4.0 ของสำนักงาน ป.ป.ท. ประจำปีงบประมาณ พ.ศ. 2569 กิจกรรมที่ 2 (ครั้งที่ 2),พ.ต.ท.สิริพงษ์ ศรีตุลา,1,2026-08-13 10:37:36,ศักดิ์ดา สารจันทร์,กลุ่มพัฒนาระบบบริหาร,กลุ่มพัฒนาระบบบริหาร,จองสำเร็จ,2026-08-13 10:37:36
3219,2026-08-24,09:30-16:30,ห้องประชุม(กยผ),ประชุมคณะกรรมการตรวจรับพัสดุในงานจ้างที่ปรึกษา ครั้งที่ 4,นางสาวกิตวิภา สุวรรณรัตน์,7,2026-08-14 15:31:44,กิริยา พิชยวัฒน์,กลุ่มความร่วมมือและพัฒนานวัตกรรมความโปร่งใสในภาครัฐ,กองการต่างประเทศ,จองสำเร็จ,2026-08-14 15:31:44
3220,2026-08-24,09:30-16:30,Zoom Meeting Room 4,ประชุมคณะกรรมการตรวจรับพัสดุในงานจ้างที่ปรึกษา ครั้งที่ 4,นางสาวกิตวิภา สุวรรณรัตน์,7,2026-08-14 15:33:46,กิริยา พิชยวัฒน์,กลุ่มความร่วมมือและพัฒนานวัตกรรมความโปร่งใสในภาครัฐ,กองการต่างประเทศ,จองสำเร็จ,2026-08-14 15:33:46
3221,2026-08-24,10:00-12:00,OneConferenceRoom 1,ประชุมคณะอนุกรรมการไต่สวน ข้อเท็จจริง,ร้อยตำรวจเอกอัศวิน เบญจโอฬาร,2,2026-08-19 11:58:00,สมภพ แพงมะจริน,กลุ่มงานปราบปรามการทุจริตในภาครัฐ 3,สำนักงานป้องกันและปราบปรามการทุจริตในภาครัฐ เขต 6,จองสำเร็จ,2026-08-19 11:58:00
3222,2026-08-24,12:30-16:30,ห้องประชุม 1 (ห้องใหญ่),ประชุม คกก. ตรวจรับ E-cmis ประจำเดือนสิงหาคม ครั้งที่ 5/2569,,35,2026-08-06 08:57:32,ลลิตตา พานิชผล,กลุ่มงานบริหารคดีและบริหารทั่วไป,กองบริหารคดี,จองสำเร็จ,2026-08-06 08:57:32
3223,2026-08-24,12:30-16:30,Zoom Meeting Room 2,ประชุมระบบ E-Cmis ประจำเดือน สิงหาคม 2569 (ครั้งที่ 5/2569),,30,2026-08-06 08:58:55,ลลิตตา พานิชผล,กลุ่มงานบริหารคดีและบริหารทั่วไป,กองบริหารคดี,จองสำเร็จ,2026-08-06 08:58:55
3224,2026-08-24,13:30-16:00,Zoom Meeting Room 1,ประชุมคณะทำงานฯ,,14,2026-08-03 16:25:36,สิวลี นันทนพิบูล,กลุ่มงานปราบปรามการทุจริตในรัฐวิสาหกิจ 2,กองปราบปรามการทุจริตในภาครัฐ 3,จองสำเร็จ,2026-08-03 16:25:36
3225,2026-08-25,07:30-13:00,OneConferenceRoom 1,ประชุมคณะกรรมการ ป.ป.ท. ประจำเดือนสิงหาคม ครั้งที่ 62/2569,,20,2026-07-20 16:02:21,ลลิตตา พานิชผล,กลุ่มงานบริหารคดีและบริหารทั่วไป,กองบริหารคดี,จองสำเร็จ,2026-07-20 16:02:21
3226,2026-08-25,08:30-12:00,ห้องประชุม 2 (ห้องเล็ก),ประชุมคณะกรรมการกลั่นกรองฯ,พ.ต.ท.สิริพงษ์ ศรีตุลา,5,2026-08-05 14:14:33,พัชร์ณิษา ภูมิพิริยะไชย,กลุ่มงานบริหารงานบุคคล,สำนักงานเลขาธิการ,จองสำเร็จ,2026-08-05 14:14:33
3227,2026-08-25,08:30-16:30,ห้องไต่สวน4,ไต่สวน,,4,2026-07-08 11:22:37,วิชาญ พิเนตรเสถียร,กลุ่มงานปราบปรามการทุจริตหน่วยงานไม่สังกัดกระทรวง ทบวง สำนักนายกรัฐมนตรี,กองปราบปรามการทุจริตในภาครัฐ 5,จองสำเร็จ,2026-07-08 11:22:37
3228,2026-08-25,08:30-12:00,ห้องประชุม (กปท.4),ประชุมไต่สวน,,6,2026-08-22 20:50:51,กชมน สุธีรวัฒนกุล,กลุ่มงานปราบปรามการทุจริตในองค์กรปกครองส่วนท้องถิ่น 1,กองปราบปรามการทุจริตในภาครัฐ 4,จองสำเร็จ,2026-08-22 20:50:51
3229,2026-08-25,08:30-13:00,ห้องประชุมคณะกรรมการ,ประชุมคณะกรรมการ ป.ป.ท. ประจำเดือนสิงหาคม ครั้งที่ 62/2569,,20,2026-07-20 16:01:41,ลลิตตา พานิชผล,กลุ่มงานบริหารคดีและบริหารทั่วไป,กองบริหารคดี,จองสำเร็จ,2026-07-20 16:01:41
3230,2026-08-25,09:00-16:00,ห้องไต่สวน2,สอบปากคำพยาน,,1,2026-07-08 13:47:20,เริงจิตร ฉิมพินิจ,กลุ่มงานปราบปรามการทุจริตกระทรวงด้านความมั่นคง 1,กองปราบปรามการทุจริตในภาครัฐ 1,จองสำเร็จ,2026-07-08 13:47:20
3231,2026-08-25,09:00-17:00,ห้องไต่สวน3,ไต่สวน,,1,2026-08-25 08:35:52,เชษฐินันท์ นนทแก้ว,กลุ่มงานปราบปรามการทุจริตกระทรวงด้านความมั่นคง 2,กองปราบปรามการทุจริตในภาครัฐ 1,จองสำเร็จ,2026-08-25 08:35:52
3232,2026-08-25,09:00-17:00,ห้องประชุม(กยผ),ประชุมคณะจัดทำร่างขอบเขตของงานจ้างที่ปรึกษา ศบช. ปีงบ69 ครั้งที่10,,5,2026-08-17 15:57:35,นพณัช นิลสนธิ,กลุ่มความร่วมมือและพัฒนานวัตกรรมความโปร่งใสในภาครัฐ,กองการต่างประเทศ,จองสำเร็จ,2026-08-17 15:57:35
3233,2026-08-25,09:00-12:00,Zoom Meeting Room 9,อบรมหลักสูตร Smart Gov with AI ประยุกต์ใช้ AI ในงานภาครัฐอย่างมืออาชีพ,ผอ.ศทส.,70,2026-08-13 11:09:05,ณัฐกฤตา วงษ์สายตา,กลุ่มงานบริหารเทคโนโลยีและพัฒนาระบบ,ศูนย์เทคโนโลยีสารสนเทศและการสื่อสาร,จองสำเร็จ,2026-08-13 11:09:05
3234,2026-08-25,09:30-16:30,ห้องไต่สวน1,ไต่สวนเบื้องต้น,,1,2026-08-18 13:35:46,พรรณนิภา อารยะทรงศักดิ์,กลุ่มงานปราบปรามการทุจริตหน่วยงานไม่สังกัดกระทรวง ทบวง สำนักนายกรัฐมนตรี,กองปราบปรามการทุจริตในภาครัฐ 5,จองสำเร็จ,2026-08-18 13:35:46
3235,2026-08-25,12:00-18:00,Zoom Meeting Room 9,ประชุมอนุเงินเพิ่มฯ ครั้งที่ 6/2569,,20,2026-08-14 11:18:57,อธิวัฒน์ ธัมมารัตน์นนท์,กลุ่มงานบริหารงานบุคคล,สำนักงานเลขาธิการ,จองสำเร็จ,2026-08-14 11:18:57
3236,2026-08-25,12:30-16:00,Zoom Meeting Room 1,การประชุมรับฟังคำชี้แจงการใช้ระบบ E-Cmis,,20,2026-08-24 16:20:47,วรรณภา อินทร์ช้าง,กลุ่มงานบริหารคดีและบริหารทั่วไป,สำนักงานป้องกันและปราบปรามการทุจริตในภาครัฐ เขต 4,จองสำเร็จ,2026-08-24 16:20:47
3237,2026-08-25,13:00-17:30,ห้องประชุม 1 (ห้องใหญ่),ประชุมอนุเงินเพิ่มฯ ครั้งที่ 6/2569,,20,2026-08-14 11:17:58,อธิวัฒน์ ธัมมารัตน์นนท์,กลุ่มงานบริหารงานบุคคล,สำนักงานเลขาธิการ,จองสำเร็จ,2026-08-14 11:17:58
3238,2026-08-25,13:00-15:00,OneConferenceRoom 2,ประชุมคณะอนุกรรมการไต่สวนข้อเท็จจริง ตามคำสั่งคณะกรรมการ ป.ป.ท. ที่ 87/2561 ครั้งที่ 7-2/2569,นายกฤษณ์ กระแสเวส,6,2026-08-17 10:08:28,ภัคภิณญา อุตสาย,กลุ่มงานบริหารคดีและบริหารทั่วไป,สำนักงานป้องกันและปราบปรามการทุจริตในภาครัฐ เขต 5,จองสำเร็จ,2026-08-17 10:08:28
3239,2026-08-25,13:30-17:30,ห้องประชุม (กปท.4),ประชุมไต่สวน,,4,2026-08-19 15:02:39,กชมน สุธีรวัฒนกุล,กลุ่มงานปราบปรามการทุจริตในองค์กรปกครองส่วนท้องถิ่น 1,กองปราบปรามการทุจริตในภาครัฐ 4,จองสำเร็จ,2026-08-19 15:02:39
3240,2026-08-26,08:30-16:30,ห้องไต่สวน1,สอบพยาน,,3,2026-08-11 09:55:08,กชมน สุธีรวัฒนกุล,กลุ่มงานปราบปรามการทุจริตในองค์กรปกครองส่วนท้องถิ่น 1,กองปราบปรามการทุจริตในภาครัฐ 4,จองสำเร็จ,2026-08-11 09:55:08
3241,2026-08-26,08:30-16:00,ห้องประชุม (กปท.4),ไต่สวน,,2,2026-08-10 20:45:49,มะลิไล แก้วมาดีงาม,กลุ่มงานปราบปรามการทุจริตหน่วยงานไม่สังกัดกระทรวง ทบวง สำนักนายกรัฐมนตรี,กองปราบปรามการทุจริตในภาครัฐ 5,จองสำเร็จ,2026-08-10 20:45:49
3242,2026-08-26,08:30-13:00,OneConferenceRoom 2,ประชุมคณะกรรมการ ป.ป.ท. ประจำเดือนสิงหาคม ครั้งที่ 63/2569,,20,2026-07-20 16:13:27,ลลิตตา พานิชผล,กลุ่มงานบริหารคดีและบริหารทั่วไป,กองบริหารคดี,จองสำเร็จ,2026-07-20 16:13:27
3243,2026-08-26,08:30-13:00,ห้องประชุมคณะกรรมการ,ประชุมคณะกรรมการ ป.ป.ท. ประจำเดือนสิงหาคม ครั้งที่ 63/2569,,20,2026-07-20 16:10:01,ลลิตตา พานิชผล,กลุ่มงานบริหารคดีและบริหารทั่วไป,กองบริหารคดี,จองสำเร็จ,2026-07-20 16:10:01
3244,2026-08-26,09:00-16:00,ห้องไต่สวน2,สอบปากคำพยาน,,1,2026-07-08 13:47:20,เริงจิตร ฉิมพินิจ,กลุ่มงานปราบปรามการทุจริตกระทรวงด้านความมั่นคง 1,กองปราบปรามการทุจริตในภาครัฐ 1,จองสำเร็จ,2026-07-08 13:47:20
3245,2026-08-26,09:00-17:00,ห้องไต่สวน3,ไต่สวน,,3,2026-07-08 19:49:49,พูนทรัพย์ เตชะเกียรติสุจิตร,กลุ่มงานปราบปรามการทุจริตกระทรวงด้านความมั่นคง 1,กองปราบปรามการทุจริตในภาครัฐ 1,จองสำเร็จ,2026-07-08 19:49:49
3246,2026-08-26,09:00-16:00,ห้องไต่สวน4,สอบพยาน,-,2,2026-08-17 10:43:23,พงศ์ศักดิ์ น้ำขาว,กลุ่มงานปราบปรามการทุจริตหน่วยงานไม่สังกัดกระทรวง ทบวง สำนักนายกรัฐมนตรี,กองปราบปรามการทุจริตในภาครัฐ 5,จองสำเร็จ,2026-08-17 10:43:23
3247,2026-08-26,09:30-16:30,ห้องประชุม 2 (ห้องเล็ก),ประชุมคณะอนุกรรมการสนับสนุนฯ คณะที่ 2 ครั้งที่ 66-8/2569,พันตำรวจโท ชัยวิณ เสมาทอง,13,2026-07-20 13:23:18,กฤติยาวดี ณ ถลาง,กลุ่มงานกิจการคณะกรรมการ,กองบริหารคดี,จองสำเร็จ,2026-07-20 13:23:18
3248,2026-08-26,09:30-16:30,OneConferenceRoom 1,ประชุมคณะอนุกรรมการสนับสนุนฯ คณะที่ 2 ครั้งที่ 66-8/2569,พันตำรวจโท ชัยวิณ เสมาทอง,13,2026-07-20 13:23:18,กฤติยาวดี ณ ถลาง,กลุ่มงานกิจการคณะกรรมการ,กองบริหารคดี,จองสำเร็จ,2026-07-20 13:23:18
3249,2026-08-26,09:45-11:15,OneConferenceRoom 3,ประชุมคณะอนุกรรมการไต่สวนข้อเท็จจริง เรื่องที่ 0398/2564 ครั้งที่ 4-4/2569,พ.ต.ท.งามพล บุญลิ่มเต็ง,1,2026-08-24 10:24:55,วิชญะ จ้อนเมือง,กลุ่มงานปราบปรามการทุจริตในรัฐวิสาหกิจ 2,กองปราบปรามการทุจริตในภาครัฐ 3,จองสำเร็จ,2026-08-24 14:34:27
3250,2026-08-26,14:00-15:00,ห้องประชุมคณะกรรมการ,ประชุมคณะอนุกรรมการกลั่นกรองฯ ขุดที่ 1 - 8,ผู้อำนวยการกองบริหารคดี,15,2026-08-26 11:04:51,ปิยะนุช ชูเมือง,กลุ่มงานคำวินิจฉัยและมติคณะกรรมการ,กองบริหารคดี,จองสำเร็จ,2026-08-26 11:04:51
3251,2026-08-27,08:00-17:15,ห้องไต่สวน1,ไต่สวน,,3,2026-08-13 10:00:35,ณัฏฐพล ศุรธีร์โกศล,กลุ่มงานปราบปรามการทุจริตหน่วยงานในสังกัดสำนักนายกรัฐมนตรี,กองปราบปรามการทุจริตในภาครัฐ 5,จองสำเร็จ,2026-08-13 10:00:35
3252,2026-08-27,08:00-17:00,ห้องไต่สวน4,สอบพยาน,พ.ต.อ.ประหยัด เงางาม,1,2026-08-04 10:25:22,ศรัทธา ศรมณี,กลุ่มงานปราบปรามการทุจริตหน่วยงานไม่สังกัดกระทรวง ทบวง สำนักนายกรัฐมนตรี,กองปราบปรามการทุจริตในภาครัฐ 5,จองสำเร็จ,2026-08-04 10:25:22
3253,2026-08-27,08:00-17:00,ห้องประชุม(ห้องเล็ก 31),ไต่สวน สอบปากคำพยาน,,1,2026-08-13 09:09:03,รัตติกาล ณ ราช,กลุ่มงานปราบปรามการทุจริตหน่วยงานในสังกัดสำนักนายกรัฐมนตรี,กองปราบปรามการทุจริตในภาครัฐ 5,จองสำเร็จ,2026-08-13 09:09:03
3254,2026-08-27,08:30-12:00,ห้องประชุม (กปท.4),สอบพยาน,นางนรินยา สุภาพพูล,5,2026-08-13 14:20:28,สาริกา หันจางสิทธิ์,กลุ่มงานปราบปรามการทุจริตในองค์กรปกครองส่วนท้องถิ่น 2,กองปราบปรามการทุจริตในภาครัฐ 4,จองสำเร็จ,2026-08-13 14:20:28
3255,2026-08-27,09:00-16:00,ห้องไต่สวน2,สอบปากคำพยาน,,1,2026-07-08 13:47:20,เริงจิตร ฉิมพินิจ,กลุ่มงานปราบปรามการทุจริตกระทรวงด้านความมั่นคง 1,กองปราบปรามการทุจริตในภาครัฐ 1,จองสำเร็จ,2026-07-08 13:47:20
3256,2026-08-27,09:00-17:00,ห้องไต่สวน3,ไต่สวน,,3,2026-07-08 19:50:37,พูนทรัพย์ เตชะเกียรติสุจิตร,กลุ่มงานปราบปรามการทุจริตกระทรวงด้านความมั่นคง 1,กองปราบปรามการทุจริตในภาครัฐ 1,จองสำเร็จ,2026-07-08 19:50:37
3257,2026-08-27,09:00-12:00,ห้องประชุมคณะกรรมการ,ประชุมคณะอนุกรรมการฯ มาตรา 43,นายอดิศักดิ์ ปัตรวลี,9,2026-07-22 11:38:46,ปิยะนุช ชูเมือง,กลุ่มงานคำวินิจฉัยและมติคณะกรรมการ,กองบริหารคดี,จองสำเร็จ,2026-07-22 11:38:46
3258,2026-08-27,09:30-12:00,ห้องประชุม(กยผ),การประชุมถอดบทเรียนความร่วมมือฯ ร่วมกับ สพร.,นางสาวสุธาสินี เจริญสิทธิ์,7,2026-08-18 13:28:18,กิริยา พิชยวัฒน์,กลุ่มความร่วมมือและพัฒนานวัตกรรมความโปร่งใสในภาครัฐ,กองการต่างประเทศ,จองสำเร็จ,2026-08-18 13:28:18
3259,2026-08-27,13:15-17:00,ห้องประชุม (กปท.4),บันทึกถ้อยคำพยาน,,6,2026-08-16 19:10:43,วรินยุพา นำนาผล,กลุ่มงานปราบปรามการทุจริตในองค์กรปกครองส่วนท้องถิ่น 1,กองปราบปรามการทุจริตในภาครัฐ 4,จองสำเร็จ,2026-08-16 19:10:43
3260,2026-08-27,13:30-16:00,ห้องประชุม 2 (ห้องเล็ก),การประชุม กปก.,,20,2026-08-27 13:15:50,กชนัฑ สุขสวัสดิ์,กลุ่มบริหารความเสี่ยงและสกัดกั้นการทุจริตในภาครัฐ,กองป้องกันการทุจริตในภาครัฐ,จองสำเร็จ,2026-08-27 13:15:50
3261,2026-08-27,16:00-17:00,ห้องไต่สวน2,ประชุมอนุกรรมการไต่สวน,พ.ต.ท.ทนง เพิ่มพูล,5,2026-08-21 09:27:48,ประภัสรา นิลจันทึก,กลุ่มงานปราบปรามการทุจริตในองค์กรปกครองส่วนท้องถิ่น 2,กองปราบปรามการทุจริตในภาครัฐ 4,จองสำเร็จ,2026-08-21 09:27:48
3262,2026-08-28,08:00-17:00,ห้องไต่สวน3,สอบพยาน,,1,2026-08-05 16:30:23,นวพร ปั้นจันทร์,กลุ่มงานปราบปรามการทุจริตหน่วยงานในสังกัดสำนักนายกรัฐมนตรี,กองปราบปรามการทุจริตในภาครัฐ 5,จองสำเร็จ,2026-08-05 16:30:23
3263,2026-08-28,08:00-17:00,ห้องไต่สวน4,บันทึกถ้อยคำพยาน,,5,2026-08-16 19:11:47,วรินยุพา นำนาผล,กลุ่มงานปราบปรามการทุจริตในองค์กรปกครองส่วนท้องถิ่น 1,กองปราบปรามการทุจริตในภาครัฐ 4,จองสำเร็จ,2026-08-16 19:11:47
3264,2026-08-28,08:00-17:00,ห้องประชุม (กปท.4),บันทึกถ้อยคำพยาน,,7,2026-08-16 19:12:21,วรินยุพา นำนาผล,กลุ่มงานปราบปรามการทุจริตในองค์กรปกครองส่วนท้องถิ่น 1,กองปราบปรามการทุจริตในภาครัฐ 4,จองสำเร็จ,2026-08-16 19:12:21
3265,2026-08-28,08:30-16:30,ห้องประชุม 2 (ห้องเล็ก),ประชุมคณะอนุกรรมการกลั่นกรองฯ คณะที่ 6 ครั้งที่ 6-6/2569,พลตำรวจตรี นพรัตน์ รินทพล,9,2026-07-24 15:11:39,นงค์ลักษณ์ ยั่งยืน,กลุ่มงานคำวินิจฉัยและมติคณะกรรมการ,กองบริหารคดี,จองสำเร็จ,2026-07-24 15:11:39
3266,2026-08-28,08:30-12:00,ห้องประชุม 1 (ห้องใหญ่),ประชุม สปท. ป.ป.ท. ครั้งที่ 8/2569,นายเอกชัย เกษมสุขธวัช,15,2026-08-03 09:20:13,ณรากร สุขสว่าง,กลุ่มงานเครือข่ายภาคประชาสังคมป้องกันการทุจริต,กองป้องกันการทุจริตในภาครัฐ,จองสำเร็จ,2026-08-04 11:52:26
3267,2026-08-28,08:30-16:30,ห้องประชุม(กยผ),สอบถ้อยคำพยาน,กปท.1,4,2026-08-27 17:11:35,รัชดาภรณ์ เทพพุทธา,กลุ่มงานแผนงานและงบประมาณ,กองยุทธศาสตร์และแผนงาน,จองสำเร็จ,2026-08-27 17:11:35
3268,2026-08-28,08:30-12:00,Zoom Meeting Room 8,ประชุม สปท. ป.ป.ท. ครั้งที่ 8/2569,นายเอกชัย เกษมสุขธวัช,20,2026-08-03 09:26:24,ณรากร สุขสว่าง,กลุ่มงานเครือข่ายภาคประชาสังคมป้องกันการทุจริต,กองป้องกันการทุจริตในภาครัฐ,จองสำเร็จ,2026-08-03 09:26:24
3269,2026-08-28,09:00-17:00,ห้องไต่สวน1,สอบพยาน คดีไต่สวน เรื่องที่ 0230/2567,,1,2026-08-04 10:32:54,ดารณี ปฐมโยธิน,กลุ่มงานปราบปรามการทุจริตกระทรวงด้านความมั่นคง 2,กองปราบปรามการทุจริตในภาครัฐ 1,จองสำเร็จ,2026-08-04 10:32:54
3270,2026-08-28,09:00-16:00,ห้องไต่สวน2,สอบปากคำพยาน,,1,2026-07-08 13:47:20,เริงจิตร ฉิมพินิจ,กลุ่มงานปราบปรามการทุจริตกระทรวงด้านความมั่นคง 1,กองปราบปรามการทุจริตในภาครัฐ 1,จองสำเร็จ,2026-07-08 13:47:20
3271,2026-08-28,09:00-16:30,OneConferenceRoom 1,การประชุมคณะอนุกรรมการกลั่นกรองฯ คณะที่ 8,นายอดิศักดิ์ ปัตรวลี,9,2026-07-24 09:34:50,ณัฐฐพิชา นาวินธรรม,กลุ่มงานคำวินิจฉัยและมติคณะกรรมการ,กองบริหารคดี,จองสำเร็จ,2026-07-24 09:34:50
3272,2026-08-28,09:00-16:30,ห้องประชุมคณะกรรมการ,การประชุมคณะอนุกรรมการกลั่นกรองฯ คณะที่ 8,นายอดิศักดิ์ ปัตรวลี,9,2026-07-24 09:34:50,ณัฐฐพิชา นาวินธรรม,กลุ่มงานคำวินิจฉัยและมติคณะกรรมการ,กองบริหารคดี,จองสำเร็จ,2026-07-24 09:34:50
3273,2026-08-28,13:00-15:00,OneConferenceRoom 2,ประชุมคณะอนุกรรมการไต่สวนข้อเท็จจริง เรื่องที่ 0119/2568 ครั้งที่ 8-2/2569,พันตำรวจเอกอิทธิพล กิจสุวรรณ,5,2026-08-27 20:38:04,ประวิทย์ ภัทรสัตยากร,กลุ่มงานปราบปรามการทุจริตกระทรวงด้านสังคม,กองปราบปรามการทุจริตในภาครัฐ 2,จองสำเร็จ,2026-08-27 20:38:04
3274,2026-08-31,08:00-17:00,ห้องไต่สวน1,บันทึกถ้อยคำพยาน,,5,2026-08-16 19:13:53,วรินยุพา นำนาผล,กลุ่มงานปราบปรามการทุจริตในองค์กรปกครองส่วนท้องถิ่น 1,กองปราบปรามการทุจริตในภาครัฐ 4,จองสำเร็จ,2026-08-16 19:13:53
3275,2026-08-31,08:00-17:00,ห้องไต่สวน2,บันทึกถ้อยคำพยาน,,5,2026-08-16 19:15:03,วรินยุพา นำนาผล,กลุ่มงานปราบปรามการทุจริตในองค์กรปกครองส่วนท้องถิ่น 1,กองปราบปรามการทุจริตในภาครัฐ 4,จองสำเร็จ,2026-08-16 19:15:03
3276,2026-08-31,08:00-17:00,ห้องไต่สวน3,ไต่สวนข้อเท็จจริง,,1,2026-07-31 12:53:05,อภิรักษ์ คงคาเพชร,กลุ่มงานปราบปรามการทุจริตในองค์กรปกครองส่วนท้องถิ่น 2,กองปราบปรามการทุจริตในภาครัฐ 4,จองสำเร็จ,2026-07-31 12:53:05
3277,2026-08-31,08:00-17:00,ห้องไต่สวน4,สอบปากคำผู้กล่าวหา พยาน,คณะไต่สวน,4,2026-08-17 14:59:04,ตระกูล บุญทัน,กลุ่มงานปราบปรามการทุจริตหน่วยงานในสังกัดสำนักนายกรัฐมนตรี,กองปราบปรามการทุจริตในภาครัฐ 5,จองสำเร็จ,2026-08-17 14:59:04
3278,2026-08-31,08:00-16:00,ห้องประชุม 1 (ห้องใหญ่),ฝึกอบรมแผนเผชิญเหตุ,เลขาธิการคณะกรรมการ ป.ป.ท.,80,2026-08-20 09:26:37,ดรุณี ฐานชารี,กลุ่มงานพัฒนาบุคลากร,สำนักงานเลขาธิการ,จองสำเร็จ,2026-08-20 09:26:37
3279,2026-08-31,08:00-16:00,ห้องประชุม (กปท.4),สอบพยาน,พ.ต.ท.ทนง,1,2026-08-21 10:02:35,นรินยา สุภาพพูล,กลุ่มงานปราบปรามการทุจริตในองค์กรปกครองส่วนท้องถิ่น 2,กองปราบปรามการทุจริตในภาครัฐ 4,จองสำเร็จ,2026-08-21 10:03:30
3280,2026-08-31,08:30-17:00,Zoom Meeting Room 1,กิจกรรมเตรียมความพร้อมและฝึกซ้อมแผนเผชิญเหตุ บุคคลก่อความรุนแรงภายในสำนักงาน ป.ป.ท. รุ่นที่ 1-2,พ.ต.ท. สิริพงษ์ ศรีตุลา,100,2026-08-27 16:39:50,ณัฏฐ์รินทร์ กรรณสูต,กลุ่มงานพัฒนาบุคลากร,สำนักงานเลขาธิการ,จองสำเร็จ,2026-08-27 16:39:50
3281,2026-08-31,08:30-12:00,ห้องประชุม 2 (ห้องเล็ก),ประชุม กปก.,,10,2026-08-25 09:11:04,สุริยะ พรหมแก้ว,ฝ่ายบริหารทั่วไป,กองป้องกันการทุจริตในภาครัฐ,จองสำเร็จ,2026-08-25 09:11:04
3282,2026-08-31,08:30-16:30,ห้องประชุม(ห้องเล็ก 31),ไต่สวน,,5,2026-08-20 13:19:01,วิชาญ พิเนตรเสถียร,กลุ่มงานปราบปรามการทุจริตหน่วยงานไม่สังกัดกระทรวง ทบวง สำนักนายกรัฐมนตรี,กองปราบปรามการทุจริตในภาครัฐ 5,จองสำเร็จ,2026-08-20 13:19:01
3283,2026-08-31,08:30-12:00,Zoom Meeting Room 9,ประชุมเตรียมงานมอบรางวัลเครือข่ายฯ,,15,2026-08-25 09:12:33,สุริยะ พรหมแก้ว,ฝ่ายบริหารทั่วไป,กองป้องกันการทุจริตในภาครัฐ,จองสำเร็จ,2026-08-25 09:12:33
3284,2026-08-31,09:30-16:30,ห้องประชุมคณะกรรมการ,ประชุมคณะอนุกรรมการกลั่นกรองฯ คณะที่ 5 ครั้งที่ 6-6/2569,นายประพาฬ อนมาน,9,2026-06-22 15:40:01,พิศาล เฝื่อชาติ,กลุ่มงานคำวินิจฉัยและมติคณะกรรมการ,กองบริหารคดี,จองสำเร็จ,2026-07-23 16:43:39
3285,2026-08-31,12:00-16:45,ห้องประชุม 2 (ห้องเล็ก),คณะอนุกรรมการพิจารณากลั่นกรองการเปิดเผยข้อมูลข่าวสาร,,10,2026-08-25 11:32:04,อานนท์ ชนประชา,กลุ่มงานความเห็นแย้ง,กองกฎหมาย,จองสำเร็จ,2026-08-25 11:32:04
3286,2026-08-31,12:30-16:00,Zoom Meeting Room 6,ประชุมหารือ oecd,,20,2026-08-27 15:09:43,ปิยพัชร์ ชาญชัยพิบูลนนท์,ฝ่ายบริหารทั่วไป,กองป้องกันการทุจริตในภาครัฐ,จองสำเร็จ,2026-08-27 15:10:03
3287,2026-09-01,08:00-12:00,Zoom Meeting Room 1,คณะอนุกรรมการพิจารณากลั่นกรองการเปิดเผยข้อมูลข่าวสาร,,8,2026-08-27 09:58:24,อานนท์ ชนประชา,กลุ่มงานความเห็นแย้ง,กองกฎหมาย,จองสำเร็จ,2026-08-27 09:58:24
3288,2026-09-01,08:00-17:00,ห้องประชุม 2 (ห้องเล็ก),คณะอนุกรรมการพิจารณากลั่นกรองการเปิดเผยข้อมูลข่าวสาร,,15,2026-08-25 11:32:42,อานนท์ ชนประชา,กลุ่มงานความเห็นแย้ง,กองกฎหมาย,จองสำเร็จ,2026-08-25 11:32:42
3289,2026-09-01,08:00-17:00,ห้องไต่สวน1,บันทึกถ้อยคำพยาน,,5,2026-08-16 19:19:24,วรินยุพา นำนาผล,กลุ่มงานปราบปรามการทุจริตในองค์กรปกครองส่วนท้องถิ่น 1,กองปราบปรามการทุจริตในภาครัฐ 4,จองสำเร็จ,2026-08-16 19:19:24
3290,2026-09-01,08:00-13:00,ห้องไต่สวน2,นัดสอบสวนพยาน,นางสาวปภรดา เขียวประดิษฐ,1,2026-08-06 11:16:51,จิระเดช สอนเต็ม,กลุ่มงานปราบปรามการทุจริตในองค์กรปกครองส่วนท้องถิ่น 1,กองปราบปรามการทุจริตในภาครัฐ 4,จองสำเร็จ,2026-08-06 11:16:51
3291,2026-09-01,08:00-12:00,ห้องไต่สวน3,บันทึกถ้อยคำพยาน,,4,2026-08-16 19:20:51,วรินยุพา นำนาผล,กลุ่มงานปราบปรามการทุจริตในองค์กรปกครองส่วนท้องถิ่น 1,กองปราบปรามการทุจริตในภาครัฐ 4,จองสำเร็จ,2026-08-16 19:20:51
3292,2026-09-01,08:00-17:00,ห้องประชุม(ห้องเล็ก 31),สอบพยาน,,1,2026-08-31 11:28:56,วิสุทธิ์ แสนสำราญ,กลุ่มงานปราบปรามการทุจริตในภาครัฐ 1,สำนักงานป้องกันและปราบปรามการทุจริตในภาครัฐ เขต 6,จองสำเร็จ,2026-08-31 11:28:56
3293,2026-09-01,08:30-16:30,ห้องไต่สวน4,ไต่สวนเบื้องต้น,,1,2026-08-20 14:16:49,พรรณนิภา อารยะทรงศักดิ์,กลุ่มงานปราบปรามการทุจริตหน่วยงานไม่สังกัดกระทรวง ทบวง สำนักนายกรัฐมนตรี,กองปราบปรามการทุจริตในภาครัฐ 5,จองสำเร็จ,2026-08-20 14:16:49
3294,2026-09-01,08:30-12:00,ห้องประชุม (กปท.4),ประชุมคณะอนุกรรมการไต่สวนค.69/2569,พ.ต.ท.ทนง เพิ่มพูล,7,2026-08-11 10:16:47,นรินยา สุภาพพูล,กลุ่มงานปราบปรามการทุจริตในองค์กรปกครองส่วนท้องถิ่น 2,กองปราบปรามการทุจริตในภาครัฐ 4,จองสำเร็จ,2026-08-11 10:16:47
3295,2026-09-01,08:30-12:30,OneConferenceRoom 1,ประชุมคณะกรรมการ ป.ป.ท. ประจำเดือนกันยายน 2569 ครั้งที่ 64/2569,,19,2026-08-22 19:54:07,ลลิตตา พานิชผล,กลุ่มงานบริหารคดีและบริหารทั่วไป,กองบริหารคดี,จองสำเร็จ,2026-08-22 19:55:02
3296,2026-09-01,08:30-12:00,ห้องประชุมคณะกรรมการ,ประชุมคณะกรรมการ ป.ป.ท. ประจำเดือนกันยายน 2569 ครั้งที่ 64/2569,,19,2026-08-22 19:53:29,ลลิตตา พานิชผล,กลุ่มงานบริหารคดีและบริหารทั่วไป,กองบริหารคดี,จองสำเร็จ,2026-08-22 19:53:29
3297,2026-09-01,11:30-13:30,OneConferenceRoom 2,ประชุมคณะอนุกรรมการไต่สวนข้อเท็จจริง ตามคำสั่ง ที่ 406/2567 ลงวันที่ 8 ตุลาคม 2567,พันตำรวจโท สมชัย ประชาเสริมศาสตร์,4,2026-08-13 21:12:19,ประวิทย์ ภัทรสัตยากร,กลุ่มงานปราบปรามการทุจริตกระทรวงด้านสังคม,กองปราบปรามการทุจริตในภาครัฐ 2,จองสำเร็จ,2026-08-13 21:12:19
3298,2026-09-01,13:00-16:30,Zoom Meeting Room 1,ประชุมคณะอนุกรรมการปรับปรุงแก้ไขและยกร่างอนุบัญญัติกฎหมายลำดับรอง คณะที่ี ๑,นายอำนาจ พวงชมภู,15,2026-08-25 14:52:28,จิรวดี จินดาพล,กลุ่มงานกฎหมาย,กองกฎหมาย,จองสำเร็จ,2026-08-25 14:52:28
3299,2026-09-01,13:00-17:00,ห้องไต่สวน2,สอบพยาน,,1,2026-08-31 11:26:59,วิสุทธิ์ แสนสำราญ,กลุ่มงานปราบปรามการทุจริตในภาครัฐ 1,สำนักงานป้องกันและปราบปรามการทุจริตในภาครัฐ เขต 6,จองสำเร็จ,2026-08-31 11:26:59
3300,2026-09-01,13:00-16:30,ห้องไต่สวน3,สอบพยาน,,2,2026-08-27 12:59:21,อนาวิล เกตพันธ์,กลุ่มงานปราบปรามการทุจริตในองค์กรปกครองส่วนท้องถิ่น 1,กองปราบปรามการทุจริตในภาครัฐ 4,จองสำเร็จ,2026-08-27 12:59:21
3301,2026-09-01,13:00-17:00,ห้องประชุม(กยผ),หารือตัวชี้วัดตามมาตรการปรับปรุงประสิทธิภาพในการปฏิบัติราชการ,กพร.,2,2026-08-26 15:57:48,นิลมณี จิรอร่าม,กลุ่มพัฒนาระบบบริหาร,กลุ่มพัฒนาระบบบริหาร,จองสำเร็จ,2026-08-26 15:57:48
3302,2026-09-01,13:00-14:45,ห้องประชุม (กปท.4),ประชุมไต่สวน,,10,2026-08-16 19:18:31,วรินยุพา นำนาผล,กลุ่มงานปราบปรามการทุจริตในองค์กรปกครองส่วนท้องถิ่น 1,กองปราบปรามการทุจริตในภาครัฐ 4,จองสำเร็จ,2026-08-16 19:18:31
3303,2026-09-01,13:00-17:00,Zoom Meeting Room 7,หารือตัวชี้วัดตามมาตรการปรับปรุงประสิทธิภาพในการปฏิบัติราชการ,กพร.,1,2026-08-26 16:00:07,นิลมณี จิรอร่าม,กลุ่มพัฒนาระบบบริหาร,กลุ่มพัฒนาระบบบริหาร,จองสำเร็จ,2026-08-26 16:00:07
3304,2026-09-01,13:00-16:30,ห้องประชุมคณะกรรมการ,ประชุมคณะอนุกรรมการปรับปรุงแก้ไขและยกร่างอนุบัญญัติกฎหมายลำดับรอง คณะที่ี ๑,นายอำนาจ พวงชมภู,15,2026-08-25 14:51:04,จิรวดี จินดาพล,กลุ่มงานกฎหมาย,กองกฎหมาย,จองสำเร็จ,2026-08-25 14:51:04
3305,2026-09-02,06:00-16:30,ห้องไต่สวน1,ไต่สวน,,2,2026-07-31 13:42:59,อภิรักษ์ คงคาเพชร,กลุ่มงานปราบปรามการทุจริตในองค์กรปกครองส่วนท้องถิ่น 2,กองปราบปรามการทุจริตในภาครัฐ 4,จองสำเร็จ,2026-07-31 13:42:59
3306,2026-09-02,08:00-17:00,ห้องไต่สวน3,สอบพยาน,,1,2026-08-05 16:30:59,นวพร ปั้นจันทร์,กลุ่มงานปราบปรามการทุจริตหน่วยงานในสังกัดสำนักนายกรัฐมนตรี,กองปราบปรามการทุจริตในภาครัฐ 5,จองสำเร็จ,2026-08-05 16:30:59
3307,2026-09-02,08:00-17:00,ห้องไต่สวน4,บันทึกถ้อยคำพยาน,,4,2026-08-16 19:23:28,วรินยุพา นำนาผล,กลุ่มงานปราบปรามการทุจริตในองค์กรปกครองส่วนท้องถิ่น 1,กองปราบปรามการทุจริตในภาครัฐ 4,จองสำเร็จ,2026-08-16 19:23:28
3308,2026-09-02,08:00-17:00,ห้องประชุม (กปท.4),บันทึกถ้อยคำพยาน,,5,2026-08-16 19:24:18,วรินยุพา นำนาผล,กลุ่มงานปราบปรามการทุจริตในองค์กรปกครองส่วนท้องถิ่น 1,กองปราบปรามการทุจริตในภาครัฐ 4,จองสำเร็จ,2026-08-16 19:24:18
3309,2026-09-02,08:30-12:00,ห้องไต่สวน2,สอบพยาน,,5,2026-08-13 11:52:02,มานพ ธงชัย,กลุ่มงานปราบปรามการทุจริตในองค์กรปกครองส่วนท้องถิ่น 2,กองปราบปรามการทุจริตในภาครัฐ 4,จองสำเร็จ,2026-08-13 11:52:02
3310,2026-09-02,08:30-12:30,OneConferenceRoom 1,ประชุมคณะกรรมการ ป.ป.ท. ประจำเดือนกันยายน 2569 ครั้งที่ 65/2569,,19,2026-08-22 19:55:47,ลลิตตา พานิชผล,กลุ่มงานบริหารคดีและบริหารทั่วไป,กองบริหารคดี,จองสำเร็จ,2026-08-22 19:55:47
3311,2026-09-02,08:30-10:00,OneConferenceRoom 3,ประชุมไต่สวนคำสั่งที่ ๒๐๐/๒๕๖๗,นายกิตติศักดิ์ ปาลี,3,2026-08-26 12:57:50,ณัฐพล บุญยะประภา,กลุ่มงานปราบปรามการทุจริตในภาครัฐ 2,สำนักงานป้องกันและปราบปรามการทุจริตในภาครัฐ เขต 5,จองสำเร็จ,2026-08-26 12:58:17
3312,2026-09-02,08:30-12:30,ห้องประชุมคณะกรรมการ,ประชุมคณะกรรมการ ป.ป.ท. ประจำเดือนกันยายน 2569 ครั้งที่ 65/2569,,19,2026-08-22 19:54:50,ลลิตตา พานิชผล,กลุ่มงานบริหารคดีและบริหารทั่วไป,กองบริหารคดี,จองสำเร็จ,2026-08-22 19:54:50
3313,2026-09-02,09:00-12:00,Zoom Meeting Room 1,ประชุมหารือแนวทางการดำเนินงานโครงการเฝ้าระวังเชิงรุก 2570,นายเอกชัย เกษมสุชธวัช,20,2026-08-31 10:15:57,กฤติญา สยามพันธ์,กลุ่มงานส่งเสริมธรรมาภิบาลในภาครัฐ,กองป้องกันการทุจริตในภาครัฐ,จองสำเร็จ,2026-08-31 10:15:57
3314,2026-09-02,09:00-12:00,ห้องประชุม 2 (ห้องเล็ก),"การประชุมคณะกรรมการประเมินบุคคล ระดับชำนาญการ , คณะกรรมการประเมินบุคคลและผลงาน ระดับชำนาญการ/ชำนาญการพิเศษ",พ.ต.ท.สิริพง ษ์ ศรีตุลา,1,2026-08-21 13:54:25,พัชร์ณิษา ภูมิพิริยะไชย,กลุ่มงานบริหารงานบุคคล,สำนักงานเลขาธิการ,จองสำเร็จ,2026-08-21 13:54:25
3315,2026-09-02,09:00-12:00,ห้องประชุม(ห้องเล็ก 31),ประชุมหารือแนวทางการดำเนินงานโครงการเฝ้าระวังเชิงรุก 2570,นายเอกชัย เกษมสุชธวัช,20,2026-08-31 10:16:35,กฤติญา สยามพันธ์,กลุ่มงานส่งเสริมธรรมาภิบาลในภาครัฐ,กองป้องกันการทุจริตในภาครัฐ,จองสำเร็จ,2026-08-31 10:16:35
3316,2026-09-02,12:00-16:30,ห้องประชุม 1 (ห้องใหญ่),การประชุมคณะอนุกรรมการประเมินผลแผนปฏิบัติราชการรายปี พ.ศ. 2568 สำนักงาน ป.ป.ท. ครั้งที่ 4/2569,วิเชียร จันทรโณทัย,10,2026-07-23 14:30:50,จิราวัฒน์ ตู้ไม้ป่า,กลุ่มงานติดตามและประเมินผล,กองยุทธศาสตร์และแผนงาน,จองสำเร็จ,2026-07-23 14:30:50
3317,2026-09-02,12:00-16:30,Zoom Meeting Room 8,การประชุมคณะอนุกรรมการประเมินผลแผนปฏิบัติราชการรายปี พ.ศ. 2568 สำนักงาน ป.ป.ท. ครั้งที่ 4/2569,วิเชียร จันทรโณทัย,14,2026-08-14 10:40:04,จิราวัฒน์ ตู้ไม้ป่า,กลุ่มงานติดตามและประเมินผล,กองยุทธศาสตร์และแผนงาน,จองสำเร็จ,2026-08-14 10:40:04
3318,2026-09-02,12:30-16:30,Zoom Meeting Room 6,ประชุมคณะอนุกรรมการเพื่อดำเนินการศึกษาเพิ่มเติมเกี่ยวกับการกำหนดวิธีการ หลักเกณฑ์ ระเบียบ และกฎหมายที่เกี่ยวข้องฯ กรณีการจัดงานนมัสการพระธาตุพนมประจำปี,นายเอกชัย เกษมสุขธวัช,26,2026-08-26 15:46:52,เพชรรัตน์ เครือศิริกุล,กลุ่มงานบริหารคดีและบริหารทั่วไป,สำนักงานป้องกันและปราบปรามการทุจริตในภาครัฐ เขต 4,จองสำเร็จ,2026-08-26 15:46:52
3319,2026-09-02,13:00-16:30,ห้องไต่สวน2,สอบพยาน,,3,2026-08-27 13:00:11,อนาวิล เกตพันธ์,กลุ่มงานปราบปรามการทุจริตในองค์กรปกครองส่วนท้องถิ่น 1,กองปราบปรามการทุจริตในภาครัฐ 4,จองสำเร็จ,2026-08-27 13:00:11
3320,2026-09-02,16:00-17:00,Zoom Meeting Room 1,บริษัท TTS นำเสนอผลงาน,,10,2026-09-01 11:54:15,ปิยนุช จันทน์สุคนธ์,กลุ่มงานวิชาการและพัฒนานวัตกรรมด้านการป้องกัน,กองป้องกันการทุจริตในภาครัฐ,จองสำเร็จ,2026-09-01 11:54:15
3321,2026-09-03,08:00-16:30,ห้องไต่สวน2,สอบพยาน,,3,2026-08-24 09:59:25,อนาวิล เกตพันธ์,กลุ่มงานปราบปรามการทุจริตในองค์กรปกครองส่วนท้องถิ่น 1,กองปราบปรามการทุจริตในภาครัฐ 4,จองสำเร็จ,2026-08-24 09:59:25
3322,2026-09-03,08:00-17:00,ห้องไต่สวน3,สอบพยาน,,1,2026-08-05 16:32:17,นวพร ปั้นจันทร์,กลุ่มงานปราบปรามการทุจริตหน่วยงานในสังกัดสำนักนายกรัฐมนตรี,กองปราบปรามการทุจริตในภาครัฐ 5,จองสำเร็จ,2026-08-05 16:32:17
3323,2026-09-03,08:30-16:30,ห้องไต่สวน4,ไต่สวนเบื้องต้น,,1,2026-08-20 14:18:17,พรรณนิภา อารยะทรงศักดิ์,กลุ่มงานปราบปรามการทุจริตหน่วยงานไม่สังกัดกระทรวง ทบวง สำนักนายกรัฐมนตรี,กองปราบปรามการทุจริตในภาครัฐ 5,จองสำเร็จ,2026-08-20 14:18:17
3324,2026-09-03,08:30-16:30,ห้องประชุม(ห้องเล็ก 31),ไต่สวน,,6,2026-08-28 11:02:53,วิชาญ พิเนตรเสถียร,กลุ่มงานปราบปรามการทุจริตหน่วยงานไม่สังกัดกระทรวง ทบวง สำนักนายกรัฐมนตรี,กองปราบปรามการทุจริตในภาครัฐ 5,จองสำเร็จ,2026-08-28 11:02:53
3325,2026-09-03,08:30-13:00,Zoom Meeting Room 3,เชิญประชุมประเมินบุคคลและผลงานฯ,,3,2026-09-02 17:16:52,ตติยา แก้วละเอียด,กลุ่มงานบริหารงานบุคคล,สำนักงานเลขาธิการ,จองสำเร็จ,2026-09-02 17:16:52
3326,2026-09-03,09:00-12:00,Zoom Meeting Room 1,"การประชุมคณะกรรมการประเมินบุคคล ระดับชำนาญการ , คณะกรรมการประเมินบุคคลและผลงาน ระดับชำนาญการ/ชำนาญการพิเศษ",พ.ต.ท.สิริพงษ์ ศรีตุลา,1,2026-08-21 15:20:34,พัชร์ณิษา ภูมิพิริยะไชย,กลุ่มงานบริหารงานบุคคล,สำนักงานเลขาธิการ,จองสำเร็จ,2026-08-21 15:20:34
3327,2026-09-03,09:00-12:00,ห้องประชุม 2 (ห้องเล็ก),"การประชุมคณะกรรมการประเมินบุคคล ระดับชำนาญการ , คณะกรรมการประเมินบุคคลและผลงาน ระดับชำนาญการ/ชำนาญการพิเศษ",พ.ต.ท.สิริพงษ์ ศรีตุลา,1,2026-08-21 15:16:27,พัชร์ณิษา ภูมิพิริยะไชย,กลุ่มงานบริหารงานบุคคล,สำนักงานเลขาธิการ,จองสำเร็จ,2026-08-21 15:16:27
3328,2026-09-03,09:00-12:30,ห้องไต่สวน1,สอบพยาน,,3,2026-08-26 16:09:42,กชมน สุธีรวัฒนกุล,กลุ่มงานปราบปรามการทุจริตในองค์กรปกครองส่วนท้องถิ่น 1,กองปราบปรามการทุจริตในภาครัฐ 4,จองสำเร็จ,2026-08-26 16:09:42
3329,2026-09-03,13:00-16:30,Zoom Meeting Room 8,ประชุมฯ,,15,2026-09-02 09:50:36,สุริยะ พรหมแก้ว,ฝ่ายบริหารทั่วไป,กองป้องกันการทุจริตในภาครัฐ,จองสำเร็จ,2026-09-02 09:50:36
3330,2026-09-04,08:00-17:00,ห้องไต่สวน2,ไต่สวน,,3,2026-08-24 13:09:54,รัตติกาล ณ ราช,กลุ่มงานปราบปรามการทุจริตหน่วยงานในสังกัดสำนักนายกรัฐมนตรี,กองปราบปรามการทุจริตในภาครัฐ 5,จองสำเร็จ,2026-08-24 13:09:54
3331,2026-09-04,08:00-17:00,ห้องไต่สวน3,สอบปากคำ,,1,2026-08-25 14:15:38,ศรัทธา ศรมณี,กลุ่มงานปราบปรามการทุจริตหน่วยงานไม่สังกัดกระทรวง ทบวง สำนักนายกรัฐมนตรี,กองปราบปรามการทุจริตในภาครัฐ 5,จองสำเร็จ,2026-08-25 14:15:38
3332,2026-09-04,08:30-12:30,Zoom Meeting Room 1,ขอเชิญประชุมสำนักงาน ปปท.เขต 1  ครั้งที่ 2/2569,พ.ต.อ.กษิดิศ  เพิ่มพูนวิวัฒน์,26,2026-09-02 15:45:03,สุรีพร แก้วพะเนาว์,กลุ่มงานบริหารคดีและบริหารทั่วไป,สำนักงานป้องกันและปราบปรามการทุจริตในภาครัฐ เขต 1,จองสำเร็จ,2026-09-02 15:45:03
3333,2026-09-04,08:30-14:00,ห้องประชุม 2 (ห้องเล็ก),คณะทำงานทูลเกล้าถวายฎีกา,รองเลขาธิการ ปปท.1 (นายเอกชัย เกษมสุขธวัช),10,2026-08-20 15:37:43,อำนาจ อรุณเลิศ,กองกฎหมาย,กองกฎหมาย,จองสำเร็จ,2026-08-20 15:37:43
3334,2026-09-04,09:00-12:00,ห้องไต่สวน1,สอบถ้อยคำพยาน,,2,2026-08-26 14:49:57,วลัยพร พ่วงเจริญ,กลุ่มงานปราบปรามการทุจริตในองค์กรปกครองส่วนท้องถิ่น 2,กองปราบปรามการทุจริตในภาครัฐ 4,จองสำเร็จ,2026-08-26 14:49:57
3335,2026-09-04,09:00-12:00,ห้องประชุม(ห้องเล็ก 31),สอบพยาน,โสภณ,1,2026-09-03 09:24:27,ปภาวี พึ่งพินิจ,ฝ่ายบริหารทั่วไปและคดี,กองอำนวยการต่อต้านการทุจริต,จองสำเร็จ,2026-09-03 09:24:27
3336,2026-09-04,09:00-12:00,ห้องประชุม(กยผ),ประชุมติดตามระบบบริหารงานคลังงบประมาณและสินทรัพย์,,10,2026-09-01 14:58:39,อรวรรณ บุตรรัด,กลุ่มงานคลัง,สำนักงานเลขาธิการ,จองสำเร็จ,2026-09-01 14:58:39
3337,2026-09-04,09:30-16:30,ห้องไต่สวน4,ตรวจสอบ,,1,2026-08-17 11:20:12,โรสนา ศักดิ์นภาพรเลิศ,กลุ่มงานปราบปรามการทุจริตหน่วยงานไม่สังกัดกระทรวง ทบวง สำนักนายกรัฐมนตรี,กองปราบปรามการทุจริตในภาครัฐ 5,จองสำเร็จ,2026-08-17 11:20:12
3338,2026-09-04,13:00-16:30,ห้องไต่สวน1,สอบพยาน,,2,2026-08-27 13:03:00,อนาวิล เกตพันธ์,กลุ่มงานปราบปรามการทุจริตในองค์กรปกครองส่วนท้องถิ่น 1,กองปราบปรามการทุจริตในภาครัฐ 4,จองสำเร็จ,2026-08-27 13:03:00
3339,2026-09-04,15:30-17:30,OneConferenceRoom 1,ประชุมไต่สวน,พันตำรวจโท ทนง เพิ่มพูล,6,2026-08-17 16:50:00,ศิริพักร์ แก้วจันทร์,กลุ่มงานปราบปรามการทุจริตในองค์กรปกครองส่วนท้องถิ่น 2,กองปราบปรามการทุจริตในภาครัฐ 4,จองสำเร็จ,2026-08-17 16:50:00
3340,2026-09-04,16:00-18:00,ห้องประชุม (กปท.4),ประชุมไต่สวน,พันตำรวจโท ทนง เพิ่มพูล,6,2026-08-13 09:04:43,ศิริพักร์ แก้วจันทร์,กลุ่มงานปราบปรามการทุจริตในองค์กรปกครองส่วนท้องถิ่น 2,กองปราบปรามการทุจริตในภาครัฐ 4,จองสำเร็จ,2026-08-13 09:04:43
3341,2026-09-07,08:00-17:00,ห้องไต่สวน3,สอบปากคำผู้ร้องเรียน,,1,2026-08-24 13:58:32,ชรินดา มีแป้น,กลุ่มงานปราบปรามการทุจริตหน่วยงานในสังกัดสำนักนายกรัฐมนตรี,กองปราบปรามการทุจริตในภาครัฐ 5,จองสำเร็จ,2026-08-24 13:58:32
3342,2026-09-07,08:00-12:00,Zoom Meeting Room 4,ประชุมชี้แจงการสอบคัดเลือกอำนวยการ,,5,2026-08-28 15:29:16,ตติยา แก้วละเอียด,กลุ่มงานบริหารงานบุคคล,สำนักงานเลขาธิการ,จองสำเร็จ,2026-08-28 15:29:16
3343,2026-09-07,08:30-16:30,ห้องไต่สวน2,ไต่สวนเบื้องต้น,,3,2026-08-27 09:45:41,พรรณนิภา อารยะทรงศักดิ์,กลุ่มงานปราบปรามการทุจริตหน่วยงานไม่สังกัดกระทรวง ทบวง สำนักนายกรัฐมนตรี,กองปราบปรามการทุจริตในภาครัฐ 5,จองสำเร็จ,2026-08-27 09:45:41
3344,2026-09-07,08:30-16:30,ห้องไต่สวน4,สอบพยาน,,4,2026-08-25 17:19:00,ณัฏฐ์นนท์ จารุวนาลัย,กลุ่มงานปราบปรามการทุจริตหน่วยงานไม่สังกัดกระทรวง ทบวง สำนักนายกรัฐมนตรี,กองปราบปรามการทุจริตในภาครัฐ 5,จองสำเร็จ,2026-08-25 17:19:00
3345,2026-09-07,09:00-12:30,Zoom Meeting Room 1,ประชุมคณะทำงานเพื่อสนับสนุนการดำเนินงานของ คตท.,,20,2026-08-25 14:06:35,ธัญญ์นภัส เลิศปิติธัญศิริ,กลุ่มงานนโยบายและยุทธศาสตร์,กองยุทธศาสตร์และแผนงาน,จองสำเร็จ,2026-08-25 14:06:35
3346,2026-09-07,09:00-17:30,ห้องไต่สวน1,สอบพยาน คดีไต่สวน เรื่องที่ 0230/2567,,1,2026-08-17 16:59:13,ดารณี ปฐมโยธิน,กลุ่มงานปราบปรามการทุจริตกระทรวงด้านความมั่นคง 2,กองปราบปรามการทุจริตในภาครัฐ 1,จองสำเร็จ,2026-08-17 16:59:13
3347,2026-09-07,09:00-12:00,ห้องประชุม 1 (ห้องใหญ่),ประชุมคณะทำงานเพื่อสนับสนุนการดำเนินงานของ คตท.,พันตำรวจโท สิริพงษ์  ศรีตุลา,20,2026-08-25 14:04:40,ธัญญ์นภัส เลิศปิติธัญศิริ,กลุ่มงานนโยบายและยุทธศาสตร์,กองยุทธศาสตร์และแผนงาน,จองสำเร็จ,2026-08-25 14:04:40
3348,2026-09-07,09:30-12:00,ห้องประชุม (กปท.4),สอบพยาน,,3,2026-08-31 15:16:27,มานพ ธงชัย,กลุ่มงานปราบปรามการทุจริตในองค์กรปกครองส่วนท้องถิ่น 2,กองปราบปรามการทุจริตในภาครัฐ 4,จองสำเร็จ,2026-08-31 15:16:27
3349,2026-09-07,12:00-16:30,ห้องประชุม 1 (ห้องใหญ่),ประชุม อ.ก.พ. สำนักงาน ป.ป.ท.,เลขาธิการคณะกรรมการ ป.ป.ท.,15,2026-08-20 14:53:26,ญาดา คชาชาติ,กลุ่มงานบริหารงานบุคคล,สำนักงานเลขาธิการ,จองสำเร็จ,2026-08-20 14:53:26
3350,2026-09-08,08:30-16:30,ห้องไต่สวน3,ไต่สวน,,5,2026-08-27 10:02:41,วิชาญ พิเนตรเสถียร,กลุ่มงานปราบปรามการทุจริตหน่วยงานไม่สังกัดกระทรวง ทบวง สำนักนายกรัฐมนตรี,กองปราบปรามการทุจริตในภาครัฐ 5,จองสำเร็จ,2026-08-27 10:02:41
3351,2026-09-08,08:30-16:30,ห้องไต่สวน4,ไต่สวนเบื้องต้น,,3,2026-08-27 09:46:34,พรรณนิภา อารยะทรงศักดิ์,กลุ่มงานปราบปรามการทุจริตหน่วยงานไม่สังกัดกระทรวง ทบวง สำนักนายกรัฐมนตรี,กองปราบปรามการทุจริตในภาครัฐ 5,จองสำเร็จ,2026-08-27 09:46:34
3352,2026-09-08,08:30-12:30,OneConferenceRoom 1,ประชุมคณะกรรมการ ป.ป.ท. ประจำเดือนกันยายน 2569 ครั้งที่ 66/2569,,19,2026-08-22 19:57:35,ลลิตตา พานิชผล,กลุ่มงานบริหารคดีและบริหารทั่วไป,กองบริหารคดี,จองสำเร็จ,2026-08-22 19:57:35
3353,2026-09-08,08:30-12:30,ห้องประชุมคณะกรรมการ,ประชุมคณะกรรมการ ป.ป.ท. ประจำเดือนกันยายน 2569 ครั้งที่ 66/2569,,19,2026-08-22 19:56:49,ลลิตตา พานิชผล,กลุ่มงานบริหารคดีและบริหารทั่วไป,กองบริหารคดี,จองสำเร็จ,2026-08-22 19:56:49
3354,2026-09-08,09:00-17:30,ห้องไต่สวน1,สอบพยาน คดีไต่สวน เรื่องที่ 0230/2567,,1,2026-08-17 16:59:53,ดารณี ปฐมโยธิน,กลุ่มงานปราบปรามการทุจริตกระทรวงด้านความมั่นคง 2,กองปราบปรามการทุจริตในภาครัฐ 1,จองสำเร็จ,2026-08-17 16:59:53
3355,2026-09-08,09:45-15:45,ห้องประชุม (กปท.4),ไต่สวน,,1,2026-08-28 13:58:43,ประทีป ศิริดำรงค์,กลุ่มงานปราบปรามการทุจริตหน่วยงานไม่สังกัดกระทรวง ทบวง สำนักนายกรัฐมนตรี,กองปราบปรามการทุจริตในภาครัฐ 5,จองสำเร็จ,2026-08-28 13:58:43
3356,2026-09-08,11:45-13:30,OneConferenceRoom 2,ประชุมคณะอนุกรรมการไต่สวนข้อเท็จจริง สำนวนคดีเลขที่ 0266/2566 (สสอ.เมืองยาง-ไข้เลือดออก),พันตำรวจโท สมชัย ประชาเสริมศาสตร์ ประธานอนุกรรมการไต่สวนข้อเท็จจริง,4,2026-09-01 14:10:40,นริศรา หรุ่นสูงเนิน,กลุ่มงานปราบปรามการทุจริตกระทรวงด้านสังคม,กองปราบปรามการทุจริตในภาครัฐ 2,จองสำเร็จ,2026-09-01 14:11:35
3357,2026-09-08,13:00-16:30,Zoom Meeting Room 1,ประชุมคณะกรรมการตรวจรับพัสดุในงานจ้างที่ปรึกษา ครั้งที่ 5,นางสาวกิตวิภา สุวรรณรัตน์,7,2026-09-01 10:01:44,กิริยา พิชยวัฒน์,กลุ่มความร่วมมือและพัฒนานวัตกรรมความโปร่งใสในภาครัฐ,กองการต่างประเทศ,จองสำเร็จ,2026-09-01 10:03:19
3358,2026-09-08,13:00-15:30,ห้องไต่สวน2,สอบพยานไต่สวน,,1,2026-08-25 16:29:21,รัชนีวรรณ พาพันธุ์เรือง,กลุ่มงานปราบปรามการทุจริตในภาครัฐ 2,สำนักงานป้องกันและปราบปรามการทุจริตในภาครัฐ เขต 1,จองสำเร็จ,2026-08-25 16:29:21
3359,2026-09-08,13:00-16:30,ห้องประชุม(กยผ),ประชุมคณะกรรมการตรวจรับพัสดุในงานจ้างที่ปรึกษา ครั้งที่ 5,นางสาวกิตวิภา สุวรรณรัตน์,7,2026-09-01 10:00:19,กิริยา พิชยวัฒน์,กลุ่มความร่วมมือและพัฒนานวัตกรรมความโปร่งใสในภาครัฐ,กองการต่างประเทศ,จองสำเร็จ,2026-09-01 10:00:19
3360,2026-09-09,08:00-12:00,ห้องไต่สวน2,ไต่สวน,,4,2026-08-28 08:59:35,สัณหภณ พงษ์ประเสริฐ,กลุ่มงานปราบปรามการทุจริตกระทรวงด้านความมั่นคง 2,กองปราบปรามการทุจริตในภาครัฐ 1,จองสำเร็จ,2026-08-28 08:59:35
3361,2026-09-09,08:30-12:30,Zoom Meeting Room 1,ประชุม e-camis กับ ศาลยุติธรรม,,30,2026-08-29 09:54:40,ลลิตตา พานิชผล,กลุ่มงานบริหารคดีและบริหารทั่วไป,กองบริหารคดี,จองสำเร็จ,2026-08-29 09:54:40
3362,2026-09-09,08:30-16:30,ห้องประชุม 1 (ห้องใหญ่),ประชุม e-cmis กับ ศาลยุติธรรม และ ปปช.,,30,2026-08-29 09:52:42,ลลิตตา พานิชผล,กลุ่มงานบริหารคดีและบริหารทั่วไป,กองบริหารคดี,จองสำเร็จ,2026-09-02 11:45:34
3363,2026-09-09,08:30-12:30,OneConferenceRoom 2,ประชุมคณะกรรมการ ป.ป.ท. ประจำเดือนกันยายน 2569 ครั้งที่ 67/2569,,19,2026-08-22 20:00:05,ลลิตตา พานิชผล,กลุ่มงานบริหารคดีและบริหารทั่วไป,กองบริหารคดี,จองสำเร็จ,2026-08-22 20:00:05
3364,2026-09-09,08:30-12:30,ห้องประชุมคณะกรรมการ,ประชุมคณะกรรมการ ป.ป.ท. ประจำเดือนกันยายน 2569 ครั้งที่ 67/2569,,19,2026-08-22 19:58:16,ลลิตตา พานิชผล,กลุ่มงานบริหารคดีและบริหารทั่วไป,กองบริหารคดี,จองสำเร็จ,2026-08-22 19:58:16
3365,2026-09-09,09:00-16:30,ห้องประชุม 2 (ห้องเล็ก),การประชุมคณะอนุกรรมการกลั่นกรองฯ คณะที่ 4,พลโท กิตติยุทธ  กิตติยุทธโยธิน,9,2026-08-17 09:59:56,ณัฐฐพิชา นาวินธรรม,กลุ่มงานคำวินิจฉัยและมติคณะกรรมการ,กองบริหารคดี,จองสำเร็จ,2026-08-17 09:59:56
3366,2026-09-09,09:00-17:30,ห้องไต่สวน1,สอบพยาน คดีไต่สวน เรื่องที่ 0230/2567,,1,2026-08-17 17:00:36,ดารณี ปฐมโยธิน,กลุ่มงานปราบปรามการทุจริตกระทรวงด้านความมั่นคง 2,กองปราบปรามการทุจริตในภาครัฐ 1,จองสำเร็จ,2026-08-17 17:00:36
3367,2026-09-09,09:00-16:30,ห้องไต่สวน4,ไต่สวน,,3,2026-08-28 14:02:16,ประทีป ศิริดำรงค์,กลุ่มงานปราบปรามการทุจริตหน่วยงานไม่สังกัดกระทรวง ทบวง สำนักนายกรัฐมนตรี,กองปราบปรามการทุจริตในภาครัฐ 5,จองสำเร็จ,2026-08-28 14:02:16
3368,2026-09-09,09:00-16:30,OneConferenceRoom 1,การประชุมคณะอนุกรรมการกลั่นกรองฯ คณะที่ 4,พลโท กิตติยุทธ  กิตติยุทธโยธิน,9,2026-08-17 09:59:56,ณัฐฐพิชา นาวินธรรม,กลุ่มงานคำวินิจฉัยและมติคณะกรรมการ,กองบริหารคดี,จองสำเร็จ,2026-08-17 09:59:56
3369,2026-09-09,12:30-16:30,Zoom Meeting Room 2,ประชุมระบบ E-Cmis ร่วมกับ ป.ป.ช.,,30,2026-09-02 11:48:42,ลลิตตา พานิชผล,กลุ่มงานบริหารคดีและบริหารทั่วไป,กองบริหารคดี,จองสำเร็จ,2026-09-02 11:48:42
3370,2026-09-09,13:00-16:30,Zoom Meeting Room 1,ประชุมคณะอนุกรรมการปรับปรุงแก้ไขและยกร่างอนุบัญญัติกฎหมายลำดับรอง คณะที่ี ๑,นายอำนาจ พวงชมภู,1,2026-09-02 10:31:27,จิรวดี จินดาพล,กลุ่มงานกฎหมาย,กองกฎหมาย,จองสำเร็จ,2026-09-02 10:31:27
3371,2026-09-09,13:00-16:30,ห้องประชุมคณะกรรมการ,ประชุมคณะอนุกรรมการปรับปรุงแก้ไขและยกร่างอนุบัญญัติกฎหมายลำดับรอง คณะที่ี ๑,นายอำนาจ พวงชมภู,15,2026-09-02 10:30:27,จิรวดี จินดาพล,กลุ่มงานกฎหมาย,กองกฎหมาย,จองสำเร็จ,2026-09-02 10:30:27
3372,2026-09-10,08:00-17:00,ห้องไต่สวน4,ไต่สวน,,1,2026-08-10 13:16:15,รัตติกาล ณ ราช,กลุ่มงานปราบปรามการทุจริตหน่วยงานในสังกัดสำนักนายกรัฐมนตรี,กองปราบปรามการทุจริตในภาครัฐ 5,จองสำเร็จ,2026-08-10 13:16:15
3373,2026-09-10,08:00-17:00,ห้องประชุม 1 (ห้องใหญ่),"หลักสูตร ""วิชาชีพพนักงาน ป.ป.ท. ชั้นที่ 1"" รุ่นที่ 9",เลขาธิการคณะกรรมการ ป.ป.ท.,30,2026-07-14 16:03:52,ณัฏฐ์รินทร์ กรรณสูต,กลุ่มงานพัฒนาบุคลากร,สำนักงานเลขาธิการ,จองสำเร็จ,2026-07-14 16:03:52
3374,2026-09-10,09:00-17:00,ห้องไต่สวน1,ประชุมคณะอนุกรรมการไต่สวน,พล.ปิยะพล วัฒนกุล,1,2026-08-17 17:05:33,ดารณี ปฐมโยธิน,กลุ่มงานปราบปรามการทุจริตกระทรวงด้านความมั่นคง 2,กองปราบปรามการทุจริตในภาครัฐ 1,จองสำเร็จ,2026-08-17 17:05:33
3375,2026-09-10,09:00-12:00,ห้องไต่สวน2,สอบพยาน,,5,2026-09-01 11:02:42,มานพ ธงชัย,กลุ่มงานปราบปรามการทุจริตในองค์กรปกครองส่วนท้องถิ่น 2,กองปราบปรามการทุจริตในภาครัฐ 4,จองสำเร็จ,2026-09-01 11:02:42
3376,2026-09-10,09:00-16:30,ห้องไต่สวน3,ไต่สวน,,1,2026-08-26 08:50:22,พูนทรัพย์ เตชะเกียรติสุจิตร,กลุ่มงานปราบปรามการทุจริตกระทรวงด้านความมั่นคง 1,กองปราบปรามการทุจริตในภาครัฐ 1,จองสำเร็จ,2026-08-26 08:50:22
3377,2026-09-10,09:00-16:30,ห้องประชุม(ห้องเล็ก 31),ประชุมคณะทำงานพิจารณาคัดเลือกผู้แทนภาคประชาชนฯ (สปท. ป.ป.ท.),ผอ.กปก.,8,2026-08-25 21:22:31,เกศรารัตติ์ บุนนท์,กลุ่มงานเครือข่ายภาคประชาสังคมป้องกันการทุจริต,กองป้องกันการทุจริตในภาครัฐ,จองสำเร็จ,2026-08-25 21:22:31
3378,2026-09-10,09:00-12:00,Zoom Meeting Room 3,ประชุมประเมินบุคคลและผลงานฯ (ย้าย),,5,2026-09-02 15:12:56,ตติยา แก้วละเอียด,กลุ่มงานบริหารงานบุคคล,สำนักงานเลขาธิการ,จองสำเร็จ,2026-09-02 15:12:56
3379,2026-09-11,08:00-12:00,Zoom Meeting Room 1,"กิจกรรมแลกเปลี่ยนเรียนรู้ ภายในสำนักงาน ป.ป.ท. ครั้งที่ 10 : หัวข้อ ""ปลูกฝังมาตรฐานจริยธรรม สู่พฤติกรรมที่เป็นเลิศ""",พันตำรวจโทสิริพงษ์ ศรีตุลา,80,2026-08-21 09:52:54,ลินจง ดาวเรือง,กลุ่มงานบริหารงานบุคคล,สำนักงานเลขาธิการ,จองสำเร็จ,2026-08-21 09:52:54
3380,2026-09-11,08:00-16:30,ห้องไต่สวน1,สอบพยาน,นางนรินยา สุภาพพูล,4,2026-08-13 14:22:25,สาริกา หันจางสิทธิ์,กลุ่มงานปราบปรามการทุจริตในองค์กรปกครองส่วนท้องถิ่น 2,กองปราบปรามการทุจริตในภาครัฐ 4,จองสำเร็จ,2026-08-13 14:22:25
3381,2026-09-11,08:00-17:00,ห้องไต่สวน3,สอบผู้ร้อง และพยาน คดีไต่สวนชี้มูล,,1,2026-08-24 12:28:39,สุพงษ์ธนา อธิเดชไพบูลย์,กลุ่มงานปราบปรามการทุจริตในภาครัฐ 3,สำนักงานป้องกันและปราบปรามการทุจริตในภาครัฐ เขต 1,จองสำเร็จ,2026-08-24 12:28:39
3382,2026-09-11,08:00-17:00,ห้องไต่สวน4,ไต่สวน,,5,2026-08-07 13:31:57,รัตติกาล ณ ราช,กลุ่มงานปราบปรามการทุจริตหน่วยงานในสังกัดสำนักนายกรัฐมนตรี,กองปราบปรามการทุจริตในภาครัฐ 5,จองสำเร็จ,2026-08-07 13:31:57
3383,2026-09-11,08:00-12:00,ห้องประชุม(ห้องเล็ก 31),สอบปากคำพยาน,,1,2026-08-28 10:49:32,ชรินดา มีแป้น,กลุ่มงานปราบปรามการทุจริตหน่วยงานในสังกัดสำนักนายกรัฐมนตรี,กองปราบปรามการทุจริตในภาครัฐ 5,จองสำเร็จ,2026-08-28 10:49:32
3384,2026-09-11,08:00-12:30,Zoom Meeting Room 2,การประชุมคณะอนุกรรมการรณรงค์ส่งเสริมประชาสัมพันธ์ภารกิจด้านการป้องกันการทุจริต  ครั้งที่ 3/2569,นายอภินันท์ จันทรังษี,10,2026-08-27 16:10:18,กนกพร บุตรรักษ์,กลุ่มงานส่งเสริมธรรมาภิบาลในภาครัฐ,กองป้องกันการทุจริตในภาครัฐ,จองสำเร็จ,2026-08-27 16:10:18
3385,2026-09-11,08:30-17:00,ห้องไต่สวน2,ประชุมคณะอนุกรรมการไต่สวน,พล.อ.ปิยะพล วัฒนกุล,1,2026-08-17 17:06:42,ดารณี ปฐมโยธิน,กลุ่มงานปราบปรามการทุจริตกระทรวงด้านความมั่นคง 2,กองปราบปรามการทุจริตในภาครัฐ 1,จองสำเร็จ,2026-08-17 17:06:42
3386,2026-09-11,08:30-16:30,ห้องประชุม (กปท.4),สอบปากคำ,,3,2026-08-30 17:24:06,กฤษฏ์ ธวัชชัยวิสุทธิ์,กลุ่มงานปราบปรามการทุจริตหน่วยงานไม่สังกัดกระทรวง ทบวง สำนักนายกรัฐมนตรี,กองปราบปรามการทุจริตในภาครัฐ 5,จองสำเร็จ,2026-08-30 17:24:06
3387,2026-09-14,08:00-16:30,ห้องไต่สวน2,สอบพยาน,,3,2026-08-24 10:00:40,อนาวิล เกตพันธ์,กลุ่มงานปราบปรามการทุจริตในองค์กรปกครองส่วนท้องถิ่น 1,กองปราบปรามการทุจริตในภาครัฐ 4,จองสำเร็จ,2026-08-24 10:00:40
3388,2026-09-14,08:00-17:00,ห้องไต่สวน3,สอบถ้อยคำพยาน,,1,2026-08-25 13:35:38,ชรินดา มีแป้น,กลุ่มงานปราบปรามการทุจริตหน่วยงานในสังกัดสำนักนายกรัฐมนตรี,กองปราบปรามการทุจริตในภาครัฐ 5,จองสำเร็จ,2026-08-25 13:35:38
3389,2026-09-14,08:30-12:00,ห้องประชุม 2 (ห้องเล็ก),ประชุมคณะอนุกรรมการขับเคลื่อนงานป้องกันและเฝ้าระวังการทุจริต ครั้งที่ 6/2569,พลเอก อรชัย บุญสุขจิตเสรี,13,2026-08-10 16:50:04,รมณ วิริยะประกอบ,กลุ่มงานวิชาการและพัฒนานวัตกรรมด้านการป้องกัน,กองป้องกันการทุจริตในภาครัฐ,จองสำเร็จ,2026-08-10 16:51:23
3390,2026-09-14,08:30-17:00,ห้องไต่สวน1,ไต่สวน,,3,2026-07-10 15:35:24,พูนทรัพย์ เตชะเกียรติสุจิตร,กลุ่มงานปราบปรามการทุจริตกระทรวงด้านความมั่นคง 1,กองปราบปรามการทุจริตในภาครัฐ 1,จองสำเร็จ,2026-07-10 15:35:24
3391,2026-09-14,08:30-16:00,ห้องไต่สวน4,ไต่สวน,,2,2026-08-26 06:56:28,มะลิไล แก้วมาดีงาม,กลุ่มงานปราบปรามการทุจริตหน่วยงานไม่สังกัดกระทรวง ทบวง สำนักนายกรัฐมนตรี,กองปราบปรามการทุจริตในภาครัฐ 5,จองสำเร็จ,2026-08-26 06:56:28
3392,2026-09-14,08:30-12:00,ห้องประชุม 1 (ห้องใหญ่),ประชุม สปท. ป.ป.ท. ครั้งที่ 9/2569,นายเอกชัย เกษมสุขธวัช,20,2026-08-28 12:57:39,ณรากร สุขสว่าง,กลุ่มงานเครือข่ายภาคประชาสังคมป้องกันการทุจริต,กองป้องกันการทุจริตในภาครัฐ,จองสำเร็จ,2026-08-28 12:57:39
3393,2026-09-14,08:30-12:00,Zoom Meeting Room 8,ประชุม สปท. ป.ป.ท. ครั้งที่ 9/2569,นายเอกชัย เกษมสุขธวัช,15,2026-08-28 13:00:16,ณรากร สุขสว่าง,กลุ่มงานเครือข่ายภาคประชาสังคมป้องกันการทุจริต,กองป้องกันการทุจริตในภาครัฐ,จองสำเร็จ,2026-08-28 13:00:16
3394,2026-09-14,08:30-12:00,Zoom Meeting Room 9,ประชุมคณะอนุกรรมการขับเคลื่อนงานป้องกันและเฝ้าระวังการทุจริต ครั้งที่ 6/2569,พลเอก อรชัย บุญสุขจิตเสรี,13,2026-08-10 16:51:03,รมณ วิริยะประกอบ,กลุ่มงานวิชาการและพัฒนานวัตกรรมด้านการป้องกัน,กองป้องกันการทุจริตในภาครัฐ,จองสำเร็จ,2026-08-10 16:51:03
3395,2026-09-14,13:00-17:00,ห้องประชุม 2 (ห้องเล็ก),ประชุมคณะอนุกรรมการขับเคลื่อนงานป้องกันและเฝ้าระวังการทุจริต,พล.อ.อรชัย บุญสุขจิตเสรี,10,2026-08-27 15:43:49,นิติพงศ์ รัตนสุภา,กลุ่มงานวิชาการและพัฒนานวัตกรรมด้านการป้องกัน,กองป้องกันการทุจริตในภาครัฐ,จองสำเร็จ,2026-08-27 15:43:49
3396,2026-09-14,13:00-17:00,Zoom Meeting Room 9,ประชุมคณะอนุกรรมการขับเคลื่อนงานป้องกันและเฝ้าระวังการทุจริต,พล.อ.อรชัย บุญสุขจิตเสรี,10,2026-08-27 15:46:26,นิติพงศ์ รัตนสุภา,กลุ่มงานวิชาการและพัฒนานวัตกรรมด้านการป้องกัน,กองป้องกันการทุจริตในภาครัฐ,จองสำเร็จ,2026-08-27 15:46:26
3397,2026-09-15,08:00-17:00,ห้องไต่สวน3,สอบพยาน,,1,2026-08-21 14:28:16,นวพร ปั้นจันทร์,กลุ่มงานปราบปรามการทุจริตหน่วยงานในสังกัดสำนักนายกรัฐมนตรี,กองปราบปรามการทุจริตในภาครัฐ 5,จองสำเร็จ,2026-08-21 14:28:16
3398,2026-09-15,08:00-17:00,ห้องไต่สวน4,ไต่สวนข้อเท็จจริง,,1,2026-08-28 09:38:35,เพชรรพี จรัสเจษฎา,กลุ่มงานปราบปรามการทุจริตหน่วยงานในสังกัดสำนักนายกรัฐมนตรี,กองปราบปรามการทุจริตในภาครัฐ 5,จองสำเร็จ,2026-08-28 09:38:35
3399,2026-09-15,08:30-17:00,ห้องไต่สวน1,ไต่สวน,,3,2026-07-10 15:35:56,พูนทรัพย์ เตชะเกียรติสุจิตร,กลุ่มงานปราบปรามการทุจริตกระทรวงด้านความมั่นคง 1,กองปราบปรามการทุจริตในภาครัฐ 1,จองสำเร็จ,2026-07-10 15:35:56
3400,2026-09-15,08:30-16:30,ห้องไต่สวน2,สอบพยาน,,3,2026-08-24 10:01:33,อนาวิล เกตพันธ์,กลุ่มงานปราบปรามการทุจริตในองค์กรปกครองส่วนท้องถิ่น 1,กองปราบปรามการทุจริตในภาครัฐ 4,จองสำเร็จ,2026-08-24 10:01:33
3401,2026-09-15,08:30-12:00,OneConferenceRoom 1,ประชุมคณะกรรมการ ป.ป.ท. ประจำเดือนกันยายน 2569 ครั้งที่ 68/2569,,19,2026-08-22 19:59:07,ลลิตตา พานิชผล,กลุ่มงานบริหารคดีและบริหารทั่วไป,กองบริหารคดี,จองสำเร็จ,2026-08-22 19:59:07
3402,2026-09-15,12:00-16:30,ห้องประชุม 1 (ห้องใหญ่),ประชุมคณะอนุกรรมการพิจารณาคัดเลือกผู้แทนจากภาคเอกชนฯ (สปท. ป.ป.ท.) ครั้งที่ 2/2569,รองเลขาธิการคณะกรรมการ ป.ป.ท. (นายเอกชัย เกษมสุขธวัช),10,2026-08-25 21:26:57,เกศรารัตติ์ บุนนท์,กลุ่มงานเครือข่ายภาคประชาสังคมป้องกันการทุจริต,กองป้องกันการทุจริตในภาครัฐ,จองสำเร็จ,2026-08-25 21:26:57
3403,2026-09-15,12:00-16:30,Zoom Meeting Room 8,ประชุมคณะอนุกรรมการพิจารณาคัดเลือกผู้แทนจากภาคเอกชนฯ (สปท. ป.ป.ท.) ครั้งที่ 2/2569,รองเลขาธิการคณะกรรมการ ป.ป.ท. (นายเอกชัย เกษมสุขธวัช),10,2026-08-25 21:26:57,เกศรารัตติ์ บุนนท์,กลุ่มงานเครือข่ายภาคประชาสังคมป้องกันการทุจริต,กองป้องกันการทุจริตในภาครัฐ,จองสำเร็จ,2026-08-25 21:26:57
3404,2026-09-16,08:00-17:00,ห้องไต่สวน3,สอบพยาน,,1,2026-08-21 14:29:00,นวพร ปั้นจันทร์,กลุ่มงานปราบปรามการทุจริตหน่วยงานในสังกัดสำนักนายกรัฐมนตรี,กองปราบปรามการทุจริตในภาครัฐ 5,จองสำเร็จ,2026-08-21 14:29:00
3405,2026-09-16,08:30-12:30,OneConferenceRoom 1,ประชุมคณะกรรมการ ป.ป.ท. ประจำเดือนกันยายน 2569 ครั้งที่ 69/2569,,19,2026-08-22 20:01:39,ลลิตตา พานิชผล,กลุ่มงานบริหารคดีและบริหารทั่วไป,กองบริหารคดี,จองสำเร็จ,2026-08-22 20:01:39
3406,2026-09-16,08:30-12:30,ห้องประชุมคณะกรรมการ,ประชุมคณะกรรมการ ป.ป.ท. ประจำเดือนกันยายน 2569 ครั้งที่ 69/2569,,21,2026-08-22 20:01:07,ลลิตตา พานิชผล,กลุ่มงานบริหารคดีและบริหารทั่วไป,กองบริหารคดี,จองสำเร็จ,2026-08-22 20:01:07
3407,2026-09-16,09:00-17:00,ห้องไต่สวน1,ไต่สวน,,3,2026-07-10 15:36:28,พูนทรัพย์ เตชะเกียรติสุจิตร,กลุ่มงานปราบปรามการทุจริตกระทรวงด้านความมั่นคง 1,กองปราบปรามการทุจริตในภาครัฐ 1,จองสำเร็จ,2026-07-10 15:36:28
3408,2026-09-16,12:30-17:00,ห้องประชุม 2 (ห้องเล็ก),ประชุมอนุเงินเพิ่มฯ ครั้งที่ 7/2569,,20,2026-09-03 09:38:22,อธิวัฒน์ ธัมมารัตน์นนท์,กลุ่มงานบริหารงานบุคคล,สำนักงานเลขาธิการ,จองสำเร็จ,2026-09-03 09:38:22
3409,2026-09-16,12:30-17:00,Zoom Meeting Room 9,ประชุมอนุเงินเพิ่มฯ ครั้งที่ 7/2569,,10,2026-09-03 09:39:16,อธิวัฒน์ ธัมมารัตน์นนท์,กลุ่มงานบริหารงานบุคคล,สำนักงานเลขาธิการ,จองสำเร็จ,2026-09-03 09:39:16
3410,2026-09-17,08:30-16:00,ห้องประชุม 2 (ห้องเล็ก),ประชุมคณะอนุกรรมการพิจารณากลั่นกรองฯ คณะที่ 7,นายพิพัฒน์ วงศาโรจน์,9,2026-08-13 13:58:16,ศิริวิมล พิมพ์โคตร,กลุ่มงานกิจการคณะกรรมการ,กองบริหารคดี,จองสำเร็จ,2026-08-13 13:58:16
3411,2026-09-17,08:30-17:00,ห้องไต่สวน1,ไต่สวน,,3,2026-07-10 15:36:53,พูนทรัพย์ เตชะเกียรติสุจิตร,กลุ่มงานปราบปรามการทุจริตกระทรวงด้านความมั่นคง 1,กองปราบปรามการทุจริตในภาครัฐ 1,จองสำเร็จ,2026-07-10 15:36:53
3412,2026-09-17,09:30-16:30,ห้องประชุม 1 (ห้องใหญ่),ประชุมคณะทำงานป้องปราม กปท.1,สุภาพ ศิริ,1,2026-08-17 14:33:51,วรรณฉวี ชื้นจะบก,กลุ่มงานปราบปรามการทุจริตกระทรวงด้านความมั่นคง 2,กองปราบปรามการทุจริตในภาครัฐ 1,จองสำเร็จ,2026-08-17 14:33:51
3413,2026-09-18,08:30-17:00,ห้องไต่สวน1,ไต่สวน,,1,2026-07-10 15:37:19,พูนทรัพย์ เตชะเกียรติสุจิตร,กลุ่มงานปราบปรามการทุจริตกระทรวงด้านความมั่นคง 1,กองปราบปรามการทุจริตในภาครัฐ 1,จองสำเร็จ,2026-07-10 15:37:19
3414,2026-09-18,08:30-16:30,ห้องไต่สวน2,แจ้งข้อกล่าวหา,,1,2026-08-21 13:20:57,สหราช เกษอินทร์,กลุ่มงานปราบปรามการทุจริตในองค์กรปกครองส่วนท้องถิ่น 1,กองปราบปรามการทุจริตในภาครัฐ 4,จองสำเร็จ,2026-08-21 13:20:57
3415,2026-09-18,08:30-16:30,ห้องไต่สวน4,ไต่สวน,,5,2026-08-27 13:50:04,วิชาญ พิเนตรเสถียร,กลุ่มงานปราบปรามการทุจริตหน่วยงานไม่สังกัดกระทรวง ทบวง สำนักนายกรัฐมนตรี,กองปราบปรามการทุจริตในภาครัฐ 5,จองสำเร็จ,2026-08-27 13:50:04
3416,2026-09-18,08:30-16:30,ห้องประชุมคณะกรรมการ,ประชุมคณะอนุกรรมการกลั่นกรองฯ คณะที่ 3 ครั้งที่ 6-6/2569,นายภาส ภาสสัทธา,9,2026-08-21 09:37:32,นงค์ลักษณ์ ยั่งยืน,กลุ่มงานคำวินิจฉัยและมติคณะกรรมการ,กองบริหารคดี,จองสำเร็จ,2026-08-21 09:37:32
3417,2026-09-18,09:00-15:00,ห้องประชุม 2 (ห้องเล็ก),ประชุมคณะอนุกรรมการกลั่นกรองฯ คณะที่ 1,พลโท นพพร โควหกุล ประธานอนุกรรมการฯ,9,2026-08-24 08:33:33,ปิยะนุช ชูเมือง,กลุ่มงานคำวินิจฉัยและมติคณะกรรมการ,กองบริหารคดี,จองสำเร็จ,2026-08-24 08:33:33
3418,2026-09-18,09:00-15:00,OneConferenceRoom 1,ประชุมคณะอนุกรรมการกลั่นกรองฯ คณะที่ 1,พลโท นพพร โควหกุล ประธานอนุกรรมการฯ,9,2026-08-24 08:38:22,ปิยะนุช ชูเมือง,กลุ่มงานคำวินิจฉัยและมติคณะกรรมการ,กองบริหารคดี,จองสำเร็จ,2026-08-24 08:38:22
3419,2026-09-21,09:00-17:00,ห้องไต่สวน1,ไต่สวน,,3,2026-08-14 17:17:50,พูนทรัพย์ เตชะเกียรติสุจิตร,กลุ่มงานปราบปรามการทุจริตกระทรวงด้านความมั่นคง 1,กองปราบปรามการทุจริตในภาครัฐ 1,จองสำเร็จ,2026-08-14 17:17:50
3420,2026-09-22,08:00-17:00,ห้องไต่สวน3,สอบถ้อยคำพยาน,,1,2026-09-02 16:45:19,ชรินดา มีแป้น,กลุ่มงานปราบปรามการทุจริตหน่วยงานในสังกัดสำนักนายกรัฐมนตรี,กองปราบปรามการทุจริตในภาครัฐ 5,จองสำเร็จ,2026-09-02 16:45:19
3421,2026-09-22,08:30-12:30,OneConferenceRoom 2,ประชุมคณะกรรมการ ป.ป.ท. ประจำเดือนกันยายน 2569 ครั้งที่ 70/2569,,19,2026-08-22 20:03:42,ลลิตตา พานิชผล,กลุ่มงานบริหารคดีและบริหารทั่วไป,กองบริหารคดี,จองสำเร็จ,2026-08-22 20:03:42
3422,2026-09-22,08:30-12:30,ห้องประชุมคณะกรรมการ,ประชุมคณะกรรมการ ป.ป.ท. ประจำเดือนกันยายน 2569 ครั้งที่ 70/2569,,19,2026-08-22 20:02:19,ลลิตตา พานิชผล,กลุ่มงานบริหารคดีและบริหารทั่วไป,กองบริหารคดี,จองสำเร็จ,2026-08-22 20:02:19
3423,2026-09-22,09:00-17:00,ห้องไต่สวน1,ไต่สวน,,3,2026-08-14 17:18:32,พูนทรัพย์ เตชะเกียรติสุจิตร,กลุ่มงานปราบปรามการทุจริตกระทรวงด้านความมั่นคง 1,กองปราบปรามการทุจริตในภาครัฐ 1,จองสำเร็จ,2026-08-14 17:18:32
3424,2026-09-22,09:30-16:30,ห้องประชุม 2 (ห้องเล็ก),ประชุมคณะอนุกรรมการกลั่นกรองฯ คณะที่ 2 ครั้งที่ 6-6/2569,นายพิทักษ์ คงจันทร์,9,2026-08-19 15:44:52,ฤาฤทธิ์ เริงสมุทร์,กลุ่มงานคำวินิจฉัยและมติคณะกรรมการ,กองบริหารคดี,จองสำเร็จ,2026-08-19 15:44:52
3425,2026-09-22,09:30-16:30,OneConferenceRoom 1,ประชุมคณะอนุกรรมการกลั่นกรองฯ คณะที่ 2 ครั้งที่ 6-6/2569,นายพิทักษ์ คงจันทร์,9,2026-08-19 15:44:52,ฤาฤทธิ์ เริงสมุทร์,กลุ่มงานคำวินิจฉัยและมติคณะกรรมการ,กองบริหารคดี,จองสำเร็จ,2026-08-19 15:44:52
3426,2026-09-22,13:00-16:30,OneConferenceRoom 3,ประชุมคณะอนุกรรมการสนับสนุนฯ คณะที่ 2 ครั้งที่ 67-9/2569,พันตำรวจโท ชัยวิณ เสมาทอง,13,2026-08-26 11:26:02,กฤติยาวดี ณ ถลาง,กลุ่มงานกิจการคณะกรรมการ,กองบริหารคดี,จองสำเร็จ,2026-08-26 11:26:02
3427,2026-09-22,13:00-16:30,ห้องประชุมคณะกรรมการ,ประชุมคณะอนุกรรมการสนับสนุนฯ คณะที่ 2 ครั้งที่ 67-9/2569,พันตำรวจโท ชัยวิณ เสมาทอง,13,2026-08-26 11:26:02,กฤติยาวดี ณ ถลาง,กลุ่มงานกิจการคณะกรรมการ,กองบริหารคดี,จองสำเร็จ,2026-08-26 11:26:02
3428,2026-09-23,08:30-16:30,ห้องไต่สวน2,สอบพยาน,,1,2026-09-01 15:08:29,นรินยา สุภาพพูล,กลุ่มงานปราบปรามการทุจริตในองค์กรปกครองส่วนท้องถิ่น 2,กองปราบปรามการทุจริตในภาครัฐ 4,จองสำเร็จ,2026-09-01 15:08:29
3429,2026-09-23,08:30-12:30,OneConferenceRoom 1,ประชุมคณะกรรมการ ป.ป.ท. ประจำเดือนกันยายน 2569 ครั้งที่ 71/2569,,19,2026-08-22 20:05:02,ลลิตตา พานิชผล,กลุ่มงานบริหารคดีและบริหารทั่วไป,กองบริหารคดี,จองสำเร็จ,2026-08-22 20:05:02
3430,2026-09-23,08:30-12:00,ห้องประชุมคณะกรรมการ,ประชุมคณะกรรมการ ป.ป.ท. ประจำเดือนกันยายน 2569 ครั้งที่ 71/2569,,19,2026-08-22 20:04:22,ลลิตตา พานิชผล,กลุ่มงานบริหารคดีและบริหารทั่วไป,กองบริหารคดี,จองสำเร็จ,2026-08-22 20:04:22
3431,2026-09-23,09:00-17:00,ห้องไต่สวน1,ไต่สวน,,3,2026-08-14 17:18:56,พูนทรัพย์ เตชะเกียรติสุจิตร,กลุ่มงานปราบปรามการทุจริตกระทรวงด้านความมั่นคง 1,กองปราบปรามการทุจริตในภาครัฐ 1,จองสำเร็จ,2026-08-14 17:18:56
3432,2026-09-24,08:00-12:30,ห้องประชุมคณะกรรมการ,ประชุมคณะอนุกรรมการพิจารณากลั่นกรองข้อเท็จจริง กรณีหน่วยงาน ก.พ.ค. ส่งคำวินิจฉัยเพื่อพิจารณาทบทวนมติคณะกรรมการ ป.ป.ท. ที่ชี้มูลความผิดทางวินัย ครั้งที่ 3/2569,นายอดิศักดิ์ ปัตรวลี,7,2026-08-27 09:01:46,อนุวรรณ ทองหัตถา,กลุ่มงานบริหารติดตามคดี,กองบริหารคดี,จองสำเร็จ,2026-08-27 09:01:46
3433,2026-09-24,08:30-16:30,ห้องประชุม 2 (ห้องเล็ก),ประชุมคณะอนุกรรมการกลั่นกรองฯ คณะที่ 6 ครั้งที่ 7-7/2569,พลตำรวจตรี นพรัตน์ รินทพล,9,2026-08-28 13:06:23,นงค์ลักษณ์ ยั่งยืน,กลุ่มงานคำวินิจฉัยและมติคณะกรรมการ,กองบริหารคดี,จองสำเร็จ,2026-09-01 14:23:28
3434,2026-09-24,08:30-16:30,ห้องไต่สวน2,สอบพยาน,,1,2026-09-01 15:07:11,นรินยา สุภาพพูล,กลุ่มงานปราบปรามการทุจริตในองค์กรปกครองส่วนท้องถิ่น 2,กองปราบปรามการทุจริตในภาครัฐ 4,จองสำเร็จ,2026-09-01 15:07:11
3435,2026-09-24,08:30-16:30,ห้องไต่สวน4,ไต่สวน,,5,2026-08-28 09:48:19,วิชาญ พิเนตรเสถียร,กลุ่มงานปราบปรามการทุจริตหน่วยงานไม่สังกัดกระทรวง ทบวง สำนักนายกรัฐมนตรี,กองปราบปรามการทุจริตในภาครัฐ 5,จองสำเร็จ,2026-08-28 09:48:19
3436,2026-09-25,08:30-17:00,ห้องไต่สวน4,ไต่สวน,พันตำรวจเอก ประหยัด เงางาม,6,2026-07-24 11:12:52,ตระกูล บุญทัน,กลุ่มงานปราบปรามการทุจริตหน่วยงานในสังกัดสำนักนายกรัฐมนตรี,กองปราบปรามการทุจริตในภาครัฐ 5,จองสำเร็จ,2026-07-24 11:12:52
3437,2026-09-25,09:00-16:30,OneConferenceRoom 1,การประชุมคณะอนุกรรมการกลั่นกรองฯ คณะที่ 8,นายอดิศักดิ์ ปัตรวลี,9,2026-08-03 09:21:59,ณัฐฐพิชา นาวินธรรม,กลุ่มงานคำวินิจฉัยและมติคณะกรรมการ,กองบริหารคดี,จองสำเร็จ,2026-08-03 09:21:59
3438,2026-09-25,09:00-16:30,ห้องประชุมคณะกรรมการ,การประชุมคณะอนุกรรมการกลั่นกรองฯ คณะที่ 8,นายอดิศักดิ์ ปัตรวลี,9,2026-08-03 09:21:59,ณัฐฐพิชา นาวินธรรม,กลุ่มงานคำวินิจฉัยและมติคณะกรรมการ,กองบริหารคดี,จองสำเร็จ,2026-08-03 09:21:59
3439,2026-09-28,08:30-16:30,ห้องไต่สวน4,ไต่สวน,พันตำรวจเอก ประหยัดเงามงาม,7,2026-07-24 11:14:55,ตระกูล บุญทัน,กลุ่มงานปราบปรามการทุจริตหน่วยงานในสังกัดสำนักนายกรัฐมนตรี,กองปราบปรามการทุจริตในภาครัฐ 5,จองสำเร็จ,2026-07-24 11:14:55
3440,2026-09-28,09:30-16:30,ห้องประชุมคณะกรรมการ,ประชุมคณะอนุกรรมการกลั่นกรองฯ คณะที่ 5 ครั้งที่ 7-7/2569,นายประพาฬ อนมาน,1,2026-08-24 15:15:09,พิศาล เฝื่อชาติ,กลุ่มงานคำวินิจฉัยและมติคณะกรรมการ,กองบริหารคดี,จองสำเร็จ,2026-08-24 15:15:09
3441,2026-09-28,12:00-16:30,ห้องไต่สวน2,สอบพยาน,พ.ต.ท.ทนง,1,2026-09-02 13:20:11,นรินยา สุภาพพูล,กลุ่มงานปราบปรามการทุจริตในองค์กรปกครองส่วนท้องถิ่น 2,กองปราบปรามการทุจริตในภาครัฐ 4,จองสำเร็จ,2026-09-02 13:20:11
3442,2026-09-29,08:00-12:00,ห้องประชุม 2 (ห้องเล็ก),ประชุม คกก. กลั่นกรอง,พ.ต.ท.สิริพงษ์ ศรีตุลา,1,2026-08-25 18:20:16,พัชร์ณิษา ภูมิพิริยะไชย,กลุ่มงานบริหารงานบุคคล,สำนักงานเลขาธิการ,จองสำเร็จ,2026-08-25 18:20:16
3443,2026-09-29,08:30-12:30,OneConferenceRoom 1,ประชุมคณะกรรมการ ป.ป.ท. ประจำเดือนกันยายน 2569 ครั้งที่ 72/2569,,19,2026-08-22 20:06:11,ลลิตตา พานิชผล,กลุ่มงานบริหารคดีและบริหารทั่วไป,กองบริหารคดี,จองสำเร็จ,2026-08-22 20:06:11
3444,2026-09-29,08:30-12:30,ห้องประชุมคณะกรรมการ,ประชุมคณะกรรมการ ป.ป.ท. ประจำเดือนกันยายน 2569 ครั้งที่ 72/2569,,19,2026-08-22 20:05:39,ลลิตตา พานิชผล,กลุ่มงานบริหารคดีและบริหารทั่วไป,กองบริหารคดี,จองสำเร็จ,2026-08-22 20:05:39
3445,2026-09-30,08:30-12:30,OneConferenceRoom 1,ประชุมคณะกรรมการ ป.ป.ท. ประจำเดือนกันยายน 2569 ครั้งที่ 73/2569,,19,2026-08-22 20:07:37,ลลิตตา พานิชผล,กลุ่มงานบริหารคดีและบริหารทั่วไป,กองบริหารคดี,จองสำเร็จ,2026-08-22 20:07:37
3446,2026-09-30,08:30-12:30,ห้องประชุมคณะกรรมการ,ประชุมคณะกรรมการ ป.ป.ท. ประจำเดือนกันยายน 2569 ครั้งที่ 73/2569,,19,2026-08-22 20:07:09,ลลิตตา พานิชผล,กลุ่มงานบริหารคดีและบริหารทั่วไป,กองบริหารคดี,จองสำเร็จ,2026-08-22 20:07:09
3447,2026-10-08,08:00-17:00,ห้องไต่สวน4,สอบพยาน,,1,2026-09-02 14:16:25,พงศ์ศักดิ์ น้ำขาว,กลุ่มงานปราบปรามการทุจริตหน่วยงานไม่สังกัดกระทรวง ทบวง สำนักนายกรัฐมนตรี,กองปราบปรามการทุจริตในภาครัฐ 5,จองสำเร็จ,2026-09-02 14:16:25
3448,2026-10-09,08:00-17:00,ห้องประชุม 2 (ห้องเล็ก),ประชุม คกก. กลั่นกรอง,พ.ต.ท.สิริพงษ์ ศรีตุลา,1,2026-08-25 18:22:53,พัชร์ณิษา ภูมิพิริยะไชย,กลุ่มงานบริหารงานบุคคล,สำนักงานเลขาธิการ,จองสำเร็จ,2026-08-25 18:22:53
3449,2026-10-09,09:00-16:30,ห้องไต่สวน4,สอบพยาน,-,2,2026-09-02 14:18:41,พงศ์ศักดิ์ น้ำขาว,กลุ่มงานปราบปรามการทุจริตหน่วยงานไม่สังกัดกระทรวง ทบวง สำนักนายกรัฐมนตรี,กองปราบปรามการทุจริตในภาครัฐ 5,จองสำเร็จ,2026-09-02 14:18:41
3450,2026-10-14,09:00-16:30,ห้องไต่สวน4,สอบพยาน,-,2,2026-09-02 14:21:08,พงศ์ศักดิ์ น้ำขาว,กลุ่มงานปราบปรามการทุจริตหน่วยงานไม่สังกัดกระทรวง ทบวง สำนักนายกรัฐมนตรี,กองปราบปรามการทุจริตในภาครัฐ 5,จองสำเร็จ,2026-09-02 14:21:08
3451,2026-10-15,08:30-16:30,ห้องไต่สวน4,สอบพยาน,-,2,2026-09-02 14:22:22,พงศ์ศักดิ์ น้ำขาว,กลุ่มงานปราบปรามการทุจริตหน่วยงานไม่สังกัดกระทรวง ทบวง สำนักนายกรัฐมนตรี,กองปราบปรามการทุจริตในภาครัฐ 5,จองสำเร็จ,2026-09-02 14:22:22
3452,2026-10-16,08:30-16:30,ห้องไต่สวน4,ไต่สวนพยาน,-,2,2026-09-02 14:23:23,พงศ์ศักดิ์ น้ำขาว,กลุ่มงานปราบปรามการทุจริตหน่วยงานไม่สังกัดกระทรวง ทบวง สำนักนายกรัฐมนตรี,กองปราบปรามการทุจริตในภาครัฐ 5,จองสำเร็จ,2026-09-02 14:23:23
3453,2026-10-29,08:00-12:30,ห้องประชุมคณะกรรมการ,ประชุมคณะอนุกรรมการพิจารณากลั่นกรองข้อเท็จจริง กรณีหน่วยงาน ก.พ.ค. ส่งคำวินิจฉัยเพื่อพิจารณาทบทวนมติคณะกรรมการ ป.ป.ท. ที่ชี้มูลความผิดทางวินัย ครั้งที่ 4/2569,นายอดิศักดิ์ ปัตรวลี,7,2026-08-27 12:45:28,อนุวรรณ ทองหัตถา,กลุ่มงานบริหารติดตามคดี,กองบริหารคดี,จองสำเร็จ,2026-08-27 12:45:28
3454,2026-10-30,09:00-16:30,OneConferenceRoom 1,การประชุมคณะอนุกรรมการกลั่นกรองฯ คณะที่ 8,นายอดิศักดิ์ ปัตรวลี,9,2026-08-28 16:35:56,ณัฐฐพิชา นาวินธรรม,กลุ่มงานคำวินิจฉัยและมติคณะกรรมการ,กองบริหารคดี,จองสำเร็จ,2026-08-28 16:35:56
3455,2026-10-30,09:00-16:30,ห้องประชุมคณะกรรมการ,การประชุมคณะอนุกรรมการกลั่นกรองฯ คณะที่ 8,นายอดิศักดิ์ ปัตรวลี,9,2026-08-28 16:35:56,ณัฐฐพิชา นาวินธรรม,กลุ่มงานคำวินิจฉัยและมติคณะกรรมการ,กองบริหารคดี,จองสำเร็จ,2026-08-28 16:35:56
,,,,,,,,,,,,
